{
    "format_version": "1.21.60",
    "minecraft:item": {
        "description": {
            "identifier": "lifeboat_ta:engineer_shoes",
            "menu_category": {
                "category": "equipment",
                "group": "minecraft:itemGroup.name.boots"
            }
        },
        "components": {
            "minecraft:icon": "lb.engineer_shoes",
            "minecraft:max_stack_size": 1,
            "minecraft:enchantable": {
                "value": 10,
                "slot": "armor_feet"
            },
            "minecraft:repairable": {
                "repair_items": [
                    {
                        "items": ["minecraft:leather"],
                        "repair_amount": "context.other->q.remaining_durability + 0.05 * context.other->q.max_durability"
                    }
                ]
            },
            "minecraft:wearable": {
                "slot": "slot.armor.feet",
                "protection": 1
            },
            "minecraft:durability": {
                "max_durability": 65
            }
        }
    }
}