{
    "format_version": "1.8.0",
    "minecraft:attachable": {
        "description": {
            "identifier": "lifeboat_ta:conductor_vest",
            "materials": {
                "default": "armor",
                "enchanted": "armor_enchanted"
            },
            "textures": {
                "default": "textures/lifeboat/TA/entity/conductor/conductor_vest",
                "enchanted": "textures/misc/enchanted_actor_glint"
            },
            "geometry": {
                "default": "geometry.lifeboat_ta_conductor_vest"
            },
            "scripts": {
                "parent_setup": "v.chest_layer_visible = 0.0;"
            },
            "render_controllers": ["controller.render.armor"]
        }
    }
}