{
  "pools": [
      {
          "rolls": 1,
          "entries": [
              {
                  "type": "item",
                  "name": "minecraft:cherry_log", 
                  "weight": 1,
                  "functions": [
                      {
                          "function": "set_count", 
                          "count": {
                              "min": 4,
                              "max": 4
                          }
                      }
                  ]
              }
          ]
      }
  ]
}