{
    "format_version": "1.19.0",
    "minecraft:entity": {
        "description": {
            "identifier": "lifeboat_ta:aqua_trainvagon",
            "is_spawnable": false,
            "is_summonable": true,
            "is_experimental": false,
            "properties": {
                "lifeboat_ta:liquid_type": {
                    "type": "int",
                    "client_sync": true,
                    "range": [
                        0,
                        3
                    ],
                    "default": 0
                },
                "lifeboat_ta:liquid_level": {
                    "type": "int",
                    "client_sync": true,
                    "range": [
                        0,
                        12
                    ],
                    "default": 0
                },
                "lb_ta:forward": {
                    "type":"bool",
                    "client_sync": true,
                    "default": true
                }
            },
            "animations": {
                "sounds": "animation.lb_ta_train_movement_sound"
            },
            "scripts": {
                "animate": [
                    {"sounds": "query.is_moving"}
                ]
            }
        },
        "component_groups": {
            "despawn": {
                "minecraft:spawn_entity": {
                    "entities": [
                        {
                            "min_wait_time": 0,
                            "max_wait_time": 0,
                            "single_use": true,
                            "spawn_item": "lifeboat_ta:aqua_trainvagon_item",
                            "spawn_sound": "plop"
                        }
                    ]
                },
                "minecraft:instant_despawn": {
                    "remove_child_entities": false
                }
            },
            "connected_summon": {
                "minecraft:variant": {
                    "value": 1
                }
            },
            "lifeboat_ta:train_green": {
                "minecraft:color": {
                    "value": 13
                }
            }
        },
        "events": {
            "minecraft:entity_spawned": {
                "add": {
                    "component_groups": [
                        "lifeboat_ta:train_green"
                    ]
                }
            },
            "water_tank": {
                "set_property": {
                    "lifeboat_ta:liquid_type": 1,
                    "lifeboat_ta:liquid_level": 1
                }
            },
            "lava_tank": {
                "set_property": {
                    "lifeboat_ta:liquid_type": 2,
                    "lifeboat_ta:liquid_level": 1
                }
            },
            "milk_tank": {
                "set_property": {
                    "lifeboat_ta:liquid_type": 3,
                    "lifeboat_ta:liquid_level": 1
                }
            },
            "add_liquid": {
                "set_property": {
                    "lifeboat_ta:liquid_level": "query.property('lifeboat_ta:liquid_level') + 1"
                }
            },
            "remove_liquid": {
                "set_property": {
                    "lifeboat_ta:liquid_level": "query.property('lifeboat_ta:liquid_level') - 1"
                }
            },
            "empty_tank": {
                "set_property": {
                    "lifeboat_ta:liquid_type": 0,
                    "lifeboat_ta:liquid_level": 0
                }
            },
            "despawn": {
                "add": {
                    "component_groups": [
                        "despawn"
                    ]
                }
            }
        },
        "components": {
            "minecraft:fire_immune": {
            },
            "minecraft:tick_world": {
				"never_despawn": true
			},
			"minecraft:health": {
				"value": 1
			},
            "minecraft:damage_sensor": {
                "triggers": [
                    {
                        "on_damage":{
                            "event": "punch",
                            "target": "self",
                            "filters": [
                                {
                                    "any_of": [
                                        {
                                            "test": "is_riding",
                                            "subject": "player",
                                            "value": true
                                        },
                                        {
                                            "test": "is_family",
                                            "subject": "other",
                                            "value": "mob"                                
                                        }                               
                                
                                    ],
                                    "none_of": [
                                        {                                        
                                            "test": "is_family",
                                            "subject": "other",
                                            "value": "warden"
                                        },
                                        {                                        
                                            "test": "is_family",
                                            "subject": "other",
                                            "value": "ghast"
                                        },
                                        {                                        
                                            "test": "is_family",
                                            "subject": "other",
                                            "value": "wither"
                                        },
                                        {                                        
                                            "test": "is_family",
                                            "subject": "other",
                                            "value": "dragon"
                                        },
                                        {                                        
                                            "test": "is_family",
                                            "subject": "other",
                                            "value": "tnt"
                                        }
                                    ]
                                }
                            ]
                        },
                        "deals_damage": false
                    },
                    {
                        "on_damage": {
                            "filters": {
                                "none_of": [
                                    {
                                        "all_of": [
                                            {
                                                "test": "is_family",
                                                "subject": "other",
                                                "value": "player"
                                            },
                                            {
                                                "test": "has_equipment",
                                                "operator": "==",
                                                "subject": "player",
                                                "domain": "hand",
                                                "value": "lifeboat_ta:coupling_tool"
                                            }
                                        ]
                                    },
                                    {
                                        "all_of": [
                                            {
                                                "test": "is_family",
                                                "subject": "other",
                                                "value": "player"
                                            },
                                            {
                                                "test": "has_equipment",
                                                "operator": "==",
                                                "subject": "player",
                                                "domain": "hand",
                                                "value": "lifeboat_ta:decoupling_tool"
                                            }
                                        ]
                                    },
									{
										"test": "is_riding",
										"subject": "player",
										"value": true
									}
                                ]
                            },
                            "event": "despawn",
                            "target": "self"
                        },
                        "deals_damage": false
                    },
                    {
                        "cause": "void",
                        "deals_damage": true
                    },
                    {
                        "cause": "all",
                        "deals_damage": false
                    }
                ]
            },
            "minecraft:type_family": {
                "family": [
                    "lb_ta_train",
                    "lb_ta_wagon",
					"minecart"
                ]
            },
            "minecraft:rail_movement": {
                "max_speed": 0.4
            },
            "minecraft:custom_hit_test": {
                "hitboxes": [
                    {
                        "width": 2,
                        "height": 1.5,
                        "pivot": [
                            0,
                            0.5,
                            0
                        ]
                    }
                ]
            },
            "minecraft:is_dyeable": {
                "interact_text": "action.interact.dye"
            },
            "minecraft:collision_box": {
                "width": 0.98,
                "height": 0.7
            },
            "minecraft:variant": {
                "value": 0
            },
            "minecraft:rail_sensor": {
                "eject_on_activate": true
            },
            "minecraft:leashable": {
                "soft_distance": 0,
                "hard_distance": 7,
                "max_distance": 100,
                "can_be_stolen": false
            },
            "minecraft:nameable": {},
            "minecraft:pushable": {
                "is_pushable": true,
                "is_pushable_by_piston": false
            },
            "minecraft:is_stackable": {},
            "minecraft:physics": {
                "has_gravity": false
            },
            "minecraft:conditional_bandwidth_optimization": {
                "default_values": {
                    "max_optimized_distance": 60,
                    "max_dropped_ticks": 20,
                    "use_motion_prediction_hints": true
                },
                "conditional_values": [
                    {
                        "max_optimized_distance": 0,
                        "max_dropped_ticks": 0,
                        "conditional_values": [
                            {
                                "test": "is_moving",
                                "subject": "self",
                                "operator": "==",
                                "value": true
                            }
                        ]
                    }
                ]
            },
            "minecraft:interact": {
                "interactions": [
                    {
                        "on_interact": {
                            "filters": {
                                "all_of": [
                                    {
                                        "test": "is_family",
                                        "subject": "other",
                                        "value": "player"
                                    },
                                    {
                                        "test": "has_equipment",
                                        "subject": "other",
                                        "domain": "hand",
                                        "value": "water_bucket"
                                    },
                                    {
                                        "test": "int_property",
                                        "subject": "self",
                                        "domain": "lifeboat_ta:liquid_type",
                                        "value": 0,
                                        "operator": "=="
                                    },
                                    {
                                        "test": "int_property",
                                        "subject": "self",
                                        "domain": "lifeboat_ta:liquid_level",
                                        "value": 0,
                                        "operator": "=="
                                    }
                                ]
                            },
                            "event": "water_tank",
                            "target": "self"
                        },
                        "use_item": true,
                        "transform_to_item": "bucket:0"
                    },
                    {
                        "on_interact": {
                            "filters": {
                                "all_of": [
                                    {
                                        "test": "is_family",
                                        "subject": "other",
                                        "value": "player"
                                    },
                                    {
                                        "test": "has_equipment",
                                        "subject": "other",
                                        "domain": "hand",
                                        "value": "water_bucket"
                                    },
                                    {
                                        "test": "int_property",
                                        "subject": "self",
                                        "domain": "lifeboat_ta:liquid_type",
                                        "value": 1,
                                        "operator": "=="
                                    },
                                    {
                                        "test": "int_property",
                                        "subject": "self",
                                        "domain": "lifeboat_ta:liquid_level",
                                        "value": 12,
                                        "operator": "<"
                                    },
                                    {
                                        "test": "int_property",
                                        "subject": "self",
                                        "domain": "lifeboat_ta:liquid_level",
                                        "value": 0,
                                        "operator": ">"
                                    }
                                ]
                            },
                            "event": "add_liquid",
                            "target": "self"
                        },
                        "use_item": true,
                        "transform_to_item": "bucket:0"
                    },
                    {
                        "on_interact": {
                            "filters": {
                                "all_of": [
                                    {
                                        "test": "is_family",
                                        "subject": "other",
                                        "value": "player"
                                    },
                                    {
                                        "test": "has_equipment",
                                        "subject": "other",
                                        "domain": "hand",
                                        "value": "lava_bucket"
                                    },
                                    {
                                        "test": "int_property",
                                        "subject": "self",
                                        "domain": "lifeboat_ta:liquid_type",
                                        "value": 0,
                                        "operator": "=="
                                    },
                                    {
                                        "test": "int_property",
                                        "subject": "self",
                                        "domain": "lifeboat_ta:liquid_level",
                                        "value": 0,
                                        "operator": "=="
                                    }
                                ]
                            },
                            "event": "lava_tank",
                            "target": "self"
                        },
                        "use_item": true,
                        "transform_to_item": "bucket:0"
                    },
                    {
                        "on_interact": {
                            "filters": {
                                "all_of": [
                                    {
                                        "test": "is_family",
                                        "subject": "other",
                                        "value": "player"
                                    },
                                    {
                                        "test": "has_equipment",
                                        "subject": "other",
                                        "domain": "hand",
                                        "value": "lava_bucket"
                                    },
                                    {
                                        "test": "int_property",
                                        "subject": "self",
                                        "domain": "lifeboat_ta:liquid_type",
                                        "value": 2,
                                        "operator": "=="
                                    },
                                    {
                                        "test": "int_property",
                                        "subject": "self",
                                        "domain": "lifeboat_ta:liquid_level",
                                        "value": 12,
                                        "operator": "<"
                                    },
                                    {
                                        "test": "int_property",
                                        "subject": "self",
                                        "domain": "lifeboat_ta:liquid_level",
                                        "value": 0,
                                        "operator": ">"
                                    }
                                ]
                            },
                            "event": "add_liquid",
                            "target": "self"
                        },
                        "use_item": true,
                        "transform_to_item": "bucket:0"
                    },
                    {
                        "on_interact": {
                            "filters": {
                                "all_of": [
                                    {
                                        "test": "is_family",
                                        "subject": "other",
                                        "value": "player"
                                    },
                                    {
                                        "test": "has_equipment",
                                        "subject": "other",
                                        "domain": "hand",
                                        "value": "milk_bucket"
                                    },
                                    {
                                        "test": "int_property",
                                        "subject": "self",
                                        "domain": "lifeboat_ta:liquid_type",
                                        "value": 0,
                                        "operator": "=="
                                    },
                                    {
                                        "test": "int_property",
                                        "subject": "self",
                                        "domain": "lifeboat_ta:liquid_level",
                                        "value": 0,
                                        "operator": "=="
                                    }
                                ]
                            },
                            "event": "milk_tank",
                            "target": "self"
                        },
                        "use_item": true,
                        "transform_to_item": "bucket:0"
                    },
                    {
                        "on_interact": {
                            "filters": {
                                "all_of": [
                                    {
                                        "test": "is_family",
                                        "subject": "other",
                                        "value": "player"
                                    },
                                    {
                                        "test": "has_equipment",
                                        "subject": "other",
                                        "domain": "hand",
                                        "value": "milk_bucket"
                                    },
                                    {
                                        "test": "int_property",
                                        "subject": "self",
                                        "domain": "lifeboat_ta:liquid_type",
                                        "value": 3,
                                        "operator": "=="
                                    },
                                    {
                                        "test": "int_property",
                                        "subject": "self",
                                        "domain": "lifeboat_ta:liquid_level",
                                        "value": 12,
                                        "operator": "<"
                                    },
                                    {
                                        "test": "int_property",
                                        "subject": "self",
                                        "domain": "lifeboat_ta:liquid_level",
                                        "value": 0,
                                        "operator": ">"
                                    }
                                ]
                            },
                            "event": "add_liquid",
                            "target": "self"
                        },
                        "use_item": true,
                        "transform_to_item": "bucket:0"
                    },
                    {
                        "on_interact": {
                            "filters": {
                                "all_of": [
                                    {
                                        "test": "is_family",
                                        "subject": "other",
                                        "value": "player"
                                    },
                                    {
                                        "test": "has_equipment",
                                        "subject": "other",
                                        "domain": "hand",
                                        "value": "bucket:0"
                                    },
                                    {
                                        "test": "int_property",
                                        "subject": "self",
                                        "domain": "lifeboat_ta:liquid_type",
                                        "value": 1,
                                        "operator": "=="
                                    },
                                    {
                                        "test": "int_property",
                                        "subject": "self",
                                        "domain": "lifeboat_ta:liquid_level",
                                        "value": 12,
                                        "operator": "<="
                                    },
                                    {
                                        "test": "int_property",
                                        "subject": "self",
                                        "domain": "lifeboat_ta:liquid_level",
                                        "value": 1,
                                        "operator": ">"
                                    }
                                ]
                            },
                            "event": "remove_liquid",
                            "target": "self"
                        },
                        "use_item": true,
                        "transform_to_item": "water_bucket"
                    },
                    {
                        "on_interact": {
                            "filters": {
                                "all_of": [
                                    {
                                        "test": "is_family",
                                        "subject": "other",
                                        "value": "player"
                                    },
                                    {
                                        "test": "has_equipment",
                                        "subject": "other",
                                        "domain": "hand",
                                        "value": "bucket:0"
                                    },
                                    {
                                        "test": "int_property",
                                        "subject": "self",
                                        "domain": "lifeboat_ta:liquid_type",
                                        "value": 2,
                                        "operator": "=="
                                    },
                                    {
                                        "test": "int_property",
                                        "subject": "self",
                                        "domain": "lifeboat_ta:liquid_level",
                                        "value": 12,
                                        "operator": "<="
                                    },
                                    {
                                        "test": "int_property",
                                        "subject": "self",
                                        "domain": "lifeboat_ta:liquid_level",
                                        "value": 1,
                                        "operator": ">"
                                    }
                                ]
                            },
                            "event": "remove_liquid",
                            "target": "self"
                        },
                        "use_item": true,
                        "transform_to_item": "lava_bucket"
                    },
                    {
                        "on_interact": {
                            "filters": {
                                "all_of": [
                                    {
                                        "test": "is_family",
                                        "subject": "other",
                                        "value": "player"
                                    },
                                    {
                                        "test": "has_equipment",
                                        "subject": "other",
                                        "domain": "hand",
                                        "value": "bucket:0"
                                    },
                                    {
                                        "test": "int_property",
                                        "subject": "self",
                                        "domain": "lifeboat_ta:liquid_type",
                                        "value": 3,
                                        "operator": "=="
                                    },
                                    {
                                        "test": "int_property",
                                        "subject": "self",
                                        "domain": "lifeboat_ta:liquid_level",
                                        "value": 12,
                                        "operator": "<="
                                    },
                                    {
                                        "test": "int_property",
                                        "subject": "self",
                                        "domain": "lifeboat_ta:liquid_level",
                                        "value": 1,
                                        "operator": ">"
                                    }
                                ]
                            },
                            "event": "remove_liquid",
                            "target": "self"
                        },
                        "use_item": true,
                        "transform_to_item": "milk_bucket"
                    },
                    {
                        "on_interact": {
                            "filters": {
                                "all_of": [
                                    {
                                        "test": "is_family",
                                        "subject": "other",
                                        "value": "player"
                                    },
                                    {
                                        "test": "has_equipment",
                                        "subject": "other",
                                        "domain": "hand",
                                        "value": "bucket:0"
                                    },
                                    {
                                        "test": "int_property",
                                        "subject": "self",
                                        "domain": "lifeboat_ta:liquid_type",
                                        "value": 1,
                                        "operator": "=="
                                    },
                                    {
                                        "test": "int_property",
                                        "subject": "self",
                                        "domain": "lifeboat_ta:liquid_level",
                                        "value": 1,
                                        "operator": "=="
                                    }
                                ]
                            },
                            "event": "empty_tank",
                            "target": "self"
                        },
                        "use_item": true,
                        "transform_to_item": "water_bucket"
                    },
                    {
                        "on_interact": {
                            "filters": {
                                "all_of": [
                                    {
                                        "test": "is_family",
                                        "subject": "other",
                                        "value": "player"
                                    },
                                    {
                                        "test": "has_equipment",
                                        "subject": "other",
                                        "domain": "hand",
                                        "value": "bucket:0"
                                    },
                                    {
                                        "test": "int_property",
                                        "subject": "self",
                                        "domain": "lifeboat_ta:liquid_type",
                                        "value": 2,
                                        "operator": "=="
                                    },
                                    {
                                        "test": "int_property",
                                        "subject": "self",
                                        "domain": "lifeboat_ta:liquid_level",
                                        "value": 1,
                                        "operator": "=="
                                    }
                                ]
                            },
                            "event": "empty_tank",
                            "target": "self"
                        },
                        "use_item": true,
                        "transform_to_item": "lava_bucket"
                    },
                    {
                        "on_interact": {
                            "filters": {
                                "all_of": [
                                    {
                                        "test": "is_family",
                                        "subject": "other",
                                        "value": "player"
                                    },
                                    {
                                        "test": "has_equipment",
                                        "subject": "other",
                                        "domain": "hand",
                                        "value": "bucket:0"
                                    },
                                    {
                                        "test": "int_property",
                                        "subject": "self",
                                        "domain": "lifeboat_ta:liquid_type",
                                        "value": 3,
                                        "operator": "=="
                                    },
                                    {
                                        "test": "int_property",
                                        "subject": "self",
                                        "domain": "lifeboat_ta:liquid_level",
                                        "value": 1,
                                        "operator": "=="
                                    }
                                ]
                            },
                            "event": "empty_tank",
                            "target": "self"
                        },
                        "use_item": true,
                        "transform_to_item": "milk_bucket"
                    }
                ]
            }
        }
    }
}