{
	"format_version": "1.12.0",
	"minecraft:geometry": [
		{
			"description": {
				"identifier": "geometry.lifeboat_ta_conductor_vest",
				"texture_width": 64,
				"texture_height": 64,
				"visible_bounds_width": 3,
				"visible_bounds_height": 3.5,
				"visible_bounds_offset": [0, 1.25, 0]
			},
			"bones": [
				{
					"name": "root",
					"pivot": [0, 0, 0]
				},
				{
					"name": "waist",
					"parent": "root",
					"pivot": [0, 12, 0]
				},
				{
					"name": "body",
					"parent": "waist",
					"pivot": [0, 24, 0]
				},
				{
					"name": "chestplate",
					"parent": "body",
					"pivot": [-5, 21.9, 0.1],
					"cubes": [
						{"origin": [-4, 12, -2], "size": [8, 12, 4], "inflate": 0.5, "uv": [0, 0]}
					]
				},
				{
					"name": "bolsos",
					"parent": "chestplate",
					"pivot": [0, 18, -3],
					"rotation": [2.5, 0, 0],
					"cubes": [
						{"origin": [-4.6, 17, -2.8], "size": [2, 2, 0], "uv": [2, 2], "mirror": true},
						{"origin": [2.6, 17, -2.8], "size": [2, 2, 0], "uv": [2, 2]}
					]
				},
				{
					"name": "casaco",
					"parent": "chestplate",
					"pivot": [3, 23, -2],
					"cubes": [
						{"origin": [-4, 12, -2], "size": [8, 12, 4], "inflate": 0.7, "uv": [0, 16]}
					]
				},
				{
					"name": "leftArm",
					"parent": "body",
					"pivot": [5, 22, 0],
					"cubes": [
						{"origin": [4, 12, -2], "size": [4, 12, 4], "inflate": 0.5, "uv": [23, 0]}
					]
				},
				{
					"name": "rightArm",
					"parent": "body",
					"pivot": [-5, 22, 0],
					"cubes": [
						{"origin": [-8, 12, -2], "size": [4, 12, 4], "inflate": 0.5, "uv": [24, 16]}
					]
				}
			]
		}
	]
}