{
	"format_version": "1.12.0",
	"minecraft:geometry": [
		{
			"description": {
				"identifier": "geometry.lifeboat_ta_conductor_cap",
				"texture_width": 64,
				"texture_height": 64,
				"visible_bounds_width": 2,
				"visible_bounds_height": 3.5,
				"visible_bounds_offset": [0, 1.25, 0]
			},
			"bones": [
				{
					"name": "root",
					"pivot": [0, 0, 0]
				},
				{
					"name": "waist",
					"parent": "root",
					"pivot": [0, 12, 0]
				},
				{
					"name": "body",
					"parent": "waist",
					"pivot": [0, 24, 0]
				},
				{
					"name": "head",
					"parent": "body",
					"pivot": [0, 24, 0]
				},
				{
					"name": "cap",
					"parent": "head",
					"pivot": [0, -5, 0],
					"cubes": [
						{"origin": [-5, 29, -5], "size": [10, 4, 10], "inflate": 0.001, "uv": [0, 15]},
						{"origin": [-6, 33, -6], "size": [12, 3, 12], "uv": [0, 0]},
						{"origin": [-3.5, 30, -5.5], "size": [7, 2, 2], "uv": [28, 29]},
						{"origin": [-2.5, 32, -5.5], "size": [5, 1, 2], "uv": [28, 33]}
					]
				},
				{
					"name": "couro",
					"parent": "cap",
					"pivot": [0, 29.5, -4.5],
					"rotation": [32.5, 0, 0],
					"cubes": [
						{"origin": [-5, 28.6, -8], "size": [10, 2, 4], "uv": [0, 29]}
					]
				}
			]
		}
	]
}