{
  "format_version": "1.10.0",
  "minecraft:client_entity": {
    "description": {
      "identifier": "lifeboat_ta:book",
      "materials": {
        "default": "entity_alphatest"
      },
      "textures": {
        "text0": "textures/lifeboat/TA/entity/book/0", 
        "text1": "textures/lifeboat/TA/entity/book/1",
        "text2": "textures/lifeboat/TA/entity/book/2",
        "text3": "textures/lifeboat/TA/entity/book/3",
        "text4": "textures/lifeboat/TA/entity/book/4",
        "text5": "textures/lifeboat/TA/entity/book/5",
        "text6": "textures/lifeboat/TA/entity/book/6",
        "text7": "textures/lifeboat/TA/entity/book/7",
        "text8": "textures/lifeboat/TA/entity/book/8",
        "text9": "textures/lifeboat/TA/entity/book/9",
        "text10": "textures/lifeboat/TA/entity/book/10",
        "text11": "textures/lifeboat/TA/entity/book/11",
        "text12": "textures/lifeboat/TA/entity/book/12",
        "text13": "textures/lifeboat/TA/entity/book/13",
        "text14": "textures/lifeboat/TA/entity/book/14",
        "text15": "textures/lifeboat/TA/entity/book/15",
        "text16": "textures/lifeboat/TA/entity/book/16",
        "text17": "textures/lifeboat/TA/entity/book/17",
        "text18": "textures/lifeboat/TA/entity/book/18",
        "text19": "textures/lifeboat/TA/entity/book/19",
        "text20": "textures/lifeboat/TA/entity/book/20",
        "text21": "textures/lifeboat/TA/entity/book/21",
        "text22": "textures/lifeboat/TA/entity/book/22",
        "text23": "textures/lifeboat/TA/entity/book/23",
        "text24": "textures/lifeboat/TA/entity/book/24",
        "text25": "textures/lifeboat/TA/entity/book/25",
        "text26": "textures/lifeboat/TA/entity/book/26",
        "text27": "textures/lifeboat/TA/entity/book/27",
        "text28": "textures/lifeboat/TA/entity/book/28",
        "text29": "textures/lifeboat/TA/entity/book/29",
        "text30": "textures/lifeboat/TA/entity/book/30",
        "text31": "textures/lifeboat/TA/entity/book/31",
        "text32": "textures/lifeboat/TA/entity/book/32",
        "text33": "textures/lifeboat/TA/entity/book/33",
        "text34": "textures/lifeboat/TA/entity/book/34"
      },
      "geometry": {
        "default": "geometry.lb_ta.book"
      },
      "animations": {
        "spawn": "animation.lb_ta_book.spawn",
        "despawn": "animation.lifeboat_ta_book.despawn",
        "page_forward": "animation.lifeboat_ta_book.page_forward",
        "page_back": "animation.lifeboat_ta_book.page_back"
      },
      "scripts": {
        "scale": "1.0",
        "animate": [
          "spawn"
        ]
      },
      
      "render_controllers": [
        "controller.render.lb_ta_book"
      ]
    }
  }
}