{
  "format_version": "1.10.0",
  "minecraft:client_entity": {
    "description": {
      "identifier": "lifeboat_ta:aqua_trainvagon",
      "materials": {
        "default": "sheep",
        "alphatest": "entity_alphatest",
        "masked": "villager_v2_masked"
      },
      "textures": {
        "default": "textures/lifeboat/TA/entity/aqua/aqua_0",
        "empty": "textures/lifeboat/TA/entity/aqua/liquid_type/aqua_empty",
        "lava": "textures/lifeboat/TA/entity/aqua/liquid_type/aqua_lava",
        "milk": "textures/lifeboat/TA/entity/aqua/liquid_type/aqua_milk",
        "water": "textures/lifeboat/TA/entity/aqua/liquid_type/aqua_water",
        "lvl1": "textures/lifeboat/TA/entity/aqua/emptiness_level/aqua_lvl1",
        "lvl2": "textures/lifeboat/TA/entity/aqua/emptiness_level/aqua_lvl2",
        "lvl3": "textures/lifeboat/TA/entity/aqua/emptiness_level/aqua_lvl3",
        "lvl4": "textures/lifeboat/TA/entity/aqua/emptiness_level/aqua_lvl4",
        "lvl5": "textures/lifeboat/TA/entity/aqua/emptiness_level/aqua_lvl5",
        "lvl6": "textures/lifeboat/TA/entity/aqua/emptiness_level/aqua_lvl6",
        "lvl7": "textures/lifeboat/TA/entity/aqua/emptiness_level/aqua_lvl7",
        "lvl8": "textures/lifeboat/TA/entity/aqua/emptiness_level/aqua_lvl8",
        "lvl9": "textures/lifeboat/TA/entity/aqua/emptiness_level/aqua_lvl9",
        "lvl10": "textures/lifeboat/TA/entity/aqua/emptiness_level/aqua_lvl10",
        "lvl11": "textures/lifeboat/TA/entity/aqua/emptiness_level/aqua_lvl11",
        "lvl12": "textures/lifeboat/TA/entity/aqua/emptiness_level/aqua_lvl12"
      },
      "geometry": {
        "default": "geometry.lb_ta_liquid"
      },
      "animations": {
        "move": "animation.lb_ta.move"
      },
      "scripts": {
        "initialize": [
          "v.wheel_rotation = 0;"
        ],
        "pre_animation": [
          "v.fps = 1 / query.average_frame_time(5);",
          "v.fps_scalar = 210 / v.fps;",
          "v.additional_rotation = (query.ground_speed * v.fps_scalar * (query.property('lb_ta:forward') ? 1 : -1));",
          "v.wheel_rotation = v.wheel_rotation + v.additional_rotation;"
        ],
        "animate": [
          "move"
        ]
      },
      "sound_effects": {
        "poezd": "poezd"
      },
      "render_controllers": [
        "controller.render.lb_ta_emptiness_level",
        "controller.render.lb_ta_liquid_type",
        "controller.render.lb_ta_base"
      ]
    }
  }
}