{
  "format_version": "1.10.0",
  "minecraft:client_entity": {
    "description": {
      "identifier": "lifeboat_ta:chest_wagon",
      "materials": {
        "default": "sheep"
      },
      "textures": {
        "default": "textures/lifeboat/TA/entity/chest_wagon/0"
      },
      "geometry": {
        "default": "geometry.lb_ta_chest_wagon"
      },
      "sound_effects": {
        "poezd": "poezd"
      },
	  "animations": {
		"chest_opening": "animation.lb_ta_wagon_base.chest_opening",
		"chest_closing": "animation.lb_ta_wagon_base.chest_closing",
		"chest_open": "animation.lb_ta_wagon_base.chest_open",
      "move": "animation.lb_ta.move"
    },
    "scripts": {
      "initialize": [
        "v.wheel_rotation = 0;"
      ],
      "pre_animation": [
        "v.fps = 1 / query.average_frame_time(5);",
        "v.fps_scalar = 210 / v.fps;",
        "v.additional_rotation = (query.ground_speed * v.fps_scalar * (query.property('lb_ta:forward') ? 1 : -1));",
        "v.wheel_rotation = v.wheel_rotation + v.additional_rotation;"
      ],
      "animate": [
        "move"
      ]
    },
      "render_controllers": [ "controller.render.lb_ta_default" ]
    }
  }
}
