{
  "format_version": "1.10.0",
  "minecraft:client_entity": {
    "description": {
      "identifier": "lifeboat_ta:log_trainvagon",
      "materials": {
        "default": "sheep"
      },
      "textures": {
        "color_0": "textures/lifeboat/TA/entity/log_trainvagon/oak",
        "color_1": "textures/lifeboat/TA/entity/log_trainvagon/bir",
        "color_2": "textures/lifeboat/TA/entity/log_trainvagon/spru",
        "color_3": "textures/lifeboat/TA/entity/log_trainvagon/jun",
        "color_4": "textures/lifeboat/TA/entity/log_trainvagon/aca",
        "color_5": "textures/lifeboat/TA/entity/log_trainvagon/doak",
        "color_6": "textures/lifeboat/TA/entity/log_trainvagon/man",
        "color_7": "textures/lifeboat/TA/entity/log_trainvagon/che",
        "color_8": "textures/lifeboat/TA/entity/log_trainvagon/cri",
        "color_9": "textures/lifeboat/TA/entity/log_trainvagon/war",
        "color_10": "textures/lifeboat/TA/entity/log_trainvagon/pale",
        "color_11": "textures/lifeboat/TA/entity/log_trainvagon/no_log"
      },
      "geometry": {
        "default": "geometry.lb_ta_log_trainvagon",
        "log1": "geometry.lb_ta_log_trainvagon.log1",
        "log2": "geometry.lb_ta_log1.log2",
        "log3": "geometry.lb_ta_log2.log3",
        "log4": "geometry.lb_ta_log3.log4"
      },
      "animations": {
        "move": "animation.lb_ta.move"
      },
      "scripts": {
        "initialize": [
          "v.wheel_rotation = 0;"
        ],
        "pre_animation": [
          "v.fps = 1 / query.average_frame_time(5);",
          "v.fps_scalar = 210 / v.fps;",
          "v.additional_rotation = (query.ground_speed * v.fps_scalar * (query.property('lb_ta:forward') ? 1 : -1));",
          "v.wheel_rotation = v.wheel_rotation + v.additional_rotation;"
        ],
        "animate": [
          "move"
        ]
      },
      "sound_effects": {
        "poezd": "poezd"
      },
      "render_controllers": [ "controller.render.lb_ta_log_trainvagon" ]
    }
  }
}
