{
  "format_version": "1.10.0",
  "minecraft:client_entity": {
    "description": {
      "identifier": "lifeboat_ta:tnt_wagon",
      "materials": {
        "default": "sheep"
      },
      "textures": {
        "default": "textures/lifeboat/TA/entity/tnt_wagon/0"
      },
      "geometry": {
        "default": "geometry.lb_ta_tnt_wagon"
      },
      "animations": {
        "move": "animation.lb_ta.move"
      },
      "scripts": {
        "initialize": [
          "v.wheel_rotation = 0;"
        ],
        "pre_animation": [
          "v.fps = 1 / query.average_frame_time(5);",
          "v.fps_scalar = 210 / v.fps;",
          "v.additional_rotation = (query.ground_speed * v.fps_scalar * (query.property('lb_ta:forward') ? 1 : -1));",
          "v.wheel_rotation = v.wheel_rotation + v.additional_rotation;"
        ],
        "animate": [
          "move"
        ]
      },
      "sound_effects": {
        "poezd": "poezd"
      },
      "render_controllers": [ "controller.render.lb_ta_default" ]
    }
  }
}
