{
	"format_version": "1.10.0",
	"minecraft:client_entity": {
		"description": {
			"identifier": "lifeboat_ta:crossing_signal",
			"materials": {
				"default": "entity_emissive_alpha"
			},
			"textures": {
				"default": "textures/lifeboat/TA/entity/crossing_signal"
			},
			"geometry": {
				"default": "geometry.lb_ta_crossing_signal"
			},
			"animations": {
				"arm_going_down": "animation.crossing_signal.arm_going_down",
				"arm_is_down": "animation.crossing_signal.arm_is_down",
				"arm_going_up": "animation.crossing_signal.arm_going_up",
				"flashing_lights": "animation.crossing_signal.flashing_lights",
				"default": "animation.crossing_signal.default",
				"arm_controller": "controller.animation.lifeboat_ta.crossing_signal.arm"
			},
			"sound_effects": {
				"rr_cross": "ta_rr_cross"
			},
			"scripts": {
				"animate": [
					"arm_controller"
				],
				"should_update_bones_and_effects_offscreen": true
			},
			"render_controllers": ["controller.render.lb_ta_default"]
		}
	}
}