{
	"format_version": "1.10.0",
	"minecraft:client_entity": {
		"description": {
			"identifier": "lifeboat_ta:crossing_signal_2",
			"materials": {
				"default": "entity_emissive_alpha"
			},
			"textures": {
				"default": "textures/lifeboat/TA/entity/crossing_signal_2"
			},
			"geometry": {
				"default": "geometry.lb_ta_crossing_signal_2"
			},
			"animations": {
				"lights_off": "animation.lb_ta_lights_3.lights_off",
				"yellow_light": "animation.lb_ta_lights_3.yellow_light",
				"red_flashing": "animation.lb_ta_lights_3.red_flashing",
				"lights_controller": "controller.animation.lifeboat_ta.crossing_signal_2.lights"
			},
			"scripts": {
				"animate": [
					"lights_controller"
				],
				"should_update_bones_and_effects_offscreen": true
			},
			"sound_effects": {
				"rr_cross": "ta_rr_cross"
			},
			"render_controllers": ["controller.render.lb_ta_default"]
		}
	}
}