{
	"format_version": "1.10.0",
	"minecraft:client_entity": {
		"description": {
			"identifier": "lifeboat_ta:crossing_stop",
			"materials": {
				"default": "entity_emissive_alpha"
			},
			"textures": {
				"default": "textures/lifeboat/TA/entity/crossing_stop"
			},
			"geometry": {
				"default": "geometry.lb_ta_crossing_stop"
			},
			"animations": {
				"lights_off": "animation.lb_ta_crossing_stop.lights_off",
				"red_flashing": "animation.crossing_stop.flashing_lights",
				"spell_stop": "animation.crossing_stop.s_t_o_p",
				"erase_stop": "animation.crossing_stop.p_o_t_s",
				"stop_on": "animation.crossing_stop.stop_on",
				"lights_controller": "controller.animation.lifeboat_ta.crossing_stop.lights"
			},
			"sound_effects": {
				"rr_cross": "ta_rr_cross"
			},
			"scripts": {
				"animate": [
					"lights_controller"
				],
				"should_update_bones_and_effects_offscreen": true
			},
			"render_controllers": ["controller.render.lb_ta_default"]
		}
	}
}