{
	"format_version": "1.10.0",
	"minecraft:client_entity": {
		"description": {
			"identifier": "lifeboat_ta:gpls",
			"materials": {
				"default": "entity_emissive_alpha"
			},
			"textures": {
				"default": "textures/lifeboat/TA/entity/gpls"
			},
			"geometry": {
				"default": "geometry.lb_ta_gpls"
			},
			"animations": {
				"lights": "animation.lb_ta_gpls.lights"
			},
			"scripts": {
				"animate": [
					"lights"
				]
			},
			"render_controllers": ["controller.render.lb_ta_default"]
		}
	}
}