{
	"format_version": "1.10.0",
	"minecraft:client_entity": {
		"description": {
			"identifier": "lifeboat_ta:lights_1",
			"materials": {
				"default": "entity_emissive_alpha"
			},
			"textures": {
				"default": "textures/lifeboat/TA/entity/lights_1"
			},
			"geometry": {
				"default": "geometry.lb_ta_lights_1"
			},
			"animations": {
				"lights": "animation.lb_ta_lights_1.lights"
			},
			"scripts": {
				"animate": [
					"lights"
				]
			},
			"render_controllers": ["controller.render.lb_ta_default"]
		}
	}
}