{
	"format_version": "1.10.0",
	"minecraft:client_entity": {
		"description": {
			"identifier": "lifeboat_ta:speed_sign",
			"min_engine_version": "1.8.0",
			"materials": {
				"default": "entity_alphatest"
			},
			"textures": {
				"sign": "textures/lifeboat/TA/entity/speed_sign",
				"display": "textures/lifeboat/TA/entity/numerals"
			},
			"geometry": {
				"sign": "geometry.lifeboat_ta.speed_sign",
				"display_front": "geometry.display_front",
				"display_back": "geometry.display_back"
			},
			"animations": {
				"display": "animation.display_default"
			},
			"scripts": {
				"initialize": [
					"v.level = q.property('lifeboat_ta:speed_setting');",
					"v.depth_offset = 0.15;",
					"v.spacing = -0.2;",
					"v.height = 26;",
					"v.scale = 2;"
				],
				"pre_animation": [
					"v.level = q.property('lifeboat_ta:speed_setting');"
				],
				"animate": [
					"display"
				]
			},
			"render_controllers": [ 
				"controller.render.speed_sign",
				"controller.render.display_front",
				"controller.render.display_back"
			]
		}
	}
}