{
  "format_version": "1.10.0",
  "minecraft:client_entity": {
    "description": {
      "identifier": "lifeboat_ta:train_t",
      "materials": { 
        "default": "sheep",
        "light": "entity_emissive_alpha",
        "window": "entity_alphatest",
        "dial": "entity_emissive_alpha"
      },
      "textures": {
        "default": "textures/lifeboat/TA/entity/steam_engine/0",
        "light": "textures/lifeboat/TA/entity/steam_engine/light"
      },
      "geometry": {
        "default": "geometry.lb_ta_steam_engine"
      },
      "animations": {
        "move": "animation.lb_ta.move",
        "linkages": "animation.lb_ta_steam_train.linkages",
        "controls": "animation.lb_ta_train.controls",
        "gauges": "animation.lb_ta_train.gauges",
        "steam_release": "animation.lb_ta.steam_release",
        "smokestack": "animation.lb_ta.smokestack"
      },
      "scripts": {
        "initialize": [
          "v.wheel_rotation = 0;"
        ],
        "pre_animation": [
          "v.fps = 1 / query.average_frame_time(5);",
          "v.fps_scalar = 210 / v.fps;",
          "v.additional_rotation = (query.ground_speed * v.fps_scalar * (query.property('lb_ta:forward') ? 1 : -1));",
          "v.wheel_rotation = v.wheel_rotation + v.additional_rotation;"
        ],
        "animate": [
          "controls",
          "gauges",
          "move",
          "linkages",
          "steam_release",
          "smokestack"
        ]
      },
      "render_controllers": [ 
        "controller.render.lb_ta_upgtel_steam", 
        "controller.render.lb_ta_upgtel_light"
      ],
      "sound_effects": {
        "poezd": "poezd",
        "steam_release": "ta_steam_release"
      },
      "particle_effects": {
        "ember": "lb_ta:furnace_flame",
        "smoke": "lb_ta:locomotive_steam_chimney",
        "whistle": "lb_ta:steam_whistle",
        "steam_release": "lb_ta:steam_release"
      }
    }
  }
}


