{
  "format_version": "1.10.0",
  "minecraft:client_entity": {
    "description": {
      "identifier": "lifeboat_ta:train_e2_steam",
      "materials": {
        "default": "sheep",
        "light": "entity_emissive_alpha",
        "window": "entity_alphatest",
        "dial": "entity_emissive_alpha"
      },
      "textures": {
        "default": "textures/lifeboat/TA/entity/train_e2_steam/0"
      },
      "geometry": {
        "default": "geometry.lb_ta_train_e2_steam"
      },
	  "animations": {
        "move": "animation.lb_ta.move",
        "linkages": "animation.e2_linkages",
        "controls": "animation.e2_controls",
        "gauges": "animation.e2_gauges",
        "steam_release": "animation.lb_ta.steam_release",
        "smokestack": "animation.lb_ta.smokestack"
      },
	  	"scripts": {
        "initialize": [
          "v.wheel_rotation = 0;",
          "v.steam_scale_factor = 4;"
        ],
        "pre_animation": [
          "v.fps = 1 / query.average_frame_time(5);",
          "v.fps_scalar = 210 / v.fps;",
          "v.additional_rotation = (query.ground_speed * v.fps_scalar * (query.property('lb_ta:forward') ? 1 : -1));",
          "v.wheel_rotation = v.wheel_rotation + v.additional_rotation;"
        ],
        "animate": [
          "controls",
          "gauges",
          "move",
          "linkages",
          "steam_release",
          "smokestack"
        ]
      },
      "particle_effects": {
        "smoke": "lb_ta:locomotive_steam_chimney",
        "whistle": "lb_ta:steam_whistle",
        "steam_release": "lb_ta:steam_release"
      },
      "render_controllers": [ "controller.render.lb_ta_upgtel_steam" ],
      "sound_effects": {
        "poezd": "poezd",
        "steam_release": "ta_steam_release"
      }
    }
  }
}
