{
  "format_version": "1.10.0",
  "minecraft:client_entity": {
    "description": {
      "identifier": "lifeboat_ta:train_upgtel",
      "materials": {
        "default": "sheep",
        "light": "entity_emissive_alpha",
        "window": "entity_alphatest",
        "dial": "entity_emissive_alpha"
      },
      "textures": {
        "default": "textures/lifeboat/TA/entity/upgtel/0",
        "light": "textures/lifeboat/TA/entity/upgtel/light"
      },
      "geometry": {
        "default": "geometry.lb_ta_upgtel"
      },
	  "animations": {
        "move": "animation.lb_ta.move",
        "controls": "animation.lb_ta_upgtel.controls",
        "gauges": "animation.lb_ta_upgtel.gauges"
      },
	  	 "scripts": {
        "initialize": [
          "v.wheel_rotation = 0;"
        ],
        "pre_animation": [
          "v.fps = 1 / query.average_frame_time(5);",
          "v.fps_scalar = 210 / v.fps;",
          "v.additional_rotation = (query.ground_speed * v.fps_scalar * (query.property('lb_ta:forward') ? 1 : -1));",
          "v.wheel_rotation = v.wheel_rotation + v.additional_rotation;"
        ],
        "animate": [
          "controls",
          "gauges",
          "move"
        ]
      },
      "render_controllers": [ "controller.render.lb_ta_upgtel_base", "controller.render.lb_ta_upgtel_light" ],
      "sound_effects": {
        "poezd": "poezd"
      }
    }
  }
}
