{
  "format_version": "1.10.0",
  "minecraft:client_entity": {
    "description": {
      "identifier": "lifeboat_ta:train_subway",
      "materials": { 
        "default": "sheep",
        "light": "entity_emissive_alpha",
        "window": "entity_alphatest",
        "dial": "entity_emissive_alpha"
      },
      "textures": {
        "default": "textures/lifeboat/TA/entity/train_subway/0",
        "light": "textures/lifeboat/TA/entity/train_subway/light"
      },
      "geometry": {
        "default": "geometry.lb_ta_train_subway"
      },
      "animations": {
        "controls": "animation.lb_ta_train_subway.controls",
        "move": "animation.lb_ta.move",
        "gauges": "animation.lb_ta_train_subway.gauges",
        "open": "animation.lb_ta_train_subway.open",
        "close": "animation.lb_ta_train_subway.close",
        "door_controller": "controller.animation.lifeboat_ta.subway.doors"
      },
      "scripts": {
        "initialize": [
          "v.wheel_rotation = 0;",

          "variable.stoppedTime = query.time_stamp;"
        ],
        "pre_animation": [
          "v.fps = 1 / query.average_frame_time(5);",
          "v.fps_scalar = 210 / v.fps;",
          "v.additional_rotation = (query.ground_speed * v.fps_scalar * (query.property('lb_ta:forward') ? 1 : -1));",
          "v.wheel_rotation = v.wheel_rotation + v.additional_rotation;",

          "variable.stoppedTime = query.ground_speed > 0 ? query.time_stamp : v.stoppedTime;"
        ],
        "animate": [
          "controls",
          "gauges",
          "door_controller",
          "move"
        ]
      },
      "render_controllers": [ "controller.render.lb_ta_subway_base" ],
      "sound_effects": {
        "poezd": "poezd",
        "door_open": "ta_door_open_v",
        "door_close": "ta_door_close_v"
      }
    }
  }
}
