{
	"format_version": "1.12.0",
	"minecraft:geometry": [
		{
			"description": {
				"identifier": "geometry.lifeboat_ta_engineer_cap",
				"texture_width": 64,
				"texture_height": 64,
				"visible_bounds_width": 2,
				"visible_bounds_height": 3.5,
				"visible_bounds_offset": [0, 1.25, 0]
			},
			"bones": [
				{
					"name": "root",
					"pivot": [0, 0, 0]
				},
				{
					"name": "waist",
					"parent": "root",
					"pivot": [0, 12, 0]
				},
				{
					"name": "body",
					"parent": "waist",
					"pivot": [0, 24, 0]
				},
				{
					"name": "head",
					"parent": "body",
					"pivot": [0, 24, 0]
				},
				{
					"name": "cap",
					"parent": "head",
					"pivot": [0, 31.25, -2.25],
					"cubes": [
						{"origin": [-5, 28, -5], "size": [10, 3, 10], "inflate": 0.001, "uv": [0, 15]},
						{"origin": [-6, 31, -6], "size": [12, 3, 12], "uv": [0, 0]}
					]
				},
				{
					"name": "couro",
					"parent": "cap",
					"pivot": [0, 28.5, -4.5],
					"rotation": [32.5, 0, 0],
					"cubes": [
						{"origin": [-4.975, 28.6, -10], "size": [10, 1, 6], "pivot": [0.025, 29, -4.5], "rotation": [-12.5, 0, 0], "uv": [0, 28]}
					]
				}
			]
		}
	]
}