{
    "format_version": "1.20.20",
    "sound_definitions": {
        "poezd": {
            "category": "neutral",
            "sounds": [
                "sounds/lifeboat/TA/poezd"
            ]
        },
        "ta_rr_cross": {
            "category": "neutral",
            "sounds": [
                {
                    "name": "sounds/lifeboat/TA/effect/locomotive/rr_cross",
                    "volume": 0.50
                }
            ]
        },
        "ta_door_open": {
            "category": "neutral",
            "sounds": [
                {
                    "name": "sounds/lifeboat/TA/effect/locomotive/door_open",
                    "volume": 0.30
                }
            ]
        },
        "ta_door_close": {
            "category": "neutral",
            "sounds": [
                {
                    "name": "sounds/lifeboat/TA/effect/locomotive/door_close",
                    "volume": 0.30
                }
            ]
        },
        "ta_door_close_v": {
            "category": "neutral",
            "sounds": [
                {
                    "name": "sounds/lifeboat/TA/effect/locomotive/door_close_1",
                    "volume": 0.30
                },
                {
                    "name": "sounds/lifeboat/TA/effect/locomotive/door_close_2",
                    "volume": 0.30
                },
                {
                    "name": "sounds/lifeboat/TA/effect/locomotive/door_close_3",
                    "volume": 0.30
                }
            ]
        },
        "ta_door_open_v": {
            "category": "neutral",
            "sounds": [
                {
                    "name": "sounds/lifeboat/TA/effect/locomotive/door_open_1",
                    "volume": 0.30
                },
                {
                    "name": "sounds/lifeboat/TA/effect/locomotive/door_open_2",
                    "volume": 0.30
                },
                {
                    "name": "sounds/lifeboat/TA/effect/locomotive/door_open_3",
                    "volume": 0.30
                }
            ]
        },
        "ta_steam_whistle": {
            "category": "neutral",
            "sounds": [
                "sounds/lifeboat/TA/effect/locomotive/steam_horn"
            ]
        },
        "ta_bell": {
            "category": "neutral",
            "sounds": [
                "sounds/lifeboat/TA/effect/locomotive/bell"
            ]
        },
        "ta_horn": {
            "category": "neutral",
            "sounds": [
                "sounds/lifeboat/TA/effect/locomotive/horn",
                "sounds/lifeboat/TA/effect/locomotive/horn_small"
            ]
        },
        "ta_c": {
            "category": "neutral",
            "sounds": [
                "sounds/lifeboat/TA/effect/crash_01",
                "sounds/lifeboat/TA/effect/crash_02",
                "sounds/lifeboat/TA/effect/crash_03",
                "sounds/lifeboat/TA/effect/crash_04"
            ]
        },
        "ta_d_c": {
            "category": "neutral",
            "sounds": [
                "sounds/lifeboat/TA/effect/distant_crash_01",
                "sounds/lifeboat/TA/effect/distant_crash_02",
                "sounds/lifeboat/TA/effect/distant_crash_03",
                "sounds/lifeboat/TA/effect/distant_crash_04"
            ]
        },
        "ta_steam_release": {
            "category": "neutral",
            "sounds": [
                {
                    "name": "sounds/lifeboat/TA/effect/steam_release_01",
                    "volume": 0.05
                },
                {
                    "name": "sounds/lifeboat/TA/effect/steam_release_02",
                    "volume": 0.05
                },
                {
                    "name": "sounds/lifeboat/TA/effect/steam_release_03",
                    "volume": 0.05
                }
            ]
        },
        "ta_wood_whistle": {
            "category": "music",
            "sounds": [
                "sounds/lifeboat/TA/effect/hand_whistle_01",
                "sounds/lifeboat/TA/effect/hand_whistle_02",
                "sounds/lifeboat/TA/effect/hand_whistle_03",
                "sounds/lifeboat/TA/effect/hand_whistle_04",
                "sounds/lifeboat/TA/effect/hand_whistle_05",
                "sounds/lifeboat/TA/effect/hand_whistle_06"
            ]
        },
		"ta_metal_whistle": {
            "category": "music",
            "sounds": [
                "sounds/lifeboat/TA/effect/metal_whistle_1",
                "sounds/lifeboat/TA/effect/metal_whistle_2",
                "sounds/lifeboat/TA/effect/metal_whistle_3"
            ]
        },
		"ta_aem_bell": {
            "category": "music",
            "sounds": [
                "sounds/lifeboat/TA/effect/locomotive/aem_bell_1"
            ]
        },
		"ta_aem_horn": {
            "category": "music",
            "sounds": [
                "sounds/lifeboat/TA/effect/locomotive/aem_horn_1",
				"sounds/lifeboat/TA/effect/locomotive/aem_horn_2"
            ]
        },
		"ta_e2_bell": {
            "category": "music",
            "sounds": [
                "sounds/lifeboat/TA/effect/locomotive/e2_bell_1"
            ]
        },
		"ta_e2_horn_1": {
            "category": "music",
            "sounds": [
                "sounds/lifeboat/TA/effect/locomotive/e2_horn_1"
            ]
        },
        "ta_e2_horn_2": {
            "category": "music",
            "sounds": [
                "sounds/lifeboat/TA/effect/locomotive/e2_horn_2"
            ]
        },
        "ta_e2_horn_3": {
            "category": "music",
            "sounds": [
                "sounds/lifeboat/TA/effect/locomotive/e2_horn_3"
            ]
        },
		"ta_metro_horn": {
            "category": "music",
            "sounds": [
                "sounds/lifeboat/TA/effect/locomotive/metro_horn_1",
				"sounds/lifeboat/TA/effect/locomotive/metro_horn_2"
            ]
        },
		"ta_quarry_horn_1": {
            "category": "music",
            "sounds": [
                "sounds/lifeboat/TA/effect/locomotive/quarry_horn_1"
            ]
        },
        "ta_quarry_horn_2": {
            "category": "music",
            "sounds": [
				"sounds/lifeboat/TA/effect/locomotive/quarry_horn_2"
            ]
        },
        "ta_quarry_horn_3": {
            "category": "music",
            "sounds": [
				"sounds/lifeboat/TA/effect/locomotive/quarry_horn_3"
            ]
        },
		"ta_subway_horn": {
            "category": "music",
            "sounds": [
                "sounds/lifeboat/TA/effect/locomotive/subway_horn_1",
				"sounds/lifeboat/TA/effect/locomotive/subway_horn_2",
				"sounds/lifeboat/TA/effect/locomotive/subway_horn_3",
				"sounds/lifeboat/TA/effect/locomotive/subway_horn_4"
            ]
        }
    }
}