{
	"format_version": "1.8.0",
	"animations": {
		"animation.lb_ta_aem_7.controls": {
			"loop": true,
			"bones": {
				"lights": {
					"position": [0, "(query.property('lifeboat_ta:light_on') ? 1 : 0)", 0]
				},
				"speed": {
					"rotation": ["query.property('lifeboat_ta:speed') * 35", 0, 0]
				}
			}
		},
		"animation.lb_ta_aem_7.gauges": {
			"loop": true,
			"bones": {
				"dial": {
					"rotation": [0, 0, "-math.min(query.ground_speed * 5, 80)"]
				},
				"dial2": {
					"rotation": [0, 0, "math.min(query.ground_speed * 5, 80)"]
				}
			}
		}
	}
}