{
	"format_version": "1.8.0",
	"animations": {
		"animation.lb_ta_book.spawn": {
			"animation_length": 1,
			"bones": {
				"bone": {
					"rotation": {
						"0.0": [-225, 0, -180],
						"0.5": [-405, -22.5, -360],
						"0.75": [-360, 0, -360]
					},
					"position": {
						"0.0": [0, -22, 0],
						"0.5": [0, 10, 0],
						"0.75": [0, 0, 0],
						"0.875": [0, -3, 0],
						"1.0": [0, 0, 0]
					},
					"scale": {
						"0.0": [0, 0, 0],
						"0.5": [1.1, 1.1, 1.1],
						"0.75": [1, 1, 1]
					}
				},
				"left": {
					"rotation": {
						"0.0": [0, 0, -67.5],
						"0.3125": [0, 0, -67.5],
						"0.5": [0, 0, -67.5],
						"0.75": [0, 0, 0]
					}
				},
				"right": {
					"rotation": {
						"0.0": [0, 0, 67.5],
						"0.5": [0, 0, 67.5],
						"0.75": [0, 0, 0]
					}
				},
				"pg1": {
					"rotation": {
						"0.0": [0, 0, 0],
						"0.5": [0, 0, 10],
						"0.75": [0, 0, 70],
						"1.0": [0, 0, 0]
					}
				},
				"pg2": {
					"rotation": {
						"0.0": [0, 0, 0],
						"0.5": [0, 0, -10],
						"0.75": [0, 0, -70],
						"1.0": [0, 0, 0]
					}
				},
				"bookmark": {
					"rotation": {
						"0.0": [0, 0, -64.12],
						"0.3125": [0, 0, -69.37],
						"0.5": [0, 0, -67],
						"0.75": [0, 0, -1]
					}
				},
				"bookmark2": {
					"rotation": {
						"0.0": [0, 0, 0],
						"0.3125": [0, 0, 70.31],
						"0.5": [0, 0, 68.5],
						"0.75": [0, 0, 1],
						"0.875": [0, 0, 1]
					},
					"position": {
						"0.0": [0, -22, 0],
						"0.3125": [0, 2, 0],
						"0.5": [0, 2, 0],
						"0.75": [0, 0, 0],
						"0.875": [0, 0, 0],
						"1.0": [0, 0, 0]
					},
					"scale": {
						"0.0": [0, 0, 0],
						"0.3125": [0.8875, 0.6875, 0.8875],
						"0.5": [1.1, 1.1, 1.1],
						"0.75": [1, 1, 1]
					}
				}
			}
		},
		"animation.lifeboat_ta_book.despawn": {
			"animation_length": 0.75,
			"bones": {
				"bone": {
					"rotation": {
						"0.0": [-360, 0, -360],
						"0.25": [-405, -22.5, -360],
						"0.75": [-225, 0, -180]
					},
					"position": {
						"0.0": [0, 0, 0],
						"0.25": [0, 10, 0],
						"0.75": [0, -22, 0]
					},
					"scale": {
						"0.0": [1, 1, 1],
						"0.25": [1.1, 1.1, 1.1],
						"0.75": [0, 0, 0]
					}
				},
				"left": {
					"rotation": {
						"0.0": [0, 0, 0],
						"0.25": [0, 0, -67.5],
						"0.75": [0, 0, -67.5]
					}
				},
				"right": {
					"rotation": {
						"0.0": [0, 0, 0],
						"0.25": [0, 0, 67.5],
						"0.75": [0, 0, 67.5]
					}
				},
				"pg1": {
					"scale": 0
				},
				"pg2": {
					"scale": 0
				},
				"bookmark": {
					"rotation": {
						"0.0": [0, 0, 0],
						"0.25": [0, 0, -67.5]
					}
				},
				"bookmark2": {
					"rotation": {
						"0.0": [0, 0, 0],
						"0.25": [0, 0, 67.5]
					}
				}
			}
		},
		"animation.lifeboat_ta_book.page_forward": {
			"animation_length": 0.5,
			"bones": {
				"pg1": {
					"rotation": {
						"0.0": [0, 0, -202.5],
						"0.3333": [0, 0, -360]
					}
				},
				"pg2": {
					"rotation": {
						"0.0": [0, 0, 0],
						"0.1667": [0, 0, -22.5],
						"0.3333": [0, 0, -67.5],
						"0.5": [0, 0, -157.5]
					}
				}
			}
		},
		"animation.lifeboat_ta_book.page_back": {
			"animation_length": 0.5,
			"bones": {
				"pg1": {
					"rotation": {
						"0.1667": [0, 0, -360],
						"0.5": [0, 0, -202.5]
					}
				},
				"pg2": {
					"rotation": {
						"0.0": [0, 0, -157.5],
						"0.1667": [0, 0, -67.5],
						"0.3333": [0, 0, -22.5],
						"0.5": [0, 0, 0]
					}
				}
			}
		}
	}
}