{
	"format_version": "1.8.0",
	"animations": {
		"animation.lb_ta_wagon_base.chest_opening": {
			"animation_length": 0.75,
			"bones": {
				"chest_lid": {
					"rotation": {
						"0.0": [0, 0, 0],
						"0.75": [0, 0, -90]
					}
				}
			}
		},
		"animation.lb_ta_wagon_base.chest_closing": {
			"animation_length": 0.75,
			"bones": {
				"chest_lid": {
					"rotation": {
						"0.0": [0, 0, -90],
						"0.75": [0, 0, 0]
					}
				}
			}
		},
		"animation.lb_ta_wagon_base.chest_open": {
			"loop": true,
			"bones": {
				"chest_lid": {
					"rotation": [0, 0, -90]
				}
			}
		}
	}
}