{
	"format_version": "1.8.0",
	"animations": {
		"animation.lb_ta_position_lights.lights": {
			"loop": true,
			"animation_length": 20,
			"bones": {
				"green_left_1": {
					"position": {
						"9.9583": [0, 0, 0],
						"10.0": [0, 0, -1],
						"19.9583": [0, 0, -1],
						"20.0": [0, 0, 0]
					}
				},
				"red_left_1": {
					"position": {
						"0.0": [0, 0, 0],
						"9.9583": [0, 0, 0],
						"10.0": [0, 0, 1],
						"19.9583": [0, 0, 1],
						"20.0": [0, 0, 0]
					}
				},
				"yellow_left": {
					"position": {
						"9.9583": [0, 0, 0],
						"10.0": [0, 0, -1],
						"19.9583": [0, 0, -1],
						"20.0": [0, 0, 0]
					}
				},
				"green_right_1": {
					"position": {
						"9.9583": [0, 0, 0],
						"10.0": [0, 0, 1],
						"19.9583": [0, 0, 1],
						"20.0": [0, 0, 0]
					}
				},
				"red_right_1": {
					"position": {
						"9.9583": [0, 0, 0],
						"10.0": [0, 0, -1],
						"19.9583": [0, 0, -1],
						"20.0": [0, 0, 0]
					}
				},
				"yellow_right": {
					"position": {
						"9.9583": [0, 0, 0],
						"10.0": [0, 0, 1],
						"19.9583": [0, 0, 1],
						"20.0": [0, 0, 0]
					}
				}
			}
		}
	}
}