{
	"format_version": "1.8.0",
	"animations": {
		"animation.lb_ta_crossing_signal.moving": {
			"loop": true,
			"animation_length": 38,
			"bones": {
				"light_1": {
					"position": {
						"1.0": [0, 0, 0],
						"1.0417": [0, 0, -1],
						"2.4583": [0, 0, -1],
						"2.5": [0, 0, 0],
						"2.9583": [0, 0, 0],
						"3.0": [0, 0, -1],
						"3.4583": [0, 0, -1],
						"3.5": [0, 0, 0],
						"3.9583": [0, 0, 0],
						"4.0": [0, 0, -1],
						"4.4583": [0, 0, -1],
						"4.5": [0, 0, 0],
						"4.9583": [0, 0, 0],
						"5.0": [0, 0, -1],
						"5.4583": [0, 0, -1],
						"5.5": [0, 0, 0],
						"5.9583": [0, 0, 0],
						"6.0": [0, 0, -1],
						"6.4583": [0, 0, -1],
						"6.5": [0, 0, 0],
						"6.9583": [0, 0, 0],
						"7.0": [0, 0, -1],
						"7.4583": [0, 0, -1],
						"7.5": [0, 0, 0],
						"7.9583": [0, 0, 0],
						"8.0": [0, 0, -1],
						"8.4583": [0, 0, -1],
						"8.5": [0, 0, 0],
						"8.9583": [0, 0, 0],
						"9.0": [0, 0, -1],
						"9.4583": [0, 0, -1],
						"9.5": [0, 0, 0],
						"9.9583": [0, 0, 0],
						"10.0": [0, 0, -1],
						"10.4583": [0, 0, -1],
						"10.5": [0, 0, 0],
						"10.9583": [0, 0, 0],
						"11.0": [0, 0, -1],
						"11.4583": [0, 0, -1],
						"11.5": [0, 0, 0],
						"11.9583": [0, 0, 0],
						"12.0": [0, 0, -1],
						"12.4583": [0, 0, -1],
						"12.5": [0, 0, 0],
						"12.9583": [0, 0, 0],
						"13.0": [0, 0, -1],
						"13.4583": [0, 0, -1],
						"13.5": [0, 0, 0],
						"13.9583": [0, 0, 0],
						"14.0": [0, 0, -1],
						"14.4583": [0, 0, -1],
						"14.5": [0, 0, 0],
						"14.9583": [0, 0, 0],
						"15.0": [0, 0, -1],
						"15.4583": [0, 0, -1],
						"15.5": [0, 0, 0],
						"15.9583": [0, 0, 0],
						"16.0": [0, 0, -1],
						"16.4583": [0, 0, -1],
						"16.5": [0, 0, 0],
						"16.9583": [0, 0, 0],
						"17.0": [0, 0, -1],
						"17.4583": [0, 0, -1],
						"17.5": [0, 0, 0]
					}
				},
				"arm": {
					"rotation": {
						"0.0": [0, 0, 0],
						"1.0": [0, 0, 0],
						"2.0": [0, 0, -60],
						"17.0": [0, 0, -60],
						"18.0": [0, 0, 0]
					}
				},
				"light_2": {
					"position": {
						"1.0": [0, 0, 0],
						"1.0417": [0, 0, -1],
						"1.9583": [0, 0, -1],
						"2.0": [0, 0, 0],
						"2.4583": [0, 0, 0],
						"2.5": [0, 0, -1],
						"2.9583": [0, 0, -1],
						"3.0": [0, 0, 0],
						"3.4583": [0, 0, 0],
						"3.5": [0, 0, -1],
						"3.9583": [0, 0, -1],
						"4.0": [0, 0, 0],
						"4.4583": [0, 0, 0],
						"4.5": [0, 0, -1],
						"4.9583": [0, 0, -1],
						"5.0": [0, 0, 0],
						"5.4583": [0, 0, 0],
						"5.5": [0, 0, -1],
						"5.9583": [0, 0, -1],
						"6.0": [0, 0, 0],
						"6.4583": [0, 0, 0],
						"6.5": [0, 0, -1],
						"6.9583": [0, 0, -1],
						"7.0": [0, 0, 0],
						"7.4583": [0, 0, 0],
						"7.5": [0, 0, -1],
						"7.9583": [0, 0, -1],
						"8.0": [0, 0, 0],
						"8.4583": [0, 0, 0],
						"8.5": [0, 0, -1],
						"8.9583": [0, 0, -1],
						"9.0": [0, 0, 0],
						"9.4583": [0, 0, 0],
						"9.5": [0, 0, -1],
						"9.9583": [0, 0, -1],
						"10.0": [0, 0, 0],
						"10.4583": [0, 0, 0],
						"10.5": [0, 0, -1],
						"10.9583": [0, 0, -1],
						"11.0": [0, 0, 0],
						"11.4583": [0, 0, 0],
						"11.5": [0, 0, -1],
						"11.9583": [0, 0, -1],
						"12.0": [0, 0, 0],
						"12.4583": [0, 0, 0],
						"12.5": [0, 0, -1],
						"12.9583": [0, 0, -1],
						"13.0": [0, 0, 0],
						"13.5": [0, 0, -1],
						"13.9583": [0, 0, -1],
						"14.0": [0, 0, 0],
						"14.4583": [0, 0, 0],
						"14.5": [0, 0, -1],
						"14.9583": [0, 0, -1],
						"15.0": [0, 0, 0],
						"15.4583": [0, 0, 0],
						"15.5": [0, 0, -1],
						"15.9583": [0, 0, -1],
						"16.0": [0, 0, 0],
						"16.4583": [0, 0, 0],
						"16.5": [0, 0, -1],
						"16.9583": [0, 0, -1],
						"17.0": [0, 0, 0],
						"17.4583": [0, 0, 0],
						"17.5": [0, 0, -1],
						"17.9583": [0, 0, -1],
						"18.0": [0, 0, 0]
					}
				},
				"light_3": {
					"position": {
						"1.0": [0, 0, 0],
						"1.0417": [0, 0, 1],
						"1.9583": [0, 0, 1],
						"2.0": [0, 0, 0],
						"2.4583": [0, 0, 0],
						"2.5": [0, 0, 1],
						"2.9583": [0, 0, 1],
						"3.0": [0, 0, 0],
						"3.4583": [0, 0, 0],
						"3.5": [0, 0, 1],
						"3.9583": [0, 0, 1],
						"4.0": [0, 0, 0],
						"4.4583": [0, 0, 0],
						"4.5": [0, 0, 1],
						"4.9583": [0, 0, 1],
						"5.0": [0, 0, 0],
						"5.4583": [0, 0, 0],
						"5.5": [0, 0, 1],
						"5.9583": [0, 0, 1],
						"6.0": [0, 0, 0],
						"6.4583": [0, 0, 0],
						"6.5": [0, 0, 1],
						"6.9583": [0, 0, 1],
						"7.0": [0, 0, 0],
						"7.4583": [0, 0, 0],
						"7.5": [0, 0, 1],
						"7.9583": [0, 0, 1],
						"8.0": [0, 0, 0],
						"8.4583": [0, 0, 0],
						"8.5": [0, 0, 1],
						"8.9583": [0, 0, 1],
						"9.0": [0, 0, 0],
						"9.4583": [0, 0, 0],
						"9.5": [0, 0, 1],
						"9.9583": [0, 0, 1],
						"10.0": [0, 0, 0],
						"10.5": [0, 0, 1],
						"10.9583": [0, 0, 1],
						"11.0": [0, 0, 0],
						"11.4583": [0, 0, 0],
						"11.5": [0, 0, 1],
						"11.9583": [0, 0, 1],
						"12.0": [0, 0, 0],
						"12.4583": [0, 0, 0],
						"12.5": [0, 0, 1],
						"12.9583": [0, 0, 1],
						"13.0": [0, 0, 0],
						"13.4583": [0, 0, 0],
						"13.5": [0, 0, 1],
						"13.9583": [0, 0, 1],
						"14.0": [0, 0, 0],
						"14.4583": [0, 0, 0],
						"14.5": [0, 0, 1],
						"14.9583": [0, 0, 1],
						"15.0": [0, 0, 0],
						"15.4583": [0, 0, 0],
						"15.5": [0, 0, 1],
						"15.9583": [0, 0, 1],
						"16.0": [0, 0, 0],
						"16.4583": [0, 0, 0],
						"16.5": [0, 0, 1],
						"16.9583": [0, 0, 1],
						"17.0": [0, 0, 0],
						"17.4583": [0, 0, 0],
						"17.5": [0, 0, 1],
						"17.9583": [0, 0, 1],
						"18.0": [0, 0, 0]
					}
				},
				"light_4": {
					"position": {
						"1.0": [0, 0, 0],
						"1.0417": [0, 0, 1],
						"2.4583": [0, 0, 1],
						"2.5": [0, 0, 0],
						"2.9583": [0, 0, 0],
						"3.0": [0, 0, 1],
						"3.4583": [0, 0, 1],
						"3.5": [0, 0, 0],
						"3.9583": [0, 0, 0],
						"4.0": [0, 0, 1],
						"4.4583": [0, 0, 1],
						"4.5": [0, 0, 0],
						"4.9583": [0, 0, 0],
						"5.0": [0, 0, 1],
						"5.4583": [0, 0, 1],
						"5.5": [0, 0, 0],
						"5.9583": [0, 0, 0],
						"6.0": [0, 0, 1],
						"6.4583": [0, 0, 1],
						"6.5": [0, 0, 0],
						"6.9583": [0, 0, 0],
						"7.0": [0, 0, 1],
						"7.4583": [0, 0, 1],
						"7.5": [0, 0, 0],
						"7.9583": [0, 0, 0],
						"8.0": [0, 0, 1],
						"8.4583": [0, 0, 1],
						"8.5": [0, 0, 0],
						"8.9583": [0, 0, 0],
						"9.0": [0, 0, 1],
						"9.4583": [0, 0, 1],
						"9.5": [0, 0, 0],
						"9.9583": [0, 0, 0],
						"10.0": [0, 0, 1],
						"10.4583": [0, 0, 1],
						"10.5": [0, 0, 0],
						"10.9583": [0, 0, 0],
						"11.0": [0, 0, 1],
						"11.4583": [0, 0, 1],
						"11.5": [0, 0, 0],
						"11.9583": [0, 0, 0],
						"12.0": [0, 0, 1],
						"12.4583": [0, 0, 1],
						"12.5": [0, 0, 0],
						"12.9583": [0, 0, 0],
						"13.0": [0, 0, 1],
						"13.4583": [0, 0, 1],
						"13.5": [0, 0, 0],
						"13.9583": [0, 0, 0],
						"14.0": [0, 0, 1],
						"14.4583": [0, 0, 1],
						"14.5": [0, 0, 0],
						"14.9583": [0, 0, 0],
						"15.0": [0, 0, 1],
						"15.4583": [0, 0, 1],
						"15.5": [0, 0, 0],
						"15.9583": [0, 0, 0],
						"16.0": [0, 0, 1],
						"16.4583": [0, 0, 1],
						"16.5": [0, 0, 0],
						"16.9583": [0, 0, 0],
						"17.0": [0, 0, 1],
						"17.4583": [0, 0, 1],
						"17.5": [0, 0, 0]
					}
				}
			}
		},
		"animation.crossing_signal.flashing_lights": {
			"loop": true,
			"animation_length": 1,
			"sound_effects": {
				"0.0": {
					"effect": "rr_cross"
				},
				"0.5": {
					"effect": "rr_cross"
				}
			},
			"bones": {
				"light_1": {
					"position": {
						"0.0": [0, 0, 0],
						"0.4583": [0, 0, 0],
						"0.5": [0, 0, -1],
						"0.9583": [0, 0, -1],
						"1.0": [0, 0, 0]
					}
				},
				"light_2": {
					"position": {
						"0.0": [0, 0, -1],
						"0.4583": [0, 0, -1],
						"0.5": [0, 0, 0],
						"0.9583": [0, 0, 0],
						"1.0": [0, 0, -1]
					}
				},
				"light_3": {
					"position": {
						"0.0": [0, 0, 1],
						"0.4583": [0, 0, 1],
						"0.5": [0, 0, 0],
						"0.9583": [0, 0, 0],
						"1.0": [0, 0, 1]
					}
				},
				"light_4": {
					"position": {
						"0.0": [0, 0, 0],
						"0.4583": [0, 0, 0],
						"0.5": [0, 0, 1],
						"0.9583": [0, 0, 1],
						"1.0": [0, 0, 0]
					}
				}
			}
		},
		"animation.crossing_signal.arm_going_down": {
			"animation_length": 2,
			"bones": {
				"arm": {
					"rotation": {
						"0.0": [0, 0, 0],
						"2.0": [0, 0, -60]
					}
				}
			}
		},
		"animation.crossing_signal.arm_is_down": {
			"loop": true,
			"bones": {
				"arm": {
					"rotation": [0, 0, -60]
				}
			}
		},
		"animation.crossing_signal.arm_going_up": {
			"animation_length": 2,
			"bones": {
				"arm": {
					"rotation": {
						"0.0": [0, 0, -60],
						"2.0": [0, 0, 0]
					}
				}
			}
		},
		"animation.crossing_signal.default": {
			"loop": true
		}
	}
}