{
	"format_version": "1.8.0",
	"animations": {
		"animation.lb_ta_lights_3.lights_blinking": {
			"loop": true,
			"animation_length": 39,
			"bones": {
				"light_red_left_blink": {
					"position": {
						"0.0": [0, 0, 0],
						"1.9583": [0, 0, 0],
						"2.0": [0, 0, -1],
						"2.9583": [0, 0, -1],
						"3.0": [0, 0, 0],
						"3.4583": [0, 0, 0],
						"3.5": [0, 0, -1],
						"3.9583": [0, 0, -1],
						"4.0": [0, 0, 0],
						"4.4583": [0, 0, 0],
						"4.5": [0, 0, -1],
						"4.9583": [0, 0, -1],
						"5.0": [0, 0, 0],
						"5.4583": [0, 0, 0],
						"5.5": [0, 0, -1],
						"5.9583": [0, 0, -1],
						"6.0": [0, 0, 0],
						"6.4583": [0, 0, 0],
						"6.5": [0, 0, -1],
						"6.9583": [0, 0, -1],
						"7.0": [0, 0, 0],
						"7.4583": [0, 0, 0],
						"7.5": [0, 0, -1],
						"7.9583": [0, 0, -1],
						"8.0": [0, 0, 0],
						"8.4583": [0, 0, 0],
						"8.5": [0, 0, -1],
						"8.9583": [0, 0, -1],
						"9.0": [0, 0, 0],
						"9.4583": [0, 0, 0],
						"9.5": [0, 0, -1],
						"9.9583": [0, 0, -1],
						"10.0": [0, 0, 0],
						"10.4583": [0, 0, 0],
						"10.5": [0, 0, -1],
						"10.9583": [0, 0, -1],
						"11.0": [0, 0, 0],
						"11.4583": [0, 0, 0],
						"11.5": [0, 0, -1],
						"11.9583": [0, 0, -1],
						"12.0": [0, 0, 0],
						"12.4583": [0, 0, 0],
						"12.5": [0, 0, -1],
						"12.9583": [0, 0, -1],
						"13.0": [0, 0, 0],
						"13.4583": [0, 0, 0],
						"13.5": [0, 0, -1],
						"13.9583": [0, 0, -1],
						"14.0": [0, 0, 0],
						"14.4583": [0, 0, 0],
						"14.5": [0, 0, -1],
						"14.9583": [0, 0, -1],
						"15.0": [0, 0, 0],
						"15.4583": [0, 0, 0],
						"15.5": [0, 0, -1],
						"15.9583": [0, 0, -1],
						"16.0": [0, 0, 0],
						"16.4583": [0, 0, 0],
						"16.5": [0, 0, -1],
						"16.9583": [0, 0, -1],
						"17.0": [0, 0, 0],
						"17.4583": [0, 0, 0],
						"17.5": [0, 0, -1],
						"17.9583": [0, 0, -1],
						"18.0": [0, 0, 0],
						"18.4583": [0, 0, 0],
						"18.5": [0, 0, -1],
						"18.9583": [0, 0, -1],
						"19.0": [0, 0, 0]
					}
				},
				"light_red_right_blink": {
					"position": {
						"0.0": [0, 0, 0],
						"1.9583": [0, 0, 0],
						"2.0": [0, 0, -1],
						"3.4583": [0, 0, -1],
						"3.5": [0, 0, 0],
						"3.9583": [0, 0, 0],
						"4.0": [0, 0, -1],
						"4.4583": [0, 0, -1],
						"4.5": [0, 0, 0],
						"4.9583": [0, 0, 0],
						"5.0": [0, 0, -1],
						"5.4583": [0, 0, -1],
						"5.5": [0, 0, 0],
						"5.9583": [0, 0, 0],
						"6.0": [0, 0, -1],
						"6.4583": [0, 0, -1],
						"6.5": [0, 0, 0],
						"6.9583": [0, 0, 0],
						"7.0": [0, 0, -1],
						"7.4583": [0, 0, -1],
						"7.5": [0, 0, 0],
						"7.9583": [0, 0, 0],
						"8.0": [0, 0, -1],
						"8.4583": [0, 0, -1],
						"8.5": [0, 0, 0],
						"8.9583": [0, 0, 0],
						"9.0": [0, 0, -1],
						"9.4583": [0, 0, -1],
						"9.5": [0, 0, 0],
						"9.9583": [0, 0, 0],
						"10.0": [0, 0, -1],
						"10.4583": [0, 0, -1],
						"10.5": [0, 0, 0],
						"10.9583": [0, 0, 0],
						"11.0": [0, 0, -1],
						"11.4583": [0, 0, -1],
						"11.5": [0, 0, 0],
						"11.9583": [0, 0, 0],
						"12.0": [0, 0, -1],
						"12.4583": [0, 0, -1],
						"12.5": [0, 0, 0],
						"12.9583": [0, 0, 0],
						"13.0": [0, 0, -1],
						"13.4583": [0, 0, -1],
						"13.5": [0, 0, 0],
						"13.9583": [0, 0, 0],
						"14.0": [0, 0, -1],
						"14.4583": [0, 0, -1],
						"14.5": [0, 0, 0],
						"14.9583": [0, 0, 0],
						"15.0": [0, 0, -1],
						"15.4583": [0, 0, -1],
						"15.5": [0, 0, 0],
						"15.9583": [0, 0, 0],
						"16.0": [0, 0, -1],
						"16.4583": [0, 0, -1],
						"16.5": [0, 0, 0],
						"16.9583": [0, 0, 0],
						"17.0": [0, 0, -1],
						"17.4583": [0, 0, -1],
						"17.5": [0, 0, 0],
						"17.9583": [0, 0, 0],
						"18.0": [0, 0, -1],
						"18.4583": [0, 0, -1],
						"18.5": [0, 0, 0]
					}
				},
				"light_yellow_blink": {
					"position": {
						"0.0": [0, 0, 0],
						"0.9583": [0, 0, 0],
						"1.0": [0, 0, -1],
						"1.9583": [0, 0, -1],
						"2.0": [0, 0, 0],
						"18.9583": [0, 0, 0],
						"19.0": [0, 0, -1],
						"19.9583": [0, 0, -1],
						"20.0": [0, 0, 0]
					}
				}
			}
		},
		"animation.lb_ta_lights_3.yellow_light": {
			"animation_length": 1,
			"bones": {
				"light_yellow_blink": {
					"position": [0, 0, -1]
				}
			}
		},
		"animation.lb_ta_lights_3.red_flashing": {
			"loop": true,
			"animation_length": 2,
			"sound_effects": {
				"0.0": {
					"effect": "rr_cross"
				},
				"0.5": {
					"effect": "rr_cross"
				},
				"1.0": {
					"effect": "rr_cross"
				},
				"1.5": {
					"effect": "rr_cross"
				}
			},
			"bones": {
				"light_red_left_blink": {
					"position": {
						"0.0": [0, 0, 0],
						"0.4583": [0, 0, 0],
						"0.5": [0, 0, -1],
						"0.9583": [0, 0, -1],
						"1.0": [0, 0, 0],
						"1.4583": [0, 0, 0],
						"1.5": [0, 0, -1],
						"1.9583": [0, 0, -1],
						"2.0": [0, 0, 0]
					}
				},
				"light_red_right_blink": {
					"position": {
						"0.0": [0, 0, -1],
						"0.4583": [0, 0, -1],
						"0.5": [0, 0, 0],
						"0.9583": [0, 0, 0],
						"1.0": [0, 0, -1],
						"1.4583": [0, 0, -1],
						"1.5": [0, 0, 0],
						"1.9583": [0, 0, 0],
						"2.0": [0, 0, -1]
					}
				}
			}
		},
		"animation.lb_ta_lights_3.lights_off": {
			"loop": true
		}
	}
}