{
	"format_version": "1.8.0",
	"animations": {
		"animation.display_default": {
			"loop": true,
			"bones": {
				"0": {
					"scale": "math.mod(v.level, 10) == 0 ? 1 : 0"
				},
				"1": {
					"scale": "math.mod(v.level, 10) == 1 ? 1 : 0"
				},
				"2": {
					"scale": "math.mod(v.level, 10) == 2 ? 1 : 0"
				},
				"3": {
					"scale": "math.mod(v.level, 10) == 3 ? 1 : 0"
				},
				"4": {
					"scale": "math.mod(v.level, 10) == 4 ? 1 : 0"
				},
				"5": {
					"scale": "math.mod(v.level, 10) == 5 ? 1 : 0"
				},
				"6": {
					"scale": "math.mod(v.level, 10) == 6 ? 1 : 0"
				},
				"7": {
					"scale": "math.mod(v.level, 10) == 7 ? 1 : 0"
				},
				"8": {
					"scale": "math.mod(v.level, 10) == 8 ? 1 : 0"
				},
				"9": {
					"scale": "math.mod(v.level, 10) == 9 ? 1 : 0"
				},
				"10": {
					"scale": "v.level >= 10 && math.mod(math.trunc(v.level/10), 10) == 1 ? 1 : 0"
				},
				"20": {
					"scale": "v.level >= 10 && math.mod(math.trunc(v.level/10), 10) == 2 ? 1 : 0"
				},
				"30": {
					"scale": "v.level >= 10 && math.mod(math.trunc(v.level/10), 10) == 3 ? 1 : 0"
				},
				"40": {
					"scale": "v.level >= 10 && math.mod(math.trunc(v.level/10), 10) == 4 ? 1 : 0"
				},
				"50": {
					"scale": "v.level >= 10 && math.mod(math.trunc(v.level/10), 10) == 5 ? 1 : 0"
				},
				"60": {
					"scale": "v.level >= 10 && math.mod(math.trunc(v.level/10), 10) == 6 ? 1 : 0"
				},
				"70": {
					"scale": "v.level >= 10 && math.mod(math.trunc(v.level/10), 10) == 7 ? 1 : 0"
				},
				"80": {
					"scale": "v.level >= 10 && math.mod(math.trunc(v.level/10), 10) == 8 ? 1 : 0"
				},
				"90": {
					"scale": "v.level >= 10 && math.mod(math.trunc(v.level/10), 10) == 9 ? 1 : 0"
				},
				"100": {
					"scale": "v.level >= 100 && math.mod(math.trunc(v.level/100), 10) == 1 ? 1 : 0"
				},
				"200": {
					"scale": "v.level >= 100 && math.mod(math.trunc(v.level/100), 10) == 2 ? 1 : 0"
				},
				"300": {
					"scale": "v.level >= 100 && math.mod(math.trunc(v.level/100), 10) == 3 ? 1 : 0"
				},
				"400": {
					"scale": "v.level >= 100 && math.mod(math.trunc(v.level/100), 10) == 4 ? 1 : 0"
				},
				"500": {
					"scale": "v.level >= 100 && math.mod(math.trunc(v.level/100), 10) == 5 ? 1 : 0"
				},
				"600": {
					"scale": "v.level >= 100 && math.mod(math.trunc(v.level/100), 10) == 6 ? 1 : 0"
				},
				"700": {
					"scale": "v.level >= 100 && math.mod(math.trunc(v.level/100), 10) == 7 ? 1 : 0"
				},
				"800": {
					"scale": "v.level >= 100 && math.mod(math.trunc(v.level/100), 10) == 8 ? 1 : 0"
				},
				"900": {
					"scale": "v.level >= 100 && math.mod(math.trunc(v.level/100), 10) == 9 ? 1 : 0"
				},
				"1000": {
					"scale": "v.level >= 1000 && math.mod(math.trunc(v.level/1000), 10) == 1 ? 1 : 0"
				},
				"2000": {
					"scale": "v.level >= 1000 && math.mod(math.trunc(v.level/1000), 10) == 2 ? 1 : 0"
				},
				"3000": {
					"scale": "v.level >= 1000 && math.mod(math.trunc(v.level/1000), 10) == 3 ? 1 : 0"
				},
				"4000": {
					"scale": "v.level >= 1000 && math.mod(math.trunc(v.level/1000), 10) == 4 ? 1 : 0"
				},
				"5000": {
					"scale": "v.level >= 1000 && math.mod(math.trunc(v.level/1000), 10) == 5 ? 1 : 0"
				},
				"6000": {
					"scale": "v.level >= 1000 && math.mod(math.trunc(v.level/1000), 10) == 6 ? 1 : 0"
				},
				"7000": {
					"scale": "v.level >= 1000 && math.mod(math.trunc(v.level/1000), 10) == 7 ? 1 : 0"
				},
				"8000": {
					"scale": "v.level >= 1000 && math.mod(math.trunc(v.level/1000), 10) == 8 ? 1 : 0"
				},
				"9000": {
					"scale": "v.level >= 1000 && math.mod(math.trunc(v.level/1000), 10) == 9 ? 1 : 0"
				},
				"00": {
					"scale": "v.level >= 10 && math.mod(math.trunc(v.level/10), 10) == 0 ? 1 : 0"
				},
				"000": {
					"scale": "v.level >= 100 && math.mod(math.trunc(v.level/100), 10) == 0 ? 1 : 0"
				},
				"0000": {
					"scale": "v.level >= 1000 && math.mod(math.trunc(v.level/1000), 10) == 0 ? 1 : 0"
				},
				"tens": {
					"position": ["-v.spacing", 0, 0]
				},
				"hundreds": {
					"position": ["-2 * v.spacing", 0, 0]
				},
				"forward": {
					"position": [
						"0.75 + (v.level >= 10 ? 0.75 + (v.spacing / 2) : 0 ) + (v.level >= 100 ? 0.75 + (v.spacing / 2): 0) + (v.level >= 1000 ? 0.75 + (v.spacing / 2): 0)",
						0,
						"-v.depth_offset"
					]
				},
				"backward": {
					"rotation": [0, 180, 0],
					"position": [
						"-(0.75 + (v.level >= 10 ? 0.75 + (v.spacing / 2) : 0 ) + (v.level >= 100 ? 0.75 + (v.spacing / 2): 0) + (v.level >= 1000 ? 0.75 + (v.spacing / 2): 0))",
						0,
						"v.depth_offset"
					]
				},
				"thousands": {
					"position": ["-3 * v.spacing", 0, 0]
				},
				"numbers": {
					"position": [0, "v.height", 0],
					"scale": "variable.scale"
				}
			}
		}
	}
}