{
	"format_version": "1.8.0",
	"animations": {
		"animation.lb_ta_drill.move": {
			"loop": true,
			"animation_length": 1,
			"bones": {
				"drill": {
					"rotation": {
						"0.0": [0, 0, 0],
						"1.0": [0, 0, -360]
					}
				}
			}
		},
		"animation.lb_ta_drill.controls": {
			"loop": true,
			"bones": {
				"lights": {
					"position": [0, "query.property('lifeboat_ta:light_on') ? 1 : 0", 0]
				},
				"speed": {
					"rotation": ["query.property('lifeboat_ta:speed') * 15", 0, 0]
				}
			}
		}
	}
}