{
	"format_version": "1.8.0",
	"animations": {
		"animation.e2_linkages": {
			"loop": true,
			"bones": {
				"arms": {
					"position": [0, "3 * math.cos(v.wheel_rotation)", "3 * -math.sin(v.wheel_rotation)"]
				}
			}
		},
		"animation.e2_controls": {
			"loop": true,
			"bones": {
				"speed": {
					"rotation": ["query.property('lifeboat_ta:speed') * (30 / 2)", 0, 0]
				},
				"lights": {
					"position": [0, "0 + (query.property('lifeboat_ta:light_on') ? 1 : 0)", 0]
				}
			}
		},
		"animation.e2_gauges": {
			"loop": true,
			"bones": {
				"dial": {
					"rotation": [0, 0, "-math.min(query.ground_speed * 20, 270)"]
				}
			}
		}
	}
}