{
	"format_version": "1.8.0",
	"animations": {
		"animation.lb_ta_emdgp.controls": {
			"loop": true,
			"bones": {
				"lights": {
					"position": [0, "query.property('lifeboat_ta:light_on') ? 0.5735764364 : 0", "query.property('lifeboat_ta:light_on') ? -0.8191520443 : 0"]
				},
				"speed": {
					"rotation": ["query.property('lifeboat_ta:speed') * (90 / 4)", 0, 0]
				}
			}
		},
		"animation.lb_ta_emdgp.whistle": {
			"animation_length": 1,
			"bones": {
				"wCord": {
					"scale": {
						"0.0": [1, 1, 1],
						"0.5": [1, 2.8, 1]
					}
				},
				"wHandle": {
					"position": {
						"0.0": [0, 0, 0],
						"0.0417": [0, -0.21493, 0],
						"0.0833": [0, -0.85376, 0],
						"0.125": [0, -1.24836, 0],
						"0.1667": [0, -1.47727, 0],
						"0.2083": [0, -1.62119, 0],
						"0.25": [0, -1.71313, 0],
						"0.2917": [0, -1.76938, 0],
						"0.3333": [0, -1.79934, 0],
						"0.375": [0, -1.80886, 0],
						"0.4167": [0, -1.80206, 0],
						"0.4583": [0, -1.7817, 0],
						"0.5": [0, -1.75, 0],
						"0.5417": [0, -1.70844, 0],
						"0.5833": [0, -1.65649, 0],
						"0.625": [0, -1.59215, 0],
						"0.6667": [0, -1.51272, 0],
						"0.7083": [0, -1.41445, 0],
						"0.75": [0, -1.29156, 0],
						"0.7917": [0, -1.13491, 0],
						"0.8333": [0, -0.92794, 0],
						"0.875": [0, -0.6365, 0],
						"0.9167": [0, -0.19969, 0],
						"0.9583": [0, 0.08418, 0],
						"1.0": [0, 0, 0]
					}
				}
			}
		},
		"animation.lb_ta_emdgp.gauges": {
			"loop": true,
			"bones": {
				"dial": {
					"rotation": [0, "math.min(query.ground_speed * 1.5, 30)", 0]
				}
			}
		}
	}
}