{
	"format_version": "1.8.0",
	"animations": {
		"animation.lb_ta_gpls.lights": {
			"loop": true,
			"animation_length": 20,
			"bones": {
				"red": {
					"position": {
						"0.9167": [0, 0, 0],
						"1.0": [0, 0, -1],
						"10.9583": [0, 0, -1],
						"11.0": [0, 0, 0]
					}
				},
				"white": {
					"position": {
						"0.9583": [0, 0, 0],
						"1.0": [0, 0, 1],
						"10.9583": [0, 0, 1],
						"11.0": [0, 0, 0]
					}
				},
				"white_2": {
					"position": {
						"0.9583": [0, 0, 0],
						"1.0": [0, 0, 1],
						"10.9583": [0, 0, 1],
						"11.0": [0, 0, 0]
					}
				},
				"red_2": {
					"position": {
						"0.9583": [0, 0, 0],
						"1.0": [0, 0, -1],
						"10.9583": [0, 0, -1],
						"11.0": [0, 0, 0]
					}
				}
			}
		}
	}
}