{
	"format_version": "1.8.0",
	"animations": {
		"animation.lb_ta_lights_2.lights": {
			"loop": true,
			"animation_length": 20,
			"bones": {
				"green_top": {
					"position": {
						"2.9583": [0, 0, 0],
						"3.0": [0, 0, -1],
						"12.9583": [0, 0, -1],
						"13.0": [0, 0, 0]
					}
				},
				"yellow_top": {
					"position": {
						"0.9583": [0, 0, 0],
						"1.0": [0, 0, -1],
						"2.9583": [0, 0, -1],
						"3.0": [0, 0, 0],
						"12.9583": [0, 0, 0],
						"13.0": [0, 0, -1],
						"14.9583": [0, 0, -1],
						"15.0": [0, 0, 0]
					}
				},
				"red_top": {
					"position": {
						"0.0": [0, 0, 0],
						"0.9583": [0, 0, 0],
						"1.0": [0, 0, 1],
						"14.9583": [0, 0, 1],
						"15.0": [0, 0, 0]
					}
				},
				"green_bot": {
					"position": {
						"2.9583": [0, 0, 0],
						"3.0": [0, 0, 1],
						"12.9583": [0, 0, 1],
						"13.0": [0, 0, 0]
					}
				},
				"red_bot": {
					"position": {
						"2.9583": [0, 0, 0],
						"3.0": [0, 0, -1],
						"12.9583": [0, 0, -1],
						"13.0": [0, 0, 0]
					}
				}
			}
		}
	}
}