{
	"format_version": "1.8.0",
	"animations": {
		"animation.lb_ta_lights_1.lights": {
			"loop": true,
			"animation_length": 20,
			"bones": {
				"red_top": {
					"position": {
						"0.0": [0, 0, 0],
						"0.4583": [0, 0, 0],
						"0.5": [0, 0, 1],
						"14.4583": [0, 0, 1],
						"14.5": [0, 0, 0]
					}
				},
				"yellow_top": {
					"position": {
						"0.4583": [0, 0, 0],
						"0.5": [0, 0, -1],
						"2.4583": [0, 0, -1],
						"2.5": [0, 0, 0],
						"12.4583": [0, 0, 0],
						"12.5": [0, 0, -1],
						"14.4583": [0, 0, -1],
						"14.5": [0, 0, 0]
					}
				},
				"green_top": {
					"position": {
						"2.4583": [0, 0, 0],
						"2.5": [0, 0, -1],
						"5.9583": [0, 0, -1],
						"12.4583": [0, 0, -1],
						"12.5": [0, 0, 0]
					}
				},
				"red_mid": {
					"position": {
						"3.9583": [0, 0, 0],
						"4.0": [0, 0, 1],
						"17.9583": [0, 0, 1],
						"18.0": [0, 0, 0]
					}
				},
				"yellow_mid": {
					"position": {
						"3.9583": [0, 0, 0],
						"4.0": [0, 0, -1],
						"5.9583": [0, 0, -1],
						"6.0": [0, 0, 0],
						"15.9583": [0, 0, 0],
						"16.0": [0, 0, -1],
						"17.9583": [0, 0, -1],
						"18.0": [0, 0, 0]
					}
				},
				"green_mid": {
					"position": {
						"5.9583": [0, 0, 0],
						"6.0": [0, 0, -1],
						"15.9583": [0, 0, -1],
						"16.0": [0, 0, 0]
					}
				},
				"red_bot": {
					"position": {
						"5.9583": [0, 0, 0],
						"6.0": [0, 0, 1],
						"19.9583": [0, 0, 1],
						"20.0": [0, 0, 0]
					}
				},
				"yellow_bot": {
					"position": {
						"5.9583": [0, 0, 0],
						"6.0": [0, 0, -1],
						"7.9583": [0, 0, -1],
						"8.0": [0, 0, 0],
						"17.9583": [0, 0, 0],
						"18.0": [0, 0, -1],
						"19.9583": [0, 0, -1],
						"20.0": [0, 0, 0]
					}
				},
				"green_bot": {
					"position": {
						"7.9583": [0, 0, 0],
						"8.0": [0, 0, -1],
						"17.9583": [0, 0, -1],
						"18.0": [0, 0, 0]
					}
				},
				"white": {
					"position": {
						"0.0": [0, 0, 0],
						"5.9583": [0, 0, 0],
						"6.0": [0, 0, -1],
						"6.4583": [0, 0, -1],
						"6.5": [0, 0, 0],
						"6.9583": [0, 0, 0],
						"7.0": [0, 0, -1],
						"7.4583": [0, 0, -1],
						"7.5": [0, 0, 0],
						"7.9583": [0, 0, 0],
						"8.0": [0, 0, -1],
						"8.4583": [0, 0, -1],
						"8.5": [0, 0, 0],
						"8.9583": [0, 0, 0],
						"9.0": [0, 0, -1],
						"9.4583": [0, 0, -1],
						"9.5": [0, 0, 0],
						"9.9583": [0, 0, 0],
						"10.0": [0, 0, -1],
						"10.4583": [0, 0, -1],
						"10.5": [0, 0, 0],
						"10.9583": [0, 0, 0],
						"11.0": [0, 0, -1],
						"11.4583": [0, 0, -1],
						"11.5": [0, 0, 0],
						"11.9583": [0, 0, 0],
						"12.0": [0, 0, -1],
						"12.4583": [0, 0, -1],
						"12.5": [0, 0, 0],
						"12.9583": [0, 0, 0],
						"13.0": [0, 0, -1],
						"13.4583": [0, 0, -1],
						"13.5": [0, 0, 0],
						"13.9583": [0, 0, 0],
						"14.0": [0, 0, -1],
						"14.4583": [0, 0, -1],
						"14.5": [0, 0, 0],
						"14.9583": [0, 0, 0],
						"15.0": [0, 0, -1],
						"15.4583": [0, 0, -1],
						"15.5": [0, 0, 0],
						"15.9583": [0, 0, 0],
						"16.0": [0, 0, -1],
						"16.4583": [0, 0, -1],
						"16.5": [0, 0, 0],
						"16.9583": [0, 0, 0],
						"17.0": [0, 0, -1],
						"17.4583": [0, 0, -1],
						"17.5": [0, 0, 0],
						"17.9583": [0, 0, 0],
						"18.0": [0, 0, -1],
						"18.4583": [0, 0, -1],
						"18.5": [0, 0, 0],
						"18.9583": [0, 0, 0],
						"19.0": [0, 0, -1],
						"19.4583": [0, 0, -1],
						"19.5": [0, 0, 0]
					}
				}
			}
		}
	}
}