{
	"format_version": "1.8.0",
	"animations": {
		"animation.lb_ta_train_metro.controls": {
			"loop": true,
			"bones": {
				"speed": {
					"rotation": ["query.property('lifeboat_ta:speed') * 30", 0, 0]
				},
				"lights": {
					"position": [0, "query.property('lifeboat_ta:light_on') ? 1 : 0", 0]
				}
			}
		},
		"animation.lb_ta_train_metro.gauges": {
			"loop": true,
			"bones": {
				"dial": {
					"rotation": [0, "math.min(query.ground_speed * 3, 40)", 0]
				}
			}
		},
		"animation.lb_ta_train_metro.open": {
			"loop": "hold_on_last_frame",
			"animation_length": 1.5,
			"blend_weight": 1,
			"bones": {
				"door_half": {
					"position": {
						"0.0": [0, 0, 0],
						"1.0": [0, 0, -6.6],
						"1.14": [0, 0, -6.3],
						"1.26": [0, 0, -6.6],
						"1.3": [0, 0, -6.5],
						"1.36": [0, 0, -6.6]
					}
				},
				"door_half2": {
					"position": {
						"0.0": [0, 0, 0],
						"0.26": [1, 0, 0],
						"1.0": [1, 0, 6.3],
						"1.14": [1, 0, 5.5],
						"1.26": [1, 0, 6.3],
						"1.3": [1, 0, 6.1],
						"1.36": [1, 0, 6.3]
					}
				},
				"door_half7": {
					"position": {
						"0.0": [0, 0, 0],
						"1.0": [0, 0, -6.6],
						"1.14": [0, 0, -6.3],
						"1.26": [0, 0, -6.6],
						"1.3": [0, 0, -6.5],
						"1.36": [0, 0, -6.6]
					}
				},
				"door_half8": {
					"position": {
						"0.0": [0, 0, 0],
						"1.0": [0, 0, 6.3],
						"1.14": [0, 0, 5.5],
						"1.26": [0, 0, 6.3],
						"1.3": [0, 0, 6.1],
						"1.36": [0, 0, 6.3]
					}
				},
				"door_half3": {
					"position": {
						"0.0": [0, 0, 0],
						"0.26": [-1, 0, 0],
						"1.0": [-1, 0, 6.3],
						"1.14": [-1, 0, 5.5],
						"1.26": [-1, 0, 6.3],
						"1.3": [-1, 0, 6.1],
						"1.36": [-1, 0, 6.3]
					}
				},
				"door_half4": {
					"position": {
						"0.0": [0, 0, 0],
						"0.26": [-1, 0, 0],
						"1.0": [-1, 0, -6.6],
						"1.14": [-1, 0, -6.3],
						"1.26": [-1, 0, -6.6],
						"1.3": [-1, 0, -6.5],
						"1.36": [-1, 0, -6.6]
					}
				},
				"door_half5": {
					"position": {
						"0.0": [0, 0, 0],
						"1.0": [0, 0, -6.6],
						"1.14": [0, 0, -6.3],
						"1.26": [0, 0, -6.6],
						"1.3": [0, 0, -6.5],
						"1.36": [0, 0, -6.6]
					}
				},
				"door_half6": {
					"position": {
						"0.0": [0, 0, 0],
						"1.0": [0, 0, 6.3],
						"1.14": [0, 0, 5.5],
						"1.26": [0, 0, 6.3],
						"1.3": [0, 0, 6.1],
						"1.36": [0, 0, 6.3]
					}
				},
				"door_half1": {
					"position": {
						"0.0": [0, 0, 0],
						"0.26": [1, 0, 0],
						"1.0": [1, 0, -6.6],
						"1.14": [1, 0, -6.3],
						"1.26": [1, 0, -6.6],
						"1.3": [1, 0, -6.5],
						"1.36": [1, 0, -6.6]
					}
				}
			},
			"sound_effects": {
				"0.0": {
					"effect": "door_open"
				}
			}
		},
		"animation.lb_ta_train_metro.close": {
			"loop": "hold_on_last_frame",
			"animation_length": 1.5,
			"blend_weight": 1,
			"bones": {
				"door_half": {
					"position": {
						"0.0": [0, 0, 0],
						"1.0": [0, 0, -6.6],
						"1.14": [0, 0, -6.3],
						"1.26": [0, 0, -6.6],
						"1.3": [0, 0, -6.5],
						"1.36": [0, 0, -6.6]
					}
				},
				"door_half2": {
					"position": {
						"0.0": [1, 0, 6.3],
						"0.98": [1, 0, 0],
						"1.48": [0, 0, 0]
					}
				},
				"door_half7": {
					"position": {
						"0.0": [0, 0, 0],
						"1.0": [0, 0, -6.6],
						"1.14": [0, 0, -6.3],
						"1.26": [0, 0, -6.6],
						"1.3": [0, 0, -6.5],
						"1.36": [0, 0, -6.6]
					}
				},
				"door_half8": {
					"position": {
						"0.0": [0, 0, 0],
						"1.0": [0, 0, 6.3],
						"1.14": [0, 0, 5.5],
						"1.26": [0, 0, 6.3],
						"1.3": [0, 0, 6.1],
						"1.36": [0, 0, 6.3]
					}
				},
				"door_half3": {
					"position": {
						"0.0": [-1, 0, 6.3],
						"0.98": [-1, 0, 0],
						"1.48": [0, 0, 0]
					}
				},
				"door_half4": {
					"position": {
						"0.0": [-1, 0, -6.6],
						"0.98": [-1, 0, 0],
						"1.48": [0, 0, 0]
					}
				},
				"door_half5": {
					"position": {
						"0.0": [0, 0, 0],
						"1.0": [0, 0, -6.6],
						"1.14": [0, 0, -6.3],
						"1.26": [0, 0, -6.6],
						"1.3": [0, 0, -6.5],
						"1.36": [0, 0, -6.6]
					}
				},
				"door_half6": {
					"position": {
						"0.0": [0, 0, 0],
						"1.0": [0, 0, 6.3],
						"1.14": [0, 0, 5.5],
						"1.26": [0, 0, 6.3],
						"1.3": [0, 0, 6.1],
						"1.36": [0, 0, 6.3]
					}
				},
				"door_half1": {
					"position": {
						"0.0": [1, 0, -6.6],
						"0.98": [1, 0, 0],
						"1.48": [0, 0, 0]
					}
				}
			},
			"sound_effects": {
				"0.0": {
					"effect": "door_open"
				}
			}
		}
	}
}