{
	"format_version": "1.8.0",
	"animations": {
		"animation.lb_ta_searchlight_signal.light": {
			"loop": true,
			"animation_length": 24,
			"bones": {
				"red": {
					"position": {
						"0.0": [0, 0, 0],
						"1.9583": [0, 0, 0],
						"2.0": [0, 0, 1],
						"15.9583": [0, 0, 1],
						"16.0": [0, 0, 0]
					}
				},
				"yellow": {
					"position": {
						"1.9583": [0, 0, 0],
						"2.0": [0, 0, -1],
						"3.9583": [0, 0, -1],
						"4.0": [0, 0, 0],
						"13.9583": [0, 0, 0],
						"14.0": [0, 0, -1],
						"15.9583": [0, 0, -1],
						"16.0": [0, 0, 0]
					}
				},
				"green": {
					"position": {
						"3.9583": [0, 0, 0],
						"4.0": [0, 0, -1],
						"13.9583": [0, 0, -1],
						"14.0": [0, 0, 0]
					}
				}
			}
		}
	}
}