{
	"format_version": "1.8.0",
	"animations": {
		"animation.lb_ta_semaphore_disc.moving": {
			"loop": true,
			"animation_length": 24,
			"bones": {
				"disc": {
					"rotation": {
						"0.0": [0, 0, 0],
						"1.0": [0, 0, 0],
						"2.0": [0, 0, -45],
						"3.0": [0, 0, -90],
						"11.5": [0, 0, -90],
						"12.5": [0, 0, -45],
						"13.5": [0, 0, 0]
					}
				},
				"green_light": {
					"position": {
						"2.4583": [0, 0, 0],
						"2.5": [0, 0, -1],
						"11.9583": [0, 0, -1],
						"12.0": [0, 0, 0]
					}
				},
				"yellow_light": {
					"position": {
						"1.4583": [0, 0, 0],
						"1.5": [0, 0, -1],
						"2.4583": [0, 0, -1],
						"2.5": [0, 0, 0],
						"11.9583": [0, 0, 0],
						"12.0": [0, 0, -1],
						"12.9583": [0, 0, -1],
						"13.0": [0, 0, 0]
					}
				},
				"red_light": {
					"position": {
						"1.4583": [0, 0, 0],
						"1.5": [0, 0, 1],
						"12.9583": [0, 0, 1],
						"13.0": [0, 0, 0]
					}
				}
			}
		}
	}
}