{
	"format_version": "1.8.0",
	"animations": {
		"animation.lb_ta_semaphore_1.moving": {
			"loop": true,
			"animation_length": 22,
			"bones": {
				"arm": {
					"rotation": {
						"0.0": [0, 0, 0],
						"2.0": [0, 0, 0],
						"2.5": [0, 0, 45],
						"12.0": [0, 0, 45],
						"12.5": [0, 0, 0]
					}
				},
				"red_light": {
					"position": {
						"2.0": [0, 0, 0],
						"2.0417": [0, 0, 1],
						"12.4583": [0, 0, 1],
						"12.5": [0, 0, 0]
					}
				},
				"green_light": {
					"position": {
						"2.4583": [0, 0, 0],
						"2.5": [0, 0, -1],
						"12.0": [0, 0, -1],
						"12.0417": [0, 0, 0]
					}
				}
			}
		}
	}
}