{
	"format_version": "1.8.0",
	"animations": {
		"animation.lb_ta_steam_train.linkages": {
			"loop": true,
			"bones": {
				"wheel1": {
					// this wheel moves faster than the others!
					"rotation": ["v.wheel_rotation * 1.1", 0, 0]
				},
				"arm1": {
					"position": [0, 0, "3 * -math.sin(v.wheel_rotation)"]
				},
				"l_linkage": {
					"position": [0, "3 * math.cos(v.wheel_rotation)", 0]
				},
				"arm3": {
					"position": [0, 0, "3 * -math.sin(v.wheel_rotation)"]
				},
				"r_pushrod": {
					"rotation": ["13.5 * math.cos(v.wheel_rotation)", 0, 0]
				},
				"left": {
					"position": [0, 0, 0]
				},
				"r_linkage": {
					"position": [0, "3 * math.cos(v.wheel_rotation)", 0]
				},
				"l_pushrod": {
					"rotation": ["13.5 * math.cos(v.wheel_rotation)", 0, 0]
				}
			}
		},
		"animation.lb_ta_train.controls": {
			"loop": true,
			"bones": {
				"speed": {
					"rotation": ["(query.property('lifeboat_ta:speed') * 35)", 0, 0]
				},
				"lights": {
					"position": [0, 0, "0 - (query.property('lifeboat_ta:light_on') ? 1 : 0)"]
				}
			}
		},
		"animation.lb_ta_train.gauges": {
			"loop": true,
			"bones": {
				"dial": {
					"rotation": [0, 0, "-math.max(math.min(query.ground_speed * 15, 270),0)"]
				}
			}
		}
	}
}