{
	"format_version": "1.8.0",
	"animations": {
		"animation.lb_ta_subway_car.open": {
			"loop": "hold_on_last_frame",
			"animation_length": 1.36,
			"sound_effects": {
				"0.0": {
				"effect": "door_open"
				}
			},
			"bones": {
				"door_half": {
					"position": {
						"0.0": [0, 0, 0],
						"1.0": [0, 0, -6.6],
						"1.14": [0, 0, -6.3],
						"1.26": [0, 0, -6.6],
						"1.3": [0, 0, -6.5],
						"1.36": [0, 0, -6.6]
					}
				},
				"door_half2": {
					"position": {
						"0.0": [0, 0, 0],
						"1.0": [0, 0, 6.3],
						"1.14": [0, 0, 5.5],
						"1.26": [0, 0, 6.3],
						"1.3": [0, 0, 6.1],
						"1.36": [0, 0, 6.3]
					}
				},
				"door_half7": {
					"position": {
						"0.0": [0, 0, 0],
						"1.0": [0, 0, -6.6],
						"1.14": [0, 0, -6.3],
						"1.26": [0, 0, -6.6],
						"1.3": [0, 0, -6.5],
						"1.36": [0, 0, -6.6]
					}
				},
				"door_half8": {
					"position": {
						"0.0": [0, 0, 0],
						"1.0": [0, 0, 6.3],
						"1.14": [0, 0, 5.5],
						"1.26": [0, 0, 6.3],
						"1.3": [0, 0, 6.1],
						"1.36": [0, 0, 6.3]
					}
				},
				"door_half3": {
					"position": {
						"0.0": [0, 0, 0],
						"1.0": [0, 0, -6.6],
						"1.14": [0, 0, -6.3],
						"1.26": [0, 0, -6.6],
						"1.3": [0, 0, -6.5],
						"1.36": [0, 0, -6.6]
					}
				},
				"door_half4": {
					"position": {
						"0.0": [0, 0, 0],
						"1.0": [0, 0, 6.3],
						"1.14": [0, 0, 5.5],
						"1.26": [0, 0, 6.3],
						"1.3": [0, 0, 6.1],
						"1.36": [0, 0, 6.3]
					}
				},
				"door_half5": {
					"position": {
						"0.0": [0, 0, 0],
						"1.0": [0, 0, -6.6],
						"1.14": [0, 0, -6.3],
						"1.26": [0, 0, -6.6],
						"1.3": [0, 0, -6.5],
						"1.36": [0, 0, -6.6]
					}
				},
				"door_half6": {
					"position": {
						"0.0": [0, 0, 0],
						"1.0": [0, 0, 6.3],
						"1.14": [0, 0, 5.5],
						"1.26": [0, 0, 6.3],
						"1.3": [0, 0, 6.1],
						"1.36": [0, 0, 6.3]
					}
				}
			}
		},
		"animation.lb_ta_subway_car.close": {
			"loop": "hold_on_last_frame",
			"animation_length": 1.36,
			"sound_effects": {
				"0.0": {
				"effect": "door_close"
				}
			},
			"bones": {
				"door_half": {
					"position": {
						"0.0": [0, 0, -6.6],
						"1.0": [0, 0, 0],
						"1.14": [0, 0, -1.2],
						"1.26": [0, 0, 0],
						"1.3": [0, 0, -0.5],
						"1.36": [0, 0, 0]
					}
				},
				"door_half2": {
					"position": {
						"0.0": [0, 0, 6.3],
						"1.0": [0, 0, 0],
						"1.14": [0, 0, 0.7],
						"1.26": [0, 0, 0],
						"1.3": [0, 0, 0.2],
						"1.36": [0, 0, 0]
					}
				},
				"door_half7": {
					"position": {
						"0.0": [0, 0, -6.6],
						"1.0": [0, 0, 0],
						"1.14": [0, 0, -1.2],
						"1.26": [0, 0, 0],
						"1.3": [0, 0, -0.5],
						"1.36": [0, 0, 0]
					}
				},
				"door_half8": {
					"position": {
						"0.0": [0, 0, 6.3],
						"1.0": [0, 0, 0],
						"1.14": [0, 0, 0.7],
						"1.26": [0, 0, 0],
						"1.3": [0, 0, 0.2],
						"1.36": [0, 0, 0]
					}
				},
				"door_half3": {
					"position": {
						"0.0": [0, 0, -6.6],
						"1.0": [0, 0, 0],
						"1.14": [0, 0, -1.2],
						"1.26": [0, 0, 0],
						"1.3": [0, 0, -0.5],
						"1.36": [0, 0, 0]
					}
				},
				"door_half4": {
					"position": {
						"0.0": [0, 0, 6.3],
						"1.0": [0, 0, 0],
						"1.14": [0, 0, 0.7],
						"1.26": [0, 0, 0],
						"1.3": [0, 0, 0.2],
						"1.36": [0, 0, 0]
					}
				},
				"door_half5": {
					"position": {
						"0.0": [0, 0, -6.6],
						"1.0": [0, 0, 0],
						"1.14": [0, 0, -1.2],
						"1.26": [0, 0, 0],
						"1.3": [0, 0, -0.5],
						"1.36": [0, 0, 0]
					}
				},
				"door_half6": {
					"position": {
						"0.0": [0, 0, 6.3],
						"1.0": [0, 0, 0],
						"1.14": [0, 0, 0.7],
						"1.26": [0, 0, 0],
						"1.3": [0, 0, 0.2],
						"1.36": [0, 0, 0]
					}
				}
			}
		}
	}
}