{
	"format_version": "1.8.0",
	"animations": {
		"animation.train_bell": {
			"animation_length": 1,
			"bones": {
				"bell": {
					"position": {
						"0.0": [0, 0, 0],
						"0.0417": [0, -1.08758, 0],
						"0.0833": [0, -2, 0],
						"0.125": [0, -1.67238, 0],
						"0.1667": [0, -1.18699, 0],
						"0.2083": [0, -0.71648, 0],
						"0.25": [0, -0.31427, 0],
						"0.2917": [0, -0.01719, 0],
						"0.3333": [0, 0.13703, 0],
						"0.375": [0, 0.1, 0],
						"0.4167": [0, -0.02148, 0],
						"0.4583": [0, -0.08069, 0],
						"0.5": [0, -0.08367, 0],
						"0.5417": [0, -0.04236, 0],
						"0.5833": [0, 0.01671, 0],
						"0.625": [0, 0.02, 0],
						"0.6667": [0, -0.02018, 0],
						"0.7083": [0, -0.01977, 0],
						"0.7917": [0, 0.00841, 0],
						"0.8333": [0, 0.01, 0],
						"1.0": [0, 0, 0]
					}
				},
				"bell3": {
					"rotation": {
						"0.0": [0, 0, 0],
						"0.0833": {
							"pre": [-42.5, 0, 0],
							"post": [-42.5, 0, 0],
							"lerp_mode": "catmullrom"
						},
						"0.3333": {
							"post": [17.5, 0, 0],
							"lerp_mode": "catmullrom"
						},
						"0.5": {
							"post": [-8.5, 0, 0],
							"lerp_mode": "catmullrom"
						},
						"0.625": {
							"post": [2.5, 0, 0],
							"lerp_mode": "catmullrom"
						},
						"0.7083": {
							"post": [-1.25, 0, 0],
							"lerp_mode": "catmullrom"
						},
						"0.8333": [0, 0, 0]
					}
				}
			}
		},
		"animation.train_whistle": {
			"animation_length": 1.625,
			"bones": {
				"whistle": {
					"position": {
						"0.0": [0, 0, 0],
						"0.0417": [0, -0.94283, 0],
						"0.0833": [0, -1.40495, 0],
						"0.125": [0, -1.65074, 0],
						"0.1667": [0, -1.79781, 0],
						"0.2083": [0, -1.89086, 0],
						"0.25": [0, -1.95056, 0],
						"0.2917": [0, -1.98784, 0],
						"0.3333": [0, -2.0092, 0],
						"0.5": [0, -2, 0],
						"0.5417": [0, -1.97545, 0],
						"0.5833": [0, -1.92981, 0],
						"0.625": [0, -1.85958, 0],
						"0.6667": [0, -1.76025, 0],
						"0.7083": [0, -1.6259, 0],
						"0.75": [0, -1.44839, 0],
						"0.7917": [0, -1.21677, 0],
						"0.8333": [0, -0.91657, 0],
						"0.875": [0, -0.53427, 0],
						"0.9167": [0, -0.09399, 0],
						"0.9583": [0, 0.21376, 0],
						"1.0": [0, 0.15, 0],
						"1.0417": [0, -0.02447, 0],
						"1.0833": [0, -0.08682, 0],
						"1.125": [0, -0.05976, 0],
						"1.2083": [0, 0.08727, 0],
						"1.25": [0, 0.05, 0],
						"1.2917": [0, -0.03011, 0],
						"1.3333": [0, -0.03562, 0],
						"1.4167": [0, 0.02775, 0],
						"1.4583": [0, 0.025, 0],
						"1.5": [0, -0.004, 0],
						"1.625": [0, 0, 0]
					}
				}
			},
			"particle_effects": {
				"0.0833": {
					"effect": "whistle",
					"locator": "whistle_particle"
				}
			}
		}
	}
}