{
	"format_version": "1.8.0",
	"animations": {
		"animation.lb_ta.train_quarry.linkages": {
			"loop": true,
			"animation_length": 1,
			"bones": {
				"arm_left_1": {
					"position": [0, 0, "-2 * math.sin(variable.wheel_rotation)"]
				},
				"arm_left_2": {
					"rotation": ["5 * math.cos(v.wheel_rotation)", 0, 0]
				},
				"arm_right_1": {
					"position": [0, 0, "2 * math.sin(v.wheel_rotation)"]
				},
				"arm_right_2": {
					"rotation": ["-5 * math.cos(v.wheel_rotation)", 0, 0]
				}
			}
		},
		"animation.lb_ta_train_quarry.controls": {
			"loop": true,
			"bones": {
				"speed": {
					"rotation": ["query.property('lifeboat_ta:speed') * (30 / 2)", 0, 0]
				},
				"lights": {
					"position": [0, "query.property('lifeboat_ta:light_on') ? 1 : 0", 0]
				}
			}
		},
		"animation.lb_ta_train_quarry.gauges": {
			"loop": true,
			"bones": {
				"dial": {
					"rotation": [0, 0, "-math.min(query.ground_speed * 20, 270)"]
				}
			}
		}
	}
}