{
	"format_version": "1.8.0",
	"animations": {
		"animation.lb_ta_upgtel.controls": {
			"loop": true,
			"bones": {
				"lights": {
					"position": [0, 0, "0 - (query.property('lifeboat_ta:light_on') ? 1 : 0)"]
				},
				"speed": {
					"rotation": ["query.property('lifeboat_ta:speed') * 22.5", 0, 0]
				}
			}
		},
		"animation.lb_ta_upgtel.gauges": {
			"loop": true,
			"bones": {
				"dial": {
					"rotation": [0, "math.min(query.ground_speed * 1.5, 30)", 0]
				}
			}
		}
	}
}