{
	"format_version": "1.8.0",
	"animations": {
		"animation.lb_ta.move": {
			"loop": true,
			"bones": {
				"wheels6": {
					"rotation": ["v.wheel_rotation", 0, 0]
				},
				"wheels5": {
					"rotation": ["v.wheel_rotation", 0, 0]
				},
				"wheels4": {
					"rotation": ["v.wheel_rotation", 0, 0]
				},
				"wheels3": {
					"rotation": ["v.wheel_rotation", 0, 0]
				},
				"wheels2": {
					"rotation": ["v.wheel_rotation", 0, 0]
				},
				"wheels1": {
					"rotation": ["v.wheel_rotation", 0, 0]
				}
			}
		}
	}
}