{
	"format_version": "1.20.50",
	"minecraft:item": {
		"description": {
			"identifier": "lifeboat_ta:train_caboose_item",
			"menu_category": {
				"category": "items"
			}
		},
		"components": {
			"minecraft:max_stack_size": 64,
			"minecraft:icon": {
				"texture": "caboose"
			},
			"minecraft:entity_placer": {
				"entity": "lifeboat_ta:train_caboose",
                "dispense_on": [
                    "minecraft:rail",
                    "minecraft:golden_rail",
                    "minecraft:detector_rail",
                    "minecraft:activator_rail"
                ],
                "use_on": [
                    "minecraft:rail",
                    "minecraft:golden_rail",
                    "minecraft:detector_rail",
                    "minecraft:activator_rail"
                ]
			}
		}
	}
}