{
    "format_version": "1.20.50",
    "minecraft:item": {
        "description": {
            "identifier": "lifeboat_ta:x_with_lights",
            "menu_category": {
				"category": "items"
			}
        },
        "components": {
            "minecraft:display_name": {
                "value": "Crossing X With Lights"
            },
            "minecraft:icon": {
                "texture": "x_with_lights"
            },
            "minecraft:max_stack_size": 64
        }
    }
}