{
    "format_version": "1.20.50",
    "minecraft:item": {
        "description": {
            "identifier": "lifeboat_ta:semaphore_disc_plate",
            "menu_category": {
				"category": "items"
			}
        },
        "components": {
            "minecraft:display_name": {
                "value": "Semaphore Disc Plate"
            },
            "minecraft:icon": {
                "texture": "semaphore_disc_plate"
            },
            "minecraft:max_stack_size": 64
        }
    }
}