{
    "format_version": "1.12.0",
    "minecraft:recipe_shaped": {
        "description": {
            "identifier": "lifeboat_ta:2_light"
        },
        "tags": ["crafting_table"],
        "pattern": [
            "!",
            "#"
        ],
        "key": {
            "!": {
                "item": "lifeboat_ta:green_light"
            },
            "#": {
                "item": "lifeboat_ta:red_light"
            }
        },
        "result": {
            "item": "lifeboat_ta:2_light"
        }
    }
}