{
    "format_version": "1.12.0",
    "minecraft:recipe_shaped": {
        "description": {
            "identifier": "lifeboat_ta:color_pos_lit_item"
        },
        "tags": ["crafting_table"],
        "pattern": [
            "! !",
            "@#@",
            " # "
        ],
        "key": {
            "!": {
                "item": "lifeboat_ta:yellow_light"
            },
            "@": {
                "item": "lifeboat_ta:4_light"
            },
            "#": {
                "item": "minecraft:iron_bars"
            }
        },
        "result": {
            "item": "lifeboat_ta:color_pos_lit_item"
        }
    }
}