{
    "format_version": "1.12.0",
    "minecraft:recipe_shaped": {
        "description": {
            "identifier": "lifeboat_ta:crossing_arm"
        },
        "tags": ["crafting_table"],
        "pattern": [
            "  !",
            "@!@"
        ],
        "key": {
            "!": {
                "item": "minecraft:white_wool"
            },
            "@": {
                "item": "minecraft:red_wool"
            }
        },
        "result": {
            "item": "lifeboat_ta:crossing_arm"
        }
    }
}