{
    "format_version": "1.12.0",
    "minecraft:recipe_shaped": {
        "description": {
            "identifier": "lifeboat_ta:crossing_sig_item"
        },
        "tags": ["crafting_table"],
        "pattern": [
            " ! ",
            "@# ",
            " # "
        ],
        "key": {
            "!": {
                "item": "lifeboat_ta:x_with_lights"
            },
            "@": {
                "item": "lifeboat_ta:crossing_arm"
            },
            "#": {
                "item": "minecraft:iron_bars"
            }
        },
        "assume_symmetry": true,
        "result": {
            "item": "lifeboat_ta:crossing_sig_item"
        }
    }
}