{
    "format_version": "1.12.0",
    "minecraft:recipe_shaped": {
        "description": {
            "identifier": "lifeboat_ta:decoupling_tool"
        },
        "tags": ["crafting_table"],
        "pattern": [
            "   ",
            " # ",
            "!  "
        ],
        "key": {
            "!": {
                "item": "minecraft:iron_ingot"
            },
            "#": {
                "item": "minecraft:stick"
            }
        },
        "result": {
            "item": "lifeboat_ta:decoupling_tool"
        }
    }
}