{
    "format_version": "1.12.0",
    "minecraft:recipe_shaped": {
        "description": {
            "identifier": "lifeboat_ta:gpls_item"
        },
        "tags": ["crafting_table"],
        "pattern": [
            " # ",
            "@ @",
            "! !"
        ],
        "key": {
            "!": {
                "item": "minecraft:iron_ingot"
            },
            "@": {
                "item": "lifeboat_ta:red_light"
            },
            "#": {
                "item": "lifeboat_ta:green_light"
            }
        },
        "result": {
            "item": "lifeboat_ta:gpls_item"
        }
    }
}