{
    "format_version": "1.12",
    "minecraft:recipe_shapeless": {
        "description": {
            "identifier": "lifeboat_ta:green_light"
        },
        "tags": [ "crafting_table" ],
        "ingredients": [
            {
                "item": "minecraft:torch"
            },
            {
                "item": "minecraft:green_stained_glass"
            }
        ],
        "result": {
            "item": "lifeboat_ta:green_light",
            "count": 1
        }
    }
}