{
    "format_version": "1.12.0",
    "minecraft:recipe_shaped": {
        "description": {
            "identifier": "lifeboat_ta:lights_1_item"
        },
        "tags": ["crafting_table"],
        "pattern": [
            "!#",
            "!#",
            "@#"
        ],
        "key": {
            "!": {
                "item": "lifeboat_ta:3_light"
            },
            "#": {
                "item": "minecraft:iron_bars"
            },
            "@": {
                "item": "lifeboat_ta:4_light"
            }
        },
        "assume_symmetry": true,
        "result": {
            "item": "lifeboat_ta:lights_1_item"
        }
    }
}