{
    "format_version": "1.12.0",
    "minecraft:recipe_shaped": {
        "description": {
            "identifier": "lifeboat_ta:lights_2_item"
        },
        "tags": ["crafting_table"],
        "pattern": [
            " #",
            "!@",
            " @"
        ],
        "key": {
            "!": {
                "item": "lifeboat_ta:2_light"
            },
            "#": {
                "item": "lifeboat_ta:3_light"
            },
            "@": {
                "item": "minecraft:iron_bars"
            }
        },
        "result": {
            "item": "lifeboat_ta:lights_2_item"
        }
    }
}