{
    "format_version": "1.12.0",
    "minecraft:recipe_shaped": {
        "description": {
            "identifier": "lifeboat_ta:load_station"
        },
        "tags": ["crafting_table"],
        "pattern": [
            "!@!",
            "@$@",
            "!#!"
        ],
        "key": {
            "!": {
                "item": "minecraft:lightning_rod"
            },
			"@": {
                "item": "minecraft:iron_bars"
            },
            "$": {
                "item": "minecraft:piston"
            },
			"#": {
                "item": "minecraft:redstone"
            }
        },
        "result": {
            "item": "lifeboat_ta:load_station"
        }
    }
}