{
    "format_version": "1.12.0",
    "minecraft:recipe_shaped": {
        "description": {
            "identifier": "lifeboat_ta:searchlight_sig_item"
        },
        "tags": ["crafting_table"],
        "pattern": [
            "!",
            "@",
            "@"
        ],
        "key": {
            "!": {
                "item": "lifeboat_ta:red_light"
            },
            "@": {
                "item": "minecraft:iron_bars"
            }
        },
        "result": {
            "item": "lifeboat_ta:searchlight_sig_item"
        }
    }
}