{
    "format_version": "1.12.0",
    "minecraft:recipe_shaped": {
        "description": {
            "identifier": "lifeboat_ta:semaphore_disc_item"
        },
        "tags": ["crafting_table"],
        "pattern": [
            "!",
            "@"
        ],
        "key": {
            "!": {
                "item": "lifeboat_ta:semaphore_disc_plate"
            },
            "@": {
                "item": "minecraft:iron_ingot"
            }
        },
        "assume_symmetry": true,
        "result": {
            "item": "lifeboat_ta:semaphore_disc_item"
        }
    }
}