{
    "format_version": "1.12.0",
    "minecraft:recipe_shaped": {
        "description": {
            "identifier": "lifeboat_ta:semaphore_disc_plate"
        },
        "tags": ["crafting_table"],
        "pattern": [
            "!@#",
            "!!$",
            "!!!"
        ],
        "key": {
            "!": {
                "item": "minecraft:white_wool"
            },
            "@": {
                "item": "lifeboat_ta:red_light"
            },
            "#": {
                "item": "lifeboat_ta:yellow_light"
            },
            "$": {
                "item": "lifeboat_ta:green_light"
            }
        },
        "assume_symmetry": true,
        "result": {
            "item": "lifeboat_ta:semaphore_disc_plate"
        }
    }
}