{
    "format_version": "1.12.0",
    "minecraft:recipe_shaped": {
        "description": {
            "identifier": "lifeboat_ta:speed_sign_item"
        },
        "tags": ["crafting_table"],
        "pattern": [
            "@",
            "$",
            "$"
        ],
        "key": {
			"@": {
                "item": "minecraft:compass"
            },
            "$": {
                "item": "minecraft:iron_bars"
            }
        },
        "result": {
            "item": "lifeboat_ta:speed_sign_item"
        }
    }
}