{
    "format_version": "1.12.0",
    "minecraft:recipe_shaped": {
        "description": {
            "identifier": "lifeboat_ta:station"
        },
        "tags": ["crafting_table"],
        "pattern": [
            "@",
            "$",
            "#"
        ],
        "key": {
			"@": {
                "item": "minecraft:clock"
            },
            "$": {
                "item": "minecraft:copper_block"
            },
			"#": {
                "item": "lifeboat_ta:load_station"
            }
        },
        "result": {
            "item": "lifeboat_ta:station"
        }
    }
}