{
    "format_version": "1.12.0",
    "minecraft:recipe_shaped": {
        "description": {
            "identifier": "lifeboat_ta:subway_car_item"
        },
        "tags": ["crafting_table"],
        "pattern": [
            "!!!",
            "$$$",
            "# #"
        ],
        "key": {
            "!": {
                "item": "minecraft:iron_trapdoor"
            },
            "$": {
                "item": "minecraft:iron_ingot"
            },
			"#": {
                "item": "minecraft:minecart"
            }
        },
        "result": {
            "item": "lifeboat_ta:subway_car_item"
        }
    }
}