{
    "format_version": "1.12.0",
    "minecraft:recipe_shaped": {
        "description": {
            "identifier": "lifeboat_ta:x_with_lights"
        },
        "tags": ["crafting_table"],
        "pattern": [
            " ! ",
            "@ @"
        ],
        "key": {
            "!": {
                "item": "lifeboat_ta:crossing_x"
            },
            "@": {
                "item": "lifeboat_ta:red_light"
            }
        },
        "result": {
            "item": "lifeboat_ta:x_with_lights"
        }
    }
}