{
	"format_version": "1.16.100",
	"minecraft:entity": {
		"description": {
			"identifier": "lifeboat_ta:crossing_signal_2",
			"is_spawnable": false,
			"is_summonable": true,
			"is_experimental": false,
			"properties": {
				"lifeboat_ta:arm_down": {
					"type": "bool",
					"client_sync": true,
					"default": false
				}
			}
		},
		"components": {
			"minecraft:fire_immune": {
			},
			"minecraft:physics": {
				"has_gravity": true,
				"has_collision": true
			},
			"minecraft:pushable": {
				"is_pushable": false
			},
			"minecraft:push_through": {
				"value": 1
			},
			"minecraft:damage_sensor": {
				"triggers": [
					{
						"on_damage": {
							"filters": {
								"all_of": [
									{
										"test": "is_family", "subject": "other", "value": "player"
									}
								]
							},
							"event": "despawn",
							"target": "self"
						},
						"deals_damage": false
					}
				]
			},
			"minecraft:behavior.nearest_attackable_target": {
				"priority": 0,
				"reselect_targets": true,
				"must_see": true,
				"scan_interval": 10.0,
				"within_radius": 15.0,
				"entity_types": [
					{
						"filters": {
							"test": "is_family",
							"subject": "other",
							"value": "lb_ta_train"
						},
						"max_dist": 15
					}
				]
			}
		},
		"component_groups": {
			"arm_up": {
				"minecraft:entity_sensor": {
					"subsensors": [
						{
							"range": 15.0,
							"minimum_count": 1,
							"event_filters": {
								"any_of": [
									{
										"test": "is_family",
										"subject": "other",
										"value": "lb_ta_train"
									}
								]
							},
							"event": "arm_down"
						}
					]
				}
			},
			"arm_down": {
				"minecraft:environment_sensor": {
					"triggers": [
						{
							"filters": {
								"all_of": [
									{
										"test": "has_target",
										"operator": "==",
										"value": false
									},
									{
										"test": "bool_property",
										"subject": "self",
										"domain": "lifeboat_ta:arm_down",
										"operator": "==",
										"value": true
									}
								]
							},
							"event": "arm_up"
						}
					]
				}
			},
			"despawn": {
				"minecraft:instant_despawn": {},
				"minecraft:spawn_entity": {
					"entities": {
						"min_wait_time": 0,
						"max_wait_time": 0,
						"num_to_spawn": 1,
						"single_use": true,
						"spawn_item": "lifeboat_ta:crossing_sig_2_item"
					}
				}
			}
		},
		"events": {
			"minecraft:entity_spawned": {
				"add": {
					"component_groups": ["arm_up"]
				}
			},
			"arm_down": {
				"set_property": {
					"lifeboat_ta:arm_down": true
				},
				"remove": {
					"component_groups": ["arm_up"]
				},
				"add": {
					"component_groups": ["arm_down"]
				}
			},
			"arm_up": {
				"set_property": {
					"lifeboat_ta:arm_down": false
				},
				"remove": {
					"component_groups": ["arm_down"]
				},
				"add": {
					"component_groups": ["arm_up"]
				}
			},
			"despawn": {
				"add": {
					"component_groups": ["despawn"]
				}
			}
		}
	}
}