{
    "format_version": "1.16.0",
    "minecraft:entity": {
        "description": {
            "identifier": "lifeboat_ta:drill",
            "is_spawnable": false,
            "is_summonable": true,
            "is_experimental": false,
            "properties": {
                "lifeboat_ta:speed": {
                    "type":"int",
                    "client_sync": true,
                    "default": 0,
                    "range": [0,1]
                },
                "lifeboat_ta:light_on": {
                    "type": "bool",
                    "client_sync": true,
                    "default": false
                },
                "lb_ta:forward": {
                    "type":"bool",
                    "client_sync": true,
                    "default": true
                }
            },
            "animations": {
                "sounds": "animation.lb_ta_train_movement_sound"
            },
            "scripts": {
                "animate": [
                    {"sounds": "query.is_moving"}
                ]
            }
        },
        "component_groups": {
			"lifeboat_ta:train_red": {
                "minecraft:color": {
                    "value": 14
                }
            },
            "despawn": {
                "minecraft:spawn_entity": {
                    "entities": [
                        {
                            "min_wait_time": 0,
                            "max_wait_time": 0,
                            "single_use": true,
                            "spawn_item": "lifeboat_ta:drill_item",
                            "spawn_sound": "plop"
                        }
                    ]
                },
                "minecraft:instant_despawn": {
                    "remove_child_entities": false
                }
            },
            "despawn_timer": {
                "minecraft:timer": {
                    "time": 0.1,
                    "looping": false,
                    "time_down_event": {
                        "event": "despawn",
                        "target": "self"
                    }
                },
                "minecraft:is_baby": {}
            }
        },
        "components": {
            "minecraft:fire_immune": {
            },
            "minecraft:tick_world": {
				"never_despawn": true
			},
            "minecraft:nameable": {
                "allow_name_tag_renaming": true
            },
			"minecraft:health": {
				"value": 1
			},
			"minecraft:inventory": {
				"container_type": "minecart_hopper",
				"inventory_size": 5,
				"can_be_siphoned_from": true
			  },
            "minecraft:rail_movement": {
                "max_speed": 0.4
            },
            "minecraft:rideable": {
                "seat_count": 1,
                "crouching_skip_interact": false,
                "rider_can_interact": true,
                "family_types": [
                    "player"
                ],
                "interact_text": "action.interact.ride.minecart",
                "seats": [
                    {
                        "position": [
                            0,
                            0.70625,
                            -1.4625
                        ]
                    }
                ]
            },
            "minecraft:damage_sensor": {
                "triggers": [
                    {
                        "on_damage":{
                            "event": "punch",
                            "target": "self",
                            "filters": [
                                {
                                    "any_of": [
                                        {
                                            "test": "is_riding",
                                            "subject": "player",
                                            "value": true
                                        },
                                        {
                                            "test": "is_family",
                                            "subject": "other",
                                            "value": "mob"                                
                                        }                               
                                
                                    ],
                                    "none_of": [
                                        {                                        
                                            "test": "is_family",
                                            "subject": "other",
                                            "value": "warden"
                                        },
                                        {                                        
                                            "test": "is_family",
                                            "subject": "other",
                                            "value": "ghast"
                                        },
                                        {                                        
                                            "test": "is_family",
                                            "subject": "other",
                                            "value": "wither"
                                        },
                                        {                                        
                                            "test": "is_family",
                                            "subject": "other",
                                            "value": "dragon"
                                        },
                                        {                                        
                                            "test": "is_family",
                                            "subject": "other",
                                            "value": "tnt"
                                        }
                                    ]
                                }
                            ]
                        },
                        "deals_damage": false
                    },
                    {
                        "on_damage": {
                            "filters": {
                                "none_of": [
                                    {
                                        "all_of": [
                                            {
                                                "test": "is_family",
                                                "subject": "other",
                                                "value": "player"
                                            },
                                            {
                                                "test": "has_equipment",
                                                "operator": "==",
                                                "subject": "player",
                                                "domain": "hand",
                                                "value": "lifeboat_ta:coupling_tool"
                                            }
                                        ]
                                    },
                                    {
                                        "all_of": [
                                            {
                                                "test": "is_family",
                                                "subject": "other",
                                                "value": "player"
                                            },
                                            {
                                                "test": "has_equipment",
                                                "operator": "==",
                                                "subject": "player",
                                                "domain": "hand",
                                                "value": "lifeboat_ta:decoupling_tool"
                                            }
                                        ]
                                    },
									{
										"test": "is_riding",
										"subject": "player",
										"value": true
									}
                                ]
                            },
                            "event": "despawn",
                            "target": "self"
                        },
                        "deals_damage": false
                    },
                    {
                        "cause": "void",
                        "deals_damage": true
                    },
                    {
                        "cause": "all",
                        "deals_damage": false
                    }
                ]
            },
            "minecraft:type_family": {
                "family": [
                    "lb_ta_locomotive",
                    "lb_ta_train",
					"minecart"
                ]
            },
            "minecraft:collision_box": {
                "width": 0.98,
                "height": 1.3
            },
			"minecraft:is_dyeable": {
                "interact_text": "action.interact.dye"
            },
            "minecraft:custom_hit_test": {
                "hitboxes": [
                    {
                        "width": 1.75,
                        "height": 1.6,
                        "pivot": [
                            0,
                            0.5,
                            0
                        ]
                    }
                ]
            },
            "minecraft:rail_sensor": {
                "eject_on_activate": true
            },
            "minecraft:physics": {
                "has_gravity": false
            },
            "minecraft:is_stackable": {},
            "minecraft:pushable": {
                "is_pushable": true,
                "is_pushable_by_piston": false
            }
        },
        "events": {
            "interact": {
                "queue_command": {
                    "command": "scriptevent lb_ta:controls interact"
                }
            },
		    "minecraft:entity_spawned": {
                "add": {
                    "component_groups": [
                        "lifeboat_ta:train_red"
                    ]
                }
            },
            "despawn": {
                "add": {
                    "component_groups": [
                        "despawn"
                    ]
                }
            },
            "despawn_timer": {
                "add": {
                    "component_groups": [
                        "despawn_timer"
                    ]
                }
            },
            "punch": {
                "queue_command": {
                    "command": "scriptevent lb_ta:controls punch"
                }
            }
        }
    }
}