{
    "format_version": "1.16.0",
    "minecraft:entity": {
        "description": {
            "identifier": "lifeboat_ta:handcar",
            "is_spawnable": false,
            "is_summonable": true,
            "is_experimental": false,
            "properties": {
                "lb_ta:forward": {
                    "type":"bool",
                    "client_sync": true,
                    "default": true
                }
            },
            "animations": {
                "sounds": "animation.lb_ta_train_movement_sound"
            },
            "scripts": {
                "animate": [
                    {"sounds": "query.is_moving"}
                ]
            }
        },
        "component_groups": {
            "lifeboat_ta:train_yellow": {
                "minecraft:color": {
                    "value": 4
                }
            },
            "despawn": {
                "minecraft:spawn_entity": {
                    "entities": [
                        {
                            "min_wait_time": 0,
                            "max_wait_time": 0,
                            "single_use": true,
                            "spawn_item": "lifeboat_ta:handcar_item",
                            "spawn_sound": "plop"
                        }
                    ]
                },
                "minecraft:instant_despawn": {
                    "remove_child_entities": false
                }
            }
        },
        "components": {
            "minecraft:fire_immune": {
            },
			"minecraft:health": {
				"value": 1
			},
            "minecraft:rail_movement": {
                "max_speed": 0.4
            },
            "minecraft:rideable": {
                "seat_count": 2,
                "controlling_seat": 0,
                "pull_in_entities": false,
                "rider_can_interact": true,
                "crouching_skip_interact": true,
                "family_types": [
                    "player"
                ],
                "interact_text": "action.interact.ride.minecart",
                "seats": [
                    {
                        "position": [
                            0,
                            0.45,
                            -1.4
                        ]
                    },
                    {
                        "position": [
                            0,
                            0.45,
                            1.4
                        ]
                    }
                ]
            },
            "minecraft:damage_sensor": {
                "triggers": [
                    {
                        "on_damage":{
                            "event": "punch",
                            "target": "self",
                            "filters": [
                                {
                                    "any_of": [
                                        {
                                            "test": "is_riding",
                                            "subject": "player",
                                            "value": true
                                        },
                                        {
                                            "test": "is_family",
                                            "subject": "other",
                                            "value": "mob"                                
                                        }                               
                                
                                    ],
                                    "none_of": [
                                        {                                        
                                            "test": "is_family",
                                            "subject": "other",
                                            "value": "warden"
                                        },
                                        {                                        
                                            "test": "is_family",
                                            "subject": "other",
                                            "value": "ghast"
                                        },
                                        {                                        
                                            "test": "is_family",
                                            "subject": "other",
                                            "value": "wither"
                                        },
                                        {                                        
                                            "test": "is_family",
                                            "subject": "other",
                                            "value": "dragon"
                                        },
                                        {                                        
                                            "test": "is_family",
                                            "subject": "other",
                                            "value": "tnt"
                                        }
                                    ]
                                }
                            ]
                        },
                        "deals_damage": false
                    },
                    {
                        "on_damage": {
                            "filters": {
                                "none_of": [
                                    {
                                        "all_of": [
                                            {
                                                "test": "is_family",
                                                "subject": "other",
                                                "value": "player"
                                            },
                                            {
                                                "test": "has_equipment",
                                                "operator": "==",
                                                "subject": "player",
                                                "domain": "hand",
                                                "value": "lifeboat_ta:coupling_tool"
                                            }
                                        ]
                                    },
                                    {
                                        "all_of": [
                                            {
                                                "test": "is_family",
                                                "subject": "other",
                                                "value": "player"
                                            },
                                            {
                                                "test": "has_equipment",
                                                "operator": "==",
                                                "subject": "player",
                                                "domain": "hand",
                                                "value": "lifeboat_ta:decoupling_tool"
                                            }
                                        ]
                                    },
									{
										"test": "is_riding",
										"subject": "player",
										"value": true
									}
                                ]
                            },
                            "event": "despawn",
                            "target": "self"
                        },
                        "deals_damage": false
                    },
                    {
                        "cause": "void",
                        "deals_damage": true
                    },
                    {
                        "cause": "all",
                        "deals_damage": false
                    }
                ]
            },
            "minecraft:type_family": {
                "family": [
                    "lb_ta_locomotive",
                    "lb_ta_train",
					"minecart"
                ]
            },
            "minecraft:is_dyeable": {
                "interact_text": "action.interact.dye"
            },
            "minecraft:collision_box": {
                "width": 0.98,
                "height": 1.3
            },
            "minecraft:custom_hit_test": {
                "hitboxes": [
                    {
                        "width": 1.5,
                        "height": 1.5,
                        "pivot": [
                            0,
                            0.5,
                            0
                        ]
                    }
                ]
            },
            "minecraft:rail_sensor": {
                "eject_on_activate": true
            },
            "minecraft:physics": {
                "has_gravity": false
            },
            "minecraft:is_stackable": {},
            "minecraft:pushable": {
                "is_pushable": true,
                "is_pushable_by_piston": false
            },
            "minecraft:conditional_bandwidth_optimization": {
                "default_values": {
                    "max_optimized_distance": 60,
                    "max_dropped_ticks": 20,
                    "use_motion_prediction_hints": true
                },
                "conditional_values": [
                    {
                        "max_optimized_distance": 0,
                        "max_dropped_ticks": 0,
                        "conditional_values": [
                            {
                                "test": "is_moving",
                                "subject": "self",
                                "operator": "==",
                                "value": true
                            }
                        ]
                    }
                ]
            }
        },
        "events": {
            "minecraft:entity_spawned": {
                "add": {
                    "component_groups": [
                        "lifeboat_ta:train_yellow"
                    ]
                }
            },
            "despawn": {
                "add": {
                    "component_groups": [
                        "despawn"
                    ]
                }
            }
        }
    }
}