{
	"format_version": "1.16.100",
	"minecraft:entity": {
		"description": {
			"identifier": "lifeboat_ta:semaphore",
			"is_spawnable": false,
			"is_summonable": true,
			"is_experimental": false
		},
		"components": {
			"minecraft:fire_immune": {
			},
			"minecraft:physics": {
				"has_gravity": true,
				"has_collision": true
			},
			"minecraft:pushable": {
				"is_pushable": false
			},
			"minecraft:push_through": {
				"value": 1
			},
			"minecraft:damage_sensor": {
				"triggers": [
					{
						"on_damage": {
							"filters": {
								"all_of": [
									{
										"test": "is_family", "subject": "other", "value": "player"
									}
								]
							},
							"event": "despawn",
							"target": "self"
						},
						"deals_damage": false
					}
				]
			}
		},
		"component_groups": {
			"despawn": {
				"minecraft:instant_despawn": {},
				"minecraft:spawn_entity": {
					"entities": {
						"min_wait_time": 0,
						"max_wait_time": 0,
						"num_to_spawn": 1,
						"single_use": true,
						"spawn_item": "lifeboat_ta:semaphore_item"
					}
				}
			}
		},
		"events": {
			"despawn": {
				"add": {
					"component_groups": ["despawn"]
				}
			}
		}
	}
}