{
	"format_version": "1.16.210",
	"minecraft:entity": {
		"description": {
			"identifier": "lifeboat_ta:speed_sign",
			"is_spawnable": false,
			"is_summonable": true,
			"is_experimental": false,
			"properties": {
				"lifeboat_ta:speed_setting": {
					"type": "int",
					"client_sync": true,
					"default": 10,
					"range": [0,9999]
				}
			}
		},
		"components": {
			"minecraft:fire_immune": {
			},
			"minecraft:type_family": {
				"family": [
                    "lb_ta_speed_sign"
                ]
			},
			"minecraft:push_through": {
				"value": 1
			},
			"minecraft:damage_sensor": {
				"triggers": [
					{
						"on_damage": {
							"filters": {
								"all_of": [
									{
										"test": "is_family", "subject": "other", "value": "player"
									}
								]
							},
							"event": "despawn",
							"target": "self"
						},
						"deals_damage": false
					}
				]
			},
			"minecraft:collision_box": {
				"width": 0.5,
				"height": 1.55
			},
			"minecraft:health": {
				"value": 6,
				"max": 6
			},
			"minecraft:knockback_resistance": {
				"value": 1
			},
			"minecraft:nameable": {
				"allow_name_tag_renaming": true,
				"always_show": true,
				"name_actions": {
					"name_filter": "hydrafrax",
					"on_named": {
						"event": "you_win",
						"target": "self"
					}
				}
			},
			"minecraft:persistent": {},
			"minecraft:physics": {},
			"minecraft:pushable": {
				"is_pushable": false,
				"is_pushable_by_piston": true
			},
			"minecraft:conditional_bandwidth_optimization": {}
		},
		"component_groups": {
			"despawn": {
				"minecraft:instant_despawn": {},
				"minecraft:spawn_entity": {
					"entities": {
						"min_wait_time": 0,
						"max_wait_time": 0,
						"num_to_spawn": 1,
						"single_use": true,
						"spawn_item": "lifeboat_ta:speed_sign_item"
					}
				}
			}
		},
		"events": {
			"you_win": {
				"queue_command": {
					"command": [
						"summon fireworks_rocket ~~~",
						"summon fireworks_rocket ~~~",
						"summon fireworks_rocket ~~~",
						"summon fireworks_rocket ~~~",
						"summon fireworks_rocket ~~~",
						"summon fireworks_rocket ~~~",
						"summon fireworks_rocket ~~~",
						"summon fireworks_rocket ~~~",
						"summon fireworks_rocket ~~~",
						"summon fireworks_rocket ~~~",
						"summon fireworks_rocket ~~~",
						"summon fireworks_rocket ~~~",
						"summon fireworks_rocket ~~~",
						"summon fireworks_rocket ~~~",
						"summon fireworks_rocket ~~~",
						"summon fireworks_rocket ~~~",
						"summon fireworks_rocket ~~~",
						"summon fireworks_rocket ~~~",
						"summon fireworks_rocket ~~~",
						"summon fireworks_rocket ~~~",
						"summon fireworks_rocket ~~~",
						"summon fireworks_rocket ~~~",
						"summon fireworks_rocket ~~~",
						"summon fireworks_rocket ~~~",
						"summon fireworks_rocket ~~~",
						"summon fireworks_rocket ~~~",
						"summon fireworks_rocket ~~~",
						"summon fireworks_rocket ~~~",
						"summon fireworks_rocket ~~~",
						"summon fireworks_rocket ~~~",
						"summon fireworks_rocket ~~~",
						"summon fireworks_rocket ~~~",
						"summon fireworks_rocket ~~~",
						"summon fireworks_rocket ~~~",
						"summon fireworks_rocket ~~~",
						"summon fireworks_rocket ~~~",
						"summon fireworks_rocket ~~~",
						"summon fireworks_rocket ~~~",
						"summon fireworks_rocket ~~~",
						"summon fireworks_rocket ~~~",
						"summon fireworks_rocket ~~~",
						"summon fireworks_rocket ~~~",
						"summon fireworks_rocket ~~~",
						"summon fireworks_rocket ~~~"
					]
				}
			},
			"despawn": {
				"add": {
					"component_groups": ["despawn"]
				}
			}
		}
	}
}