[
    {
        "flipbook_texture": "textures/lifeboat/TA/blocks/load_station",
        "atlas_tile": "load_station",
        "frames": [ 0, 1, 2, 3],
        "ticks_per_frame": 5
    },
    {
        "flipbook_texture": "textures/lifeboat/TA/blocks/powered_load_station",
        "atlas_tile": "powered_load_station",
        "frames": [ 0, 1, 2, 3],
        "ticks_per_frame": 5
    },
    {
        "flipbook_texture": "textures/lifeboat/TA/blocks/station",
        "atlas_tile": "station",
        "frames": [ 0, 1, 2, 3, 4, 5, 6, 7],
        "ticks_per_frame": 5
    }
]