{
	"texture_data": {
		"crossing_sig_item": {
			"textures": ["textures/lifeboat/TA/items/crossing_sig_item"]
		},
		"semaphore_disc_item": {
			"textures": ["textures/lifeboat/TA/items/semaphore_disc_item"]
		},
		"semaphore_item": {
			"textures": ["textures/lifeboat/TA/items/semaphore_item"]
		},
		"searchlight_sig_item": {
			"textures": ["textures/lifeboat/TA/items/searchlight_sig_item"]
		},
		"lights_3_item": {
			"textures": ["textures/lifeboat/TA/items/lights_3_item"]
		},
		"lights_2_item": {
			"textures": ["textures/lifeboat/TA/items/lights_2_item"]
		},
		"lights_1_item": {
			"textures": ["textures/lifeboat/TA/items/lights_1_item"]
		},
		"gpls_item": {
			"textures": ["textures/lifeboat/TA/items/gpls_item"]
		},
		"crossing_stop_item": {
			"textures": ["textures/lifeboat/TA/items/crossing_stop_item"]
		},
		"color_pos_lit": {
			"textures": ["textures/lifeboat/TA/items/color_pos_lit"]
		},
		"crossing_sig_2_item": {
			"textures": ["textures/lifeboat/TA/items/crossing_sig_2_item"]
		},
		"pig_sty": {
			"textures": "textures/lifeboat/TA/items/pig_sty"
		},
		"log_trainvagon": {
			"textures": "textures/lifeboat/TA/items/log_trainvagon"
		},
		"hopper_wagon": {
			"textures": "textures/lifeboat/TA/items/hopper_wagon"
		},
		"tnt_wagon": {
			"textures": "textures/lifeboat/TA/items/tnt_wagon"
		},
		"chest_wagon": {
			"textures": "textures/lifeboat/TA/items/chest_wagon"
		},
		"emdgp": {
			"textures": "textures/lifeboat/TA/items/emdgp"
		},
		"rr_crossing": {
			"textures": "textures/lifeboat/TA/items/RR_crossing"
		},
		"handcar": {
			"textures": "textures/lifeboat/TA/items/handcar"
		},
		"liquid_car0": {
			"textures": "textures/lifeboat/TA/items/liquid_car0"
		},
		"passenger_car0": {
			"textures": "textures/lifeboat/TA/items/passenger_car0"
		},
		"chicken_coop": {
			"textures": "textures/lifeboat/TA/items/chicken_coop"
		},
		"steam": {
			"textures": "textures/lifeboat/TA/items/steam"
		},
		"bullet": {
			"textures": "textures/lifeboat/TA/items/bullet"
		},
		"subway": {
			"textures": "textures/lifeboat/TA/items/subway"
		},
		"subway_car": {
			"textures": "textures/lifeboat/TA/items/subway_car"
		},
		"highspeed_car": {
			"textures": "textures/lifeboat/TA/items/highspeed_car"
		},
		"caboose": {
			"textures": "textures/lifeboat/TA/items/caboose"
		},
		"metro": {
			"textures": "textures/lifeboat/TA/items/metro"
		},
		"e2_steam": {
			"textures": "textures/lifeboat/TA/items/e2_steam"
		},
		"upgtel": {
			"textures": "textures/lifeboat/TA/items/upgtel"
		},
		"aem_7": {
			"textures": "textures/lifeboat/TA/items/aem_7"
		},
		"quarry": {
			"textures": "textures/lifeboat/TA/items/quarry"
		},
		"drill": {
			"textures": "textures/lifeboat/TA/items/drill"
		},
		"chest_trainvagon": {
			"textures": "textures/lifeboat/TA/items/chest_trainvagon"
		},
		"coal_trainvagon": {
			"textures": "textures/lifeboat/TA/items/coal_trainvagon"
		},
		"lb_ta_book": {
			"textures": "textures/lifeboat/TA/items/lb_ta_book.png"
		},
		"decoupling_tool": {
			"textures": "textures/lifeboat/TA/items/decoupling_tool.png"
		},
		"green_light": {
			"textures": "textures/lifeboat/TA/items/green_light"
		},
		"red_light": {
			"textures": "textures/lifeboat/TA/items/red_light"
		},
		"yellow_light": {
			"textures": "textures/lifeboat/TA/items/yellow_light"
		},
		"3_lights": {
			"textures": "textures/lifeboat/TA/items/3_lights"
		},
		"2_lights": {
			"textures": "textures/lifeboat/TA/items/2_lights"
		},
		"4_lights": {
			"textures": "textures/lifeboat/TA/items/4_lights"
		},
		"crossing_x": {
			"textures": "textures/lifeboat/TA/items/crossing_x"
		},
		"x_with_lights": {
			"textures": "textures/lifeboat/TA/items/x_with_lights"
		},
		"crossing_arm": {
			"textures": "textures/lifeboat/TA/items/crossing_arm"
		},
		"semaphore_disc_plate": {
			"textures": "textures/lifeboat/TA/items/semaphore_disc_plate"
		},
		"speed_sign_item": {
			"textures": "textures/lifeboat/TA/items/speed_sign_item"
		},
		"tender_trainvagon_item": {
			"textures": "textures/lifeboat/TA/items/tender_trainvagon"
		},
		// conductor set
		"lb.conductor_cap": {
			"textures": "textures/lifeboat/TA/items/conductor/conductor_cap"
		},
		"lb.conductor_vest": {
			"textures": "textures/lifeboat/TA/items/conductor/conductor_vest"
		},
		"lb.conductor_pants": {
			"textures": "textures/lifeboat/TA/items/conductor/conductor_pants"
		},
		"lb.conductor_shoes": {
			"textures": "textures/lifeboat/TA/items/conductor/conductor_shoes"
		},
		// engineer set
		"lb.engineer_cap": {
			"textures": "textures/lifeboat/TA/items/engineer/engineer_cap"
		},
		"lb.engineer_vest": {
			"textures": "textures/lifeboat/TA/items/engineer/engineer_vest"
		},
		"lb.engineer_pants": {
			"textures": "textures/lifeboat/TA/items/engineer/engineer_pants"
		},
		"lb.engineer_shoes": {
			"textures": "textures/lifeboat/TA/items/engineer/engineer_shoes"
		},
		// whistles
		"lb.wooden_train_whistle": {
			"textures": "textures/lifeboat/TA/items/whistles/wooden_train_whistle"
		},
		"lb.metal_train_whistle": {
			"textures": "textures/lifeboat/TA/items/whistles/metal_train_whistle"
		}
	}
}