{
    "format_version": "1.10.0",
    "animation_controllers": {
        "controller.animation.lifeboat_ta.crossing_signal.arm": {
            "initial_state": "default",
            "states": {
                "default": {
                    "animations": ["default"],
                    "transitions": [
                        {
                            "arm_going_down": "query.property('lifeboat_ta:arm_down') && query.has_target"
                        }
                    ]
                },
                "arm_going_down": {
                    "animations": ["arm_going_down", "flashing_lights"],
                    "transitions": [
                        {
                            "arm_is_down": "query.all_animations_finished"
                        },
                        {
                            "arm_going_up": "!query.property('lifeboat_ta:arm_down') && !query.has_target"
                        }
                    ]
                },
                "arm_is_down": {
                    "animations": ["arm_is_down", "flashing_lights"],
                    "transitions": [
                        {
                            "arm_going_up": "!query.property('lifeboat_ta:arm_down') && !query.has_target"
                        }
                    ]
                },
                "arm_going_up": {
                    "animations": ["arm_going_up", "flashing_lights"],
                    "transitions": [
                        {
                            "default": "query.all_animations_finished"
                        },
                        {
                            "arm_going_down": "query.property('lifeboat_ta:arm_down') && query.has_target"
                        }
                    ]
                }
            }
        }
    }
}