{
    "format_version": "1.10.0",
    "animation_controllers": {
        "controller.animation.lifeboat_ta.crossing_signal_2.lights": {
            "initial_state": "default",
            "states": {
                "default": {
                    "animations": ["lights_off"],
                    "transitions": [
                        {
                            "yellow_light": "query.property('lifeboat_ta:arm_down') && query.has_target"
                        }
                    ]
                },
                "yellow_light": {
                    "animations": ["yellow_light"],
                    "transitions": [
                        {
                            "default": "!query.property('lifeboat_ta:arm_down') && !query.has_target"
                        },
                        {
                            "red_flashing": "query.all_animations_finished"
                        }
                    ]
                },
                "red_flashing": {
                    "animations": ["red_flashing"],
                    "transitions": [
                        {
                            "default": "!query.property('lifeboat_ta:arm_down') && !query.has_target"
                        }
                    ]
                }
            }
        }
    }
}