{
    "format_version": "1.10.0",
    "animation_controllers": {
        "controller.animation.lifeboat_ta.subway.doors": {
            "initial_state": "closed",
            "states": {
                "closed": {
                    "animations": ["close"],
                    "transitions": [
                        {
                            "open": "query.time_stamp - v.stoppedTime > 20 && query.ground_speed == 0.0 && query.all_animations_finished"
                        }
                    ]
                },
                "open": {
                    "animations": ["open"],
                    "transitions": [
                        {
                            "closed": "query.ground_speed > 0 && query.all_animations_finished"
                        }
                    ]
                }
            }
        },
        "controller.animation.lifeboat_ta.metro.doors": {
            "initial_state": "closed",
            "states": {
                "closed": {
                    "animations": ["close"],
                    "transitions": [
                        {
                            "open": "query.time_stamp - v.stoppedTime > 20 && query.ground_speed == 0.0 && query.all_animations_finished"
                        }
                    ]
                },
                "open": {
                    "animations": ["open"],
                    "transitions": [
                        {
                            "closed": "query.ground_speed > 0 && query.all_animations_finished"
                        }
                    ]
                }
            }
        }
    }
}