{
    "format_version": "1.10.0",
    "animation_controllers": {
        "controller.animation.lifeboat_ta.crossing_stop.lights": {
            "initial_state": "default",
            "states": {
                "default": {
                    "animations": ["lights_off"],
                    "transitions": [
                        {
                            "spell_stop": "query.property('lifeboat_ta:arm_down') && query.has_target"
                        }
                    ]
                },
                "spell_stop": {
                    "animations": ["spell_stop", "red_flashing"],
                    "transitions": [
                        {
                            "stop_on": "query.all_animations_finished"
                        },
                        {
                            "erase_stop": "!query.property('lifeboat_ta:arm_down') && !query.has_target"
                        }
                    ]
                },
                "stop_on": {
                    "animations": ["stop_on", "red_flashing"],
                    "transitions": [
                        {
                            "erase_stop": "!query.property('lifeboat_ta:arm_down') && !query.has_target"
                        }
                    ]
                },
                "erase_stop": {
                    "animations": ["erase_stop", "red_flashing"],
                    "transitions": [
                        {
                            "spell_stop": "query.property('lifeboat_ta:arm_down') && query.has_target"
                        },
                        {
                            "default": "query.all_animations_finished"
                        }
                    ]
                }
            }
        }
    }
}