{
	"format_version": "1.12.0",
	"minecraft:geometry": [
		{
			"description": {
				"identifier": "geometry.lb_ta_chest_trainvagon",
				"texture_width": 512,
				"texture_height": 512,
				"visible_bounds_width": 8,
				"visible_bounds_height": 4,
				"visible_bounds_offset": [0, 1, 0]
			},
			"bones": [
				{
					"name": "wagon",
					"pivot": [0, 4.5, 42],
					"cubes": [
						{"origin": [8.5, -1, -29], "size": [1, 3, 8], "uv": [38, 35]},
						{"origin": [8.5, -4, -13], "size": [1, 3, 4], "uv": [56, 10]},
						{"origin": [8.5, -4, -26], "size": [1, 3, 4], "uv": [55, 0]},
						{"origin": [8.5, -1, -14], "size": [1, 3, 8], "uv": [28, 38]},
						{"origin": [-8.5, -3, -21], "size": [17, 5, 7], "uv": [0, 12]},
						{"origin": [-6.5, -2, -29], "size": [13, 4, 58], "uv": [10, 73]},
						{"origin": [8.5, -3, -21], "size": [1, 5, 1], "uv": [64, 30]},
						{"origin": [8.5, -3, -15], "size": [1, 5, 1], "uv": [64, 18]},
						{"origin": [8.5, 1, -19], "size": [1, 1, 5], "uv": [48, 20]},
						{"origin": [-9.5, -4, -26], "size": [1, 3, 4], "uv": [54, 54]},
						{"origin": [-9.5, -1, -29], "size": [1, 3, 8], "uv": [38, 24]},
						{"origin": [-9.5, -4, -13], "size": [1, 3, 4], "uv": [54, 31]},
						{"origin": [-9.5, -1, -14], "size": [1, 3, 8], "uv": [18, 35]},
						{"origin": [-9.5, -3, -15], "size": [1, 5, 1], "uv": [62, 47]},
						{"origin": [-9.5, 1, -19], "size": [1, 1, 5], "uv": [48, 14]},
						{"origin": [-9.5, -3, -21], "size": [1, 5, 1], "uv": [42, 25]},
						{"origin": [-9.5, -3, -20], "size": [1, 2, 5], "uv": [41, 12]},
						{"origin": [-9.5, -1, -19], "size": [1, 2, 3], "uv": [0, 35]},
						{"origin": [8.5, -3, -20], "size": [1, 2, 5], "uv": [41, 0]},
						{"origin": [8.5, -1, -19], "size": [1, 2, 3], "uv": [28, 24]},
						{"origin": [8.5, -1, 6], "size": [1, 3, 8], "uv": [38, 35]},
						{"origin": [8.5, -4, 22], "size": [1, 3, 4], "uv": [56, 10]},
						{"origin": [-7.5, -3, 23], "size": [15, 2, 2], "uv": [107, 0]},
						{"origin": [-7.5, -3, 10], "size": [15, 2, 2], "uv": [107, 0]},
						{"origin": [-7.5, -3, -12], "size": [15, 2, 2], "uv": [107, 0]},
						{"origin": [-7.5, -3, -25], "size": [15, 2, 2], "uv": [107, 0]},
						{"origin": [8.5, -4, 9], "size": [1, 3, 4], "uv": [55, 0]},
						{"origin": [8.5, -1, 21], "size": [1, 3, 8], "uv": [28, 38]},
						{"origin": [-8.5, -3, 14], "size": [17, 5, 7], "uv": [0, 12]},
						{"origin": [8.5, -3, 14], "size": [1, 5, 1], "uv": [64, 30]},
						{"origin": [8.5, -3, 20], "size": [1, 5, 1], "uv": [64, 18]},
						{"origin": [8.5, 1, 16], "size": [1, 1, 5], "uv": [48, 20]},
						{"origin": [-9.5, -4, 9], "size": [1, 3, 4], "uv": [54, 54]},
						{"origin": [-9.5, -1, 6], "size": [1, 3, 8], "uv": [38, 24]},
						{"origin": [-9.5, -4, 22], "size": [1, 3, 4], "uv": [54, 31]},
						{"origin": [-9.5, -1, 21], "size": [1, 3, 8], "uv": [18, 35]},
						{"origin": [-9.5, -3, 20], "size": [1, 5, 1], "uv": [62, 47]},
						{"origin": [-9.5, 1, 16], "size": [1, 1, 5], "uv": [48, 14]},
						{"origin": [-9.5, -3, 14], "size": [1, 5, 1], "uv": [42, 25]},
						{"origin": [-9.5, -3, 15], "size": [1, 2, 5], "uv": [41, 12]},
						{"origin": [-9.5, -1, 16], "size": [1, 2, 3], "uv": [0, 35]},
						{"origin": [8.5, -3, 15], "size": [1, 2, 5], "uv": [41, 0]},
						{"origin": [8.5, -1, 16], "size": [1, 2, 3], "uv": [28, 24]},
						{"origin": [-1, 4, 33], "size": [2, 1, 3], "uv": [54, 50]},
						{"origin": [-1, 2, 34], "size": [2, 1, 2], "uv": [28, 29]},
						{"origin": [-2, 4, 36], "size": [4, 1, 1], "uv": [58, 45]},
						{"origin": [-2, 4, 39], "size": [4, 1, 1], "uv": [58, 43]},
						{"origin": [1, 4, 37], "size": [1, 1, 2], "uv": [0, 40]},
						{"origin": [-2, 4, 37], "size": [1, 1, 2], "uv": [38, 38]},
						{"origin": [-2, 2, 36], "size": [4, 1, 1], "uv": [55, 17]},
						{"origin": [-2, 2, 39], "size": [4, 1, 1], "uv": [55, 8]},
						{"origin": [1, 2, 37], "size": [1, 1, 2], "uv": [28, 38]},
						{"origin": [-2, 2, 37], "size": [1, 1, 2], "uv": [20, 29]},
						{"origin": [-1, 3, -35], "size": [2, 1, 2], "uv": [0, 29]},
						{"origin": [-2, 3, -36], "size": [4, 1, 1], "uv": [55, 17]},
						{"origin": [1, 3, -38], "size": [1, 1, 2], "uv": [28, 38]},
						{"origin": [-2, 3, -39], "size": [4, 1, 1], "uv": [55, 8]},
						{"origin": [-2, 3, -38], "size": [1, 1, 2], "uv": [20, 29]},
						{"origin": [-1, 1, 39], "size": [1, 1, 4], "pivot": [0, 4.5, 41], "rotation": [-90, 0, 90], "uv": [55, 20]},
						{"origin": [-1, 1, 38], "size": [4, 1, 1], "pivot": [0, 4.5, 41], "rotation": [-90, 0, 90], "uv": [48, 0]},
						{"origin": [2, 1, 39.5], "size": [1, 1, 4], "pivot": [0, 4.5, 41.5], "rotation": [-90, 0, 90], "uv": [48, 26]},
						{"origin": [-1, 1, 43], "size": [4, 1, 1], "pivot": [0, 4.5, 41], "rotation": [-90, 0, 90], "uv": [33, 24]}
					]
				},
				{
					"name": "wheels1",
					"parent": "wagon",
					"pivot": [0, -1.42512, -24],
					"cubes": [
						{"origin": [-8.50781, -4.37048, -25.76256], "size": [2, 2, 3], "pivot": [-7.50781, -1.12048, -24.26256], "rotation": [-135, 0, 0], "uv": [10, 104], "mirror": true},
						{"origin": [-8.51172, -4.63304, -25.87132], "size": [2, 2, 3], "pivot": [-7.51172, -1.38304, -24.37132], "rotation": [-90, 0, 0], "uv": [0, 104], "mirror": true},
						{"origin": [-8.50781, -4.8956, -25.76256], "size": [2, 2, 3], "pivot": [-7.50781, -1.6456, -24.26256], "rotation": [-45, 0, 0], "uv": [57, 101], "mirror": true},
						{"origin": [-8.51172, -5.00436, -25.5], "size": [2, 2, 3], "uv": [50, 99], "mirror": true},
						{"origin": [-8.50781, -0.3956, -25.23744], "size": [2, 2, 3], "pivot": [-7.50781, -1.6456, -23.73744], "rotation": [-135, 0, 0], "uv": [40, 99], "mirror": true},
						{"origin": [-8.51172, -0.13304, -25.12868], "size": [2, 2, 3], "pivot": [-7.51172, -1.38304, -23.62868], "rotation": [-90, 0, 0], "uv": [30, 99], "mirror": true},
						{"origin": [-8.25781, -3.76172, -26], "size": [1.5, 4, 4], "uv": [36, 53], "mirror": true},
						{"origin": [-8.50781, 0.12952, -25.23744], "size": [2, 2, 3], "pivot": [-7.50781, -1.12048, -23.73744], "rotation": [-45, 0, 0], "uv": [20, 99], "mirror": true},
						{"origin": [-8.51172, 0.23828, -25.5], "size": [2, 2, 3], "uv": [20, 104], "mirror": true},
						{"origin": [6.50781, 0.12952, -25.23744], "size": [2, 2, 3], "pivot": [7.50781, -1.12048, -23.73744], "rotation": [-45, 0, 0], "uv": [20, 99]},
						{"origin": [6.51172, -0.13304, -25.12868], "size": [2, 2, 3], "pivot": [7.51172, -1.38304, -23.62868], "rotation": [-90, 0, 0], "uv": [30, 99]},
						{"origin": [6.75781, -3.76172, -26], "size": [1.5, 4, 4], "uv": [36, 53]},
						{"origin": [6.50781, -0.3956, -25.23744], "size": [2, 2, 3], "pivot": [7.50781, -1.6456, -23.73744], "rotation": [-135, 0, 0], "uv": [40, 99]},
						{"origin": [6.51172, -5.00436, -25.5], "size": [2, 2, 3], "uv": [50, 99]},
						{"origin": [6.50781, -4.8956, -25.76256], "size": [2, 2, 3], "pivot": [7.50781, -1.6456, -24.26256], "rotation": [-45, 0, 0], "uv": [57, 101]},
						{"origin": [6.51172, -4.63304, -25.87132], "size": [2, 2, 3], "pivot": [7.51172, -1.38304, -24.37132], "rotation": [-90, 0, 0], "uv": [0, 104]},
						{"origin": [6.50781, -4.37048, -25.76256], "size": [2, 2, 3], "pivot": [7.50781, -1.12048, -24.26256], "rotation": [-135, 0, 0], "uv": [10, 104]},
						{"origin": [6.51172, 0.23828, -25.5], "size": [2, 2, 3], "uv": [20, 104]}
					]
				},
				{
					"name": "wheels2",
					"parent": "wagon",
					"pivot": [0, -1.42512, -11],
					"cubes": [
						{"origin": [6.50781, -5.00436, -12.5], "size": [2, 2, 3], "pivot": [0, -1.38304, -11], "rotation": [-45, 0, 0], "uv": [20, 84]},
						{"origin": [6.50781, 0.23828, -12.5], "size": [2, 2, 3], "pivot": [0, -1.38304, -11], "rotation": [-135, 0, 0], "uv": [40, 84]},
						{"origin": [6.50781, 0.23828, -12.5], "size": [2, 2, 3], "pivot": [0, -1.38304, -11], "rotation": [-45, 0, 0], "uv": [57, 86]},
						{"origin": [6.51172, -5.00436, -12.5], "size": [2, 2, 3], "uv": [30, 84]},
						{"origin": [6.51172, 0.23828, -12.5], "size": [2, 2, 3], "pivot": [0, -1.38304, -11], "rotation": [-90, 0, 0], "uv": [50, 84]},
						{"origin": [6.51172, -5.00436, -12.5], "size": [2, 2, 3], "pivot": [0, -1.38304, -11], "rotation": [-90, 0, 0], "uv": [10, 84]},
						{"origin": [6.75781, -3.76172, -13], "size": [1.5, 4, 4], "uv": [48, 35]},
						{"origin": [6.50781, -5.00436, -12.5], "size": [2, 2, 3], "pivot": [0, -1.38304, -11], "rotation": [-135, 0, 0], "uv": [0, 84]},
						{"origin": [6.51172, 0.23828, -12.5], "size": [2, 2, 3], "uv": [57, 81]},
						{"origin": [-8.51172, -5.00436, -12.5], "size": [2, 2, 3], "pivot": [0, -1.38304, -11], "rotation": [-90, 0, 0], "uv": [10, 84], "mirror": true},
						{"origin": [-8.50781, -5.00436, -12.5], "size": [2, 2, 3], "pivot": [0, -1.38304, -11], "rotation": [-135, 0, 0], "uv": [0, 84], "mirror": true},
						{"origin": [-8.25781, -3.76172, -13], "size": [1.5, 4, 4], "uv": [48, 35], "mirror": true},
						{"origin": [-8.50781, -5.00436, -12.5], "size": [2, 2, 3], "pivot": [0, -1.38304, -11], "rotation": [-45, 0, 0], "uv": [20, 84], "mirror": true},
						{"origin": [-8.51172, -5.00436, -12.5], "size": [2, 2, 3], "uv": [30, 84], "mirror": true},
						{"origin": [-8.50781, 0.23828, -12.5], "size": [2, 2, 3], "pivot": [0, -1.38304, -11], "rotation": [-135, 0, 0], "uv": [40, 84], "mirror": true},
						{"origin": [-8.51172, 0.23828, -12.5], "size": [2, 2, 3], "pivot": [0, -1.38304, -11], "rotation": [-90, 0, 0], "uv": [50, 84], "mirror": true},
						{"origin": [-8.50781, 0.23828, -12.5], "size": [2, 2, 3], "pivot": [0, -1.38304, -11], "rotation": [-45, 0, 0], "uv": [57, 86], "mirror": true},
						{"origin": [-8.51172, 0.23828, -12.5], "size": [2, 2, 3], "uv": [57, 81], "mirror": true}
					]
				},
				{
					"name": "wheels4",
					"parent": "wagon",
					"pivot": [0, -1.42512, 24],
					"cubes": [
						{"origin": [-8.51172, 0.23828, 22.5], "size": [2, 2, 3], "pivot": [0, -1.38304, 24], "rotation": [-90, 0, 0], "uv": [50, 84], "mirror": true},
						{"origin": [-8.50781, 0.23828, 22.5], "size": [2, 2, 3], "pivot": [0, -1.38304, 24], "rotation": [-135, 0, 0], "uv": [40, 84], "mirror": true},
						{"origin": [-8.51172, -5.00436, 22.5], "size": [2, 2, 3], "uv": [30, 84], "mirror": true},
						{"origin": [-8.50781, -5.00436, 22.5], "size": [2, 2, 3], "pivot": [0, -1.38304, 24], "rotation": [-45, 0, 0], "uv": [20, 84], "mirror": true},
						{"origin": [-8.51172, -5.00436, 22.5], "size": [2, 2, 3], "pivot": [0, -1.38304, 24], "rotation": [-90, 0, 0], "uv": [10, 84], "mirror": true},
						{"origin": [-8.25781, -3.76172, 22], "size": [1.5, 4, 4], "uv": [48, 35], "mirror": true},
						{"origin": [-8.50781, -5.00436, 22.5], "size": [2, 2, 3], "pivot": [0, -1.38304, 24], "rotation": [-135, 0, 0], "uv": [0, 84], "mirror": true},
						{"origin": [-8.51172, 0.23828, 22.5], "size": [2, 2, 3], "uv": [57, 81], "mirror": true},
						{"origin": [-8.50781, 0.23828, 22.5], "size": [2, 2, 3], "pivot": [0, -1.38304, 24], "rotation": [-45, 0, 0], "uv": [57, 86], "mirror": true},
						{"origin": [6.51172, 0.23828, 22.5], "size": [2, 2, 3], "pivot": [0, -1.38304, 24], "rotation": [-90, 0, 0], "uv": [50, 84]},
						{"origin": [6.50781, 0.23828, 22.5], "size": [2, 2, 3], "pivot": [0, -1.38304, 24], "rotation": [-135, 0, 0], "uv": [40, 84]},
						{"origin": [6.51172, -5.00436, 22.5], "size": [2, 2, 3], "uv": [30, 84]},
						{"origin": [6.75781, -3.76172, 22], "size": [1.5, 4, 4], "uv": [48, 35]},
						{"origin": [6.50781, 0.23828, 22.5], "size": [2, 2, 3], "pivot": [0, -1.38304, 24], "rotation": [-45, 0, 0], "uv": [57, 86]},
						{"origin": [6.50781, -5.00436, 22.5], "size": [2, 2, 3], "pivot": [0, -1.38304, 24], "rotation": [-135, 0, 0], "uv": [0, 84]},
						{"origin": [6.50781, -5.00436, 22.5], "size": [2, 2, 3], "pivot": [0, -1.38304, 24], "rotation": [-45, 0, 0], "uv": [20, 84]},
						{"origin": [6.51172, -5.00436, 22.5], "size": [2, 2, 3], "pivot": [0, -1.38304, 24], "rotation": [-90, 0, 0], "uv": [10, 84]},
						{"origin": [6.51172, 0.23828, 22.5], "size": [2, 2, 3], "uv": [57, 81]}
					]
				},
				{
					"name": "wheels3",
					"parent": "wagon",
					"pivot": [0, -1.42512, 11],
					"cubes": [
						{"origin": [6.50781, -4.8956, 9.23744], "size": [2, 2, 3], "pivot": [7.50781, -1.6456, 10.73744], "rotation": [-45, 0, 0], "uv": [57, 101]},
						{"origin": [6.51172, -4.63304, 9.12868], "size": [2, 2, 3], "pivot": [7.51172, -1.38304, 10.62868], "rotation": [-90, 0, 0], "uv": [0, 104]},
						{"origin": [6.75781, -3.76172, 9], "size": [1.5, 4, 4], "uv": [36, 53]},
						{"origin": [6.50781, -4.37048, 9.23744], "size": [2, 2, 3], "pivot": [7.50781, -1.12048, 10.73744], "rotation": [-135, 0, 0], "uv": [10, 104]},
						{"origin": [6.51172, 0.23828, 9.5], "size": [2, 2, 3], "uv": [20, 104]},
						{"origin": [6.50781, 0.12952, 9.76256], "size": [2, 2, 3], "pivot": [7.50781, -1.12048, 11.26256], "rotation": [-45, 0, 0], "uv": [20, 99]},
						{"origin": [6.51172, -0.13304, 9.87132], "size": [2, 2, 3], "pivot": [7.51172, -1.38304, 11.37132], "rotation": [-90, 0, 0], "uv": [30, 99]},
						{"origin": [6.50781, -0.3956, 9.76256], "size": [2, 2, 3], "pivot": [7.50781, -1.6456, 11.26256], "rotation": [-135, 0, 0], "uv": [40, 99]},
						{"origin": [6.51172, -5.00436, 9.5], "size": [2, 2, 3], "uv": [50, 99]},
						{"origin": [-8.25781, -3.76172, 9], "size": [1.5, 4, 4], "uv": [36, 53], "mirror": true},
						{"origin": [-8.51172, -4.63304, 9.12868], "size": [2, 2, 3], "pivot": [-7.51172, -1.38304, 10.62868], "rotation": [-90, 0, 0], "uv": [0, 104], "mirror": true},
						{"origin": [-8.50781, -4.8956, 9.23744], "size": [2, 2, 3], "pivot": [-7.50781, -1.6456, 10.73744], "rotation": [-45, 0, 0], "uv": [57, 101], "mirror": true},
						{"origin": [-8.50781, -4.37048, 9.23744], "size": [2, 2, 3], "pivot": [-7.50781, -1.12048, 10.73744], "rotation": [-135, 0, 0], "uv": [10, 104], "mirror": true},
						{"origin": [-8.51172, -5.00436, 9.5], "size": [2, 2, 3], "uv": [50, 99], "mirror": true},
						{"origin": [-8.50781, -0.3956, 9.76256], "size": [2, 2, 3], "pivot": [-7.50781, -1.6456, 11.26256], "rotation": [-135, 0, 0], "uv": [40, 99], "mirror": true},
						{"origin": [-8.51172, -0.13304, 9.87132], "size": [2, 2, 3], "pivot": [-7.51172, -1.38304, 11.37132], "rotation": [-90, 0, 0], "uv": [30, 99], "mirror": true},
						{"origin": [-8.50781, 0.12952, 9.76256], "size": [2, 2, 3], "pivot": [-7.50781, -1.12048, 11.26256], "rotation": [-45, 0, 0], "uv": [20, 99], "mirror": true},
						{"origin": [-8.51172, 0.23828, 9.5], "size": [2, 2, 3], "uv": [20, 104], "mirror": true}
					]
				},
				{
					"name": "wagon_main",
					"parent": "wagon",
					"pivot": [0, -5, 1.5],
					"cubes": [
						{"origin": [-12, 6, -34], "size": [24, 1, 68], "uv": [0, 4]},
						{"origin": [-12, 2, -34], "size": [24, 1, 68], "uv": [247, 1]},
						{"origin": [-11, 3, -33], "size": [22, 3, 66], "uv": [139, 0]},
						{"origin": [-10, 31, -32], "size": [20, 1, 64], "uv": [0, 293]},
						{"origin": [-12, 29, -34], "size": [24, 2, 68], "uv": [0, 223]},
						{"origin": [-11, 7, -33], "size": [22, 22, 66], "uv": [0, 135]},
						{"origin": [-11.5, 13, -22], "size": [23, 4, 8], "uv": [114, 118], "mirror": true},
						{"origin": [-11.5, 13, -13], "size": [23, 4, 8], "uv": [114, 106], "mirror": true},
						{"origin": [-11.5, 7, -13], "size": [23, 4, 8], "uv": [222, 186], "mirror": true},
						{"origin": [-11.5, 7, -22], "size": [23, 4, 8], "uv": [222, 126], "mirror": true},
						{"origin": [-11.5, 19, -22], "size": [23, 4, 8], "uv": [168, 182], "mirror": true},
						{"origin": [-11.5, 19, -13], "size": [23, 4, 8], "uv": [168, 134], "mirror": true},
						{"origin": [-11.5, 25, -22], "size": [23, 4, 8], "uv": [114, 154], "mirror": true},
						{"origin": [-11.5, 25, -13], "size": [23, 4, 8], "uv": [114, 142], "mirror": true},
						{"origin": [-11.5, 25, -4], "size": [23, 4, 8], "uv": [168, 158], "mirror": true},
						{"origin": [-11.5, 19, -4], "size": [23, 4, 8], "uv": [168, 122], "mirror": true},
						{"origin": [-11.5, 13, -4], "size": [23, 4, 8], "uv": [114, 94], "mirror": true},
						{"origin": [-11.5, 7, -4], "size": [23, 4, 8], "uv": [222, 174], "mirror": true},
						{"origin": [-11.5, 7, 5], "size": [23, 4, 8], "uv": [222, 138], "mirror": true},
						{"origin": [-11.5, 13, 5], "size": [23, 4, 8], "uv": [168, 86], "mirror": true},
						{"origin": [-11.5, 19, 5], "size": [23, 4, 8], "uv": [168, 110], "mirror": true},
						{"origin": [-11.5, 25, 5], "size": [23, 4, 8], "uv": [168, 170], "mirror": true},
						{"origin": [-11.5, 25, 14], "size": [23, 4, 8], "uv": [168, 146], "mirror": true},
						{"origin": [-11.5, 19, 14], "size": [23, 4, 8], "uv": [168, 98], "mirror": true},
						{"origin": [-11.5, 13, 14], "size": [23, 4, 8], "uv": [222, 162], "mirror": true},
						{"origin": [-7.5, 7, -33.5], "size": [15, 14, 67], "uv": [109, 194], "mirror": true},
						{"origin": [-11.5, 7, 14], "size": [23, 4, 8], "uv": [222, 150], "mirror": true},
						{"origin": [-12, 7, -5], "size": [24, 22, 1], "uv": [110, 178]},
						{"origin": [-12, 7, 4], "size": [24, 22, 1], "uv": [110, 178]},
						{"origin": [-12, 7, 13], "size": [24, 22, 1], "uv": [110, 178]},
						{"origin": [-12, 7, 22], "size": [24, 22, 1], "uv": [110, 178]},
						{"origin": [-12, 7, -14], "size": [24, 22, 1], "uv": [110, 178]},
						{"origin": [-12, 7, -23], "size": [24, 22, 1], "uv": [110, 178]},
						{"origin": [11, 7, -34], "size": [1, 22, 1], "uv": [62, 154]},
						{"origin": [-12, 7, -34], "size": [1, 22, 1], "pivot": [-11.5, 18, -33.5], "rotation": [0, 90, 0], "uv": [62, 154]},
						{"origin": [-12, 7, 33], "size": [1, 22, 1], "pivot": [-11.5, 18, 33.5], "rotation": [0, 90, 0], "uv": [62, 154]},
						{"origin": [11, 7, 33], "size": [1, 22, 1], "pivot": [11.5, 18, 33.5], "rotation": [0, -90, 0], "uv": [62, 154]}
					]
				}
			]
		}
	]
}