{
	"format_version": "1.12.0",
	"minecraft:geometry": [
		{
			"description": {
				"identifier": "geometry.lb_ta_chest_wagon",
				"texture_width": 512,
				"texture_height": 512,
				"visible_bounds_width": 6,
				"visible_bounds_height": 3.5,
				"visible_bounds_offset": [0, 1.25, 0]
			},
			"bones": [
				{
					"name": "wagon",
					"pivot": [0, 1.17778, 4.23333],
					"cubes": [
						{"origin": [8.5, -1, -14.5], "size": [1, 3, 8], "uv": [38, 35]},
						{"origin": [8.5, -1, -6.5], "size": [1, 3, 3], "uv": [43, 40]},
						{"origin": [8.5, -1, 3.5], "size": [1, 3, 3], "uv": [43, 40]},
						{"origin": [-9.5, -1, -6.5], "size": [1, 3, 3], "uv": [43, 40], "mirror": true},
						{"origin": [-9.5, -1, 3.5], "size": [1, 3, 3], "uv": [43, 40], "mirror": true},
						{"origin": [8.5, -4, 7.5], "size": [1, 3, 4], "uv": [56, 10]},
						{"origin": [8.5, -4, -11.5], "size": [1, 3, 4], "uv": [55, 0]},
						{"origin": [8.5, -1, 6.5], "size": [1, 3, 8], "uv": [28, 38]},
						{"origin": [-8.5, -3, -3.5], "size": [17, 5, 7], "uv": [0, 12]},
						{"origin": [-6.5, -2, -14], "size": [13, 4, 28], "uv": [38, 177]},
						{"origin": [8.5, -3, -3.5], "size": [1, 5, 1], "uv": [64, 30]},
						{"origin": [8.5, -3, 2.5], "size": [1, 5, 1], "uv": [64, 18]},
						{"origin": [8.5, 1, -2.5], "size": [1, 1, 5], "uv": [48, 20]},
						{"origin": [-9.5, -4, -11.5], "size": [1, 3, 4], "uv": [54, 54]},
						{"origin": [-9.5, -1, -14.5], "size": [1, 3, 8], "uv": [38, 24]},
						{"origin": [-9.5, -4, 7.5], "size": [1, 3, 4], "uv": [54, 31]},
						{"origin": [-9.5, -1, 6.5], "size": [1, 3, 8], "uv": [18, 35]},
						{"origin": [-9.5, -3, 2.5], "size": [1, 5, 1], "uv": [62, 47]},
						{"origin": [-9.5, 1, -2.5], "size": [1, 1, 5], "uv": [48, 14]},
						{"origin": [-9.5, -3, -3.5], "size": [1, 5, 1], "uv": [42, 25]},
						{"origin": [-9.5, -3, -2.5], "size": [1, 2, 5], "uv": [41, 12]},
						{"origin": [-9.5, -1, -1.5], "size": [1, 2, 3], "uv": [0, 35]},
						{"origin": [8.5, -3, -2.5], "size": [1, 2, 5], "uv": [41, 0]},
						{"origin": [8.5, -1, -1.5], "size": [1, 2, 3], "uv": [28, 24]},
						{"origin": [-7.5, -3, 8.5], "size": [15, 2, 2], "uv": [107, 0]},
						{"origin": [-7.5, -3, -10.5], "size": [15, 2, 2], "uv": [107, 0]},
						{"origin": [-1, 4, 16], "size": [2, 1, 3], "uv": [54, 50]},
						{"origin": [-2, 4, 19], "size": [4, 1, 1], "uv": [58, 45]},
						{"origin": [-2, 4, 22], "size": [4, 1, 1], "uv": [58, 43]},
						{"origin": [1, 4, 20], "size": [1, 1, 2], "uv": [0, 40]},
						{"origin": [-2, 4, 20], "size": [1, 1, 2], "uv": [38, 38]},
						{"origin": [-1, 2, 17], "size": [2, 1, 2], "uv": [0, 29]},
						{"origin": [-2, 2, 19], "size": [4, 1, 1], "uv": [55, 17]},
						{"origin": [-2, 2, 22], "size": [4, 1, 1], "uv": [55, 8]},
						{"origin": [1, 2, 20], "size": [1, 1, 2], "uv": [28, 38]},
						{"origin": [-2, 2, 20], "size": [1, 1, 2], "uv": [20, 29]},
						{"origin": [-1, 3, -18], "size": [2, 1, 2], "uv": [0, 29]},
						{"origin": [-2, 3, -19], "size": [4, 1, 1], "uv": [55, 17]},
						{"origin": [1, 3, -21], "size": [1, 1, 2], "uv": [28, 38]},
						{"origin": [-2, 3, -22], "size": [4, 1, 1], "uv": [55, 8]},
						{"origin": [-2, 3, -21], "size": [1, 1, 2], "uv": [20, 29]},
						{"origin": [-1, 1, 22], "size": [1, 1, 4], "pivot": [0, 4.5, 24], "rotation": [-90, 0, 90], "uv": [55, 20]},
						{"origin": [-1, 1, 21], "size": [4, 1, 1], "pivot": [0, 4.5, 24], "rotation": [-90, 0, 90], "uv": [48, 0]},
						{"origin": [2, 1, 22], "size": [1, 1, 4], "pivot": [0, 4.5, 24], "rotation": [-90, 0, 90], "uv": [48, 26]},
						{"origin": [-1, 1, 26], "size": [4, 1, 1], "pivot": [0, 4.5, 24], "rotation": [-90, 0, 90], "uv": [33, 24]}
					]
				},
				{
					"name": "wheels1",
					"parent": "wagon",
					"pivot": [0, -1.42512, -9.5],
					"cubes": [
						{"origin": [-8.50781, -4.37048, -11.26256], "size": [2, 2, 3], "pivot": [-7.50781, -1.12048, -9.76256], "rotation": [-135, 0, 0], "uv": [10, 104], "mirror": true},
						{"origin": [-8.51172, -4.63304, -11.37132], "size": [2, 2, 3], "pivot": [-7.51172, -1.38304, -9.87132], "rotation": [-90, 0, 0], "uv": [0, 104], "mirror": true},
						{"origin": [-8.50781, -4.8956, -11.26256], "size": [2, 2, 3], "pivot": [-7.50781, -1.6456, -9.76256], "rotation": [-45, 0, 0], "uv": [57, 101], "mirror": true},
						{"origin": [-8.51172, -5.00436, -11], "size": [2, 2, 3], "uv": [50, 99], "mirror": true},
						{"origin": [-8.50781, -0.3956, -10.73744], "size": [2, 2, 3], "pivot": [-7.50781, -1.6456, -9.23744], "rotation": [-135, 0, 0], "uv": [40, 99], "mirror": true},
						{"origin": [-8.51172, -0.13304, -10.62868], "size": [2, 2, 3], "pivot": [-7.51172, -1.38304, -9.12868], "rotation": [-90, 0, 0], "uv": [30, 99], "mirror": true},
						{"origin": [-8.25781, -3.76172, -11.5], "size": [1.5, 4, 4], "uv": [36, 53], "mirror": true},
						{"origin": [-8.50781, 0.12952, -10.73744], "size": [2, 2, 3], "pivot": [-7.50781, -1.12048, -9.23744], "rotation": [-45, 0, 0], "uv": [20, 99], "mirror": true},
						{"origin": [-8.51172, 0.23828, -11], "size": [2, 2, 3], "uv": [20, 104], "mirror": true},
						{"origin": [6.50781, 0.12952, -10.73744], "size": [2, 2, 3], "pivot": [7.50781, -1.12048, -9.23744], "rotation": [-45, 0, 0], "uv": [20, 99]},
						{"origin": [6.51172, -0.13304, -10.62868], "size": [2, 2, 3], "pivot": [7.51172, -1.38304, -9.12868], "rotation": [-90, 0, 0], "uv": [30, 99]},
						{"origin": [6.75781, -3.76172, -11.5], "size": [1.5, 4, 4], "uv": [36, 53]},
						{"origin": [6.50781, -0.3956, -10.73744], "size": [2, 2, 3], "pivot": [7.50781, -1.6456, -9.23744], "rotation": [-135, 0, 0], "uv": [40, 99]},
						{"origin": [6.51172, -5.00436, -11], "size": [2, 2, 3], "uv": [50, 99]},
						{"origin": [6.50781, -4.8956, -11.26256], "size": [2, 2, 3], "pivot": [7.50781, -1.6456, -9.76256], "rotation": [-45, 0, 0], "uv": [57, 101]},
						{"origin": [6.51172, -4.63304, -11.37132], "size": [2, 2, 3], "pivot": [7.51172, -1.38304, -9.87132], "rotation": [-90, 0, 0], "uv": [0, 104]},
						{"origin": [6.50781, -4.37048, -11.26256], "size": [2, 2, 3], "pivot": [7.50781, -1.12048, -9.76256], "rotation": [-135, 0, 0], "uv": [10, 104]},
						{"origin": [6.51172, 0.23828, -11], "size": [2, 2, 3], "uv": [20, 104]}
					]
				},
				{
					"name": "wheels2",
					"parent": "wagon",
					"pivot": [0, -1.42512, 9.5],
					"cubes": [
						{"origin": [6.50781, -5.00436, 8], "size": [2, 2, 3], "pivot": [0, -1.38304, 9.5], "rotation": [-45, 0, 0], "uv": [20, 84]},
						{"origin": [6.50781, 0.23828, 8], "size": [2, 2, 3], "pivot": [0, -1.38304, 9.5], "rotation": [-135, 0, 0], "uv": [40, 84]},
						{"origin": [6.50781, 0.23828, 8], "size": [2, 2, 3], "pivot": [0, -1.38304, 9.5], "rotation": [-45, 0, 0], "uv": [57, 86]},
						{"origin": [6.51172, -5.00436, 8], "size": [2, 2, 3], "uv": [30, 84]},
						{"origin": [6.51172, 0.23828, 8], "size": [2, 2, 3], "pivot": [0, -1.38304, 9.5], "rotation": [-90, 0, 0], "uv": [50, 84]},
						{"origin": [6.51172, -5.00436, 8], "size": [2, 2, 3], "pivot": [0, -1.38304, 9.5], "rotation": [-90, 0, 0], "uv": [10, 84]},
						{"origin": [6.75781, -3.76172, 7.5], "size": [1.5, 4, 4], "uv": [48, 35]},
						{"origin": [6.50781, -5.00436, 8], "size": [2, 2, 3], "pivot": [0, -1.38304, 9.5], "rotation": [-135, 0, 0], "uv": [0, 84]},
						{"origin": [6.51172, 0.23828, 8], "size": [2, 2, 3], "uv": [57, 81]},
						{"origin": [-8.51172, -5.00436, 8], "size": [2, 2, 3], "pivot": [0, -1.38304, 9.5], "rotation": [-90, 0, 0], "uv": [10, 84], "mirror": true},
						{"origin": [-8.50781, -5.00436, 8], "size": [2, 2, 3], "pivot": [0, -1.38304, 9.5], "rotation": [-135, 0, 0], "uv": [0, 84], "mirror": true},
						{"origin": [-8.25781, -3.76172, 7.5], "size": [1.5, 4, 4], "uv": [48, 35], "mirror": true},
						{"origin": [-8.50781, -5.00436, 8], "size": [2, 2, 3], "pivot": [0, -1.38304, 9.5], "rotation": [-45, 0, 0], "uv": [20, 84], "mirror": true},
						{"origin": [-8.51172, -5.00436, 8], "size": [2, 2, 3], "uv": [30, 84], "mirror": true},
						{"origin": [-8.50781, 0.23828, 8], "size": [2, 2, 3], "pivot": [0, -1.38304, 9.5], "rotation": [-135, 0, 0], "uv": [40, 84], "mirror": true},
						{"origin": [-8.51172, 0.23828, 8], "size": [2, 2, 3], "pivot": [0, -1.38304, 9.5], "rotation": [-90, 0, 0], "uv": [50, 84], "mirror": true},
						{"origin": [-8.50781, 0.23828, 8], "size": [2, 2, 3], "pivot": [0, -1.38304, 9.5], "rotation": [-45, 0, 0], "uv": [57, 86], "mirror": true},
						{"origin": [-8.51172, 0.23828, 8], "size": [2, 2, 3], "uv": [57, 81], "mirror": true}
					]
				},
				{
					"name": "wagon_main",
					"parent": "wagon",
					"pivot": [0, -5, 0.5],
					"cubes": [
						{"origin": [-8.5, 3, -16], "size": [17, 3, 32], "uv": [142, 37]},
						{"origin": [-9.5, 2, -17], "size": [19, 1, 34], "uv": [34, 103]},
						{"origin": [-9.5, 6, -17], "size": [19, 1, 34], "uv": [34, 34]}
					]
				},
				{
					"name": "chest",
					"parent": "wagon_main",
					"pivot": [0, -5, 2],
					"cubes": [
						{"origin": [-15, 7, -7], "size": [30, 10, 14], "pivot": [0, 15.75, 0], "rotation": [0, -90, 0], "uv": [0, 250]}
					]
				},
				{
					"name": "chest_lid",
					"parent": "chest",
					"pivot": [-7, 17, 0],
					"cubes": [
						{"origin": [-15, 17, -7], "size": [30, 5, 14], "pivot": [0, 15.75, 0], "rotation": [0, -90, 0], "uv": [0, 231]},
						{"origin": [13, 16, -7], "size": [2, 4, 1], "pivot": [14, 21, 0], "rotation": [0, 90, 0], "uv": [0, 231]}
					]
				}
			]
		}
	]
}