{
	"format_version": "1.12.0",
	"minecraft:geometry": [
		{
			"description": {
				"identifier": "geometry.lb_ta_chicken_coop",
				"texture_width": 512,
				"texture_height": 512,
				"visible_bounds_width": 6,
				"visible_bounds_height": 4.5,
				"visible_bounds_offset": [0, 1.75, 0]
			},
			"bones": [
				{
					"name": "train",
					"pivot": [0, 4.5, 0],
					"cubes": [
						{
							"origin": [8.5, -1, -29],
							"size": [1, 3, 8],
							"uv": {
								"north": {"uv": [46, 43], "uv_size": [1, 3]},
								"east": {"uv": [38, 43], "uv_size": [8, 3]},
								"south": {"uv": [55, 43], "uv_size": [1, 3]},
								"west": {"uv": [47, 43], "uv_size": [8, 3]},
								"up": {"uv": [46, 35], "uv_size": [1, 8]},
								"down": {"uv": [47, 43], "uv_size": [1, -8]}
							}
						},
						{
							"origin": [8.5, -4, -13],
							"size": [1, 3, 4],
							"uv": {
								"north": {"uv": [60, 14], "uv_size": [1, 3]},
								"east": {"uv": [56, 14], "uv_size": [4, 3]},
								"south": {"uv": [65, 14], "uv_size": [1, 3]},
								"west": {"uv": [61, 14], "uv_size": [4, 3]},
								"up": {"uv": [60, 10], "uv_size": [1, 4]},
								"down": {"uv": [61, 14], "uv_size": [1, -4]}
							}
						},
						{
							"origin": [8.5, -4, -26],
							"size": [1, 3, 4],
							"uv": {
								"north": {"uv": [59, 4], "uv_size": [1, 3]},
								"east": {"uv": [55, 4], "uv_size": [4, 3]},
								"south": {"uv": [64, 4], "uv_size": [1, 3]},
								"west": {"uv": [60, 4], "uv_size": [4, 3]},
								"up": {"uv": [59, 0], "uv_size": [1, 4]},
								"down": {"uv": [60, 4], "uv_size": [1, -4]}
							}
						},
						{
							"origin": [8.5, -1, -14],
							"size": [1, 3, 8],
							"uv": {
								"north": {"uv": [36, 46], "uv_size": [1, 3]},
								"east": {"uv": [28, 46], "uv_size": [8, 3]},
								"south": {"uv": [45, 46], "uv_size": [1, 3]},
								"west": {"uv": [37, 46], "uv_size": [8, 3]},
								"up": {"uv": [36, 38], "uv_size": [1, 8]},
								"down": {"uv": [37, 46], "uv_size": [1, -8]}
							}
						},
						{
							"origin": [-8.5, -3, -21],
							"size": [17, 5, 7],
							"uv": {
								"north": {"uv": [7, 19], "uv_size": [17, 5]},
								"east": {"uv": [0, 19], "uv_size": [7, 5]},
								"south": {"uv": [31, 19], "uv_size": [17, 5]},
								"west": {"uv": [24, 19], "uv_size": [7, 5]},
								"up": {"uv": [7, 12], "uv_size": [17, 7]},
								"down": {"uv": [24, 19], "uv_size": [17, -7]}
							}
						},
						{
							"origin": [-6.5, -2, -29],
							"size": [13, 4, 58],
							"uv": {
								"north": {"uv": [66, 205], "uv_size": [13, 4]},
								"east": {"uv": [8, 205], "uv_size": [58, 4]},
								"south": {"uv": [137, 205], "uv_size": [13, 4]},
								"west": {"uv": [79, 205], "uv_size": [58, 4]},
								"up": {"uv": [66, 147], "uv_size": [13, 58]},
								"down": {"uv": [79, 205], "uv_size": [13, -58]}
							}
						},
						{
							"origin": [8.5, -3, -21],
							"size": [1, 5, 1],
							"uv": {
								"north": {"uv": [65, 31], "uv_size": [1, 5]},
								"east": {"uv": [64, 31], "uv_size": [1, 5]},
								"south": {"uv": [67, 31], "uv_size": [1, 5]},
								"west": {"uv": [66, 31], "uv_size": [1, 5]},
								"up": {"uv": [65, 30], "uv_size": [1, 1]},
								"down": {"uv": [66, 31], "uv_size": [1, -1]}
							}
						},
						{
							"origin": [8.5, -3, -15],
							"size": [1, 5, 1],
							"uv": {
								"north": {"uv": [65, 19], "uv_size": [1, 5]},
								"east": {"uv": [64, 19], "uv_size": [1, 5]},
								"south": {"uv": [67, 19], "uv_size": [1, 5]},
								"west": {"uv": [66, 19], "uv_size": [1, 5]},
								"up": {"uv": [65, 18], "uv_size": [1, 1]},
								"down": {"uv": [66, 19], "uv_size": [1, -1]}
							}
						},
						{
							"origin": [8.5, 1, -20],
							"size": [1, 1, 5],
							"uv": {
								"north": {"uv": [53, 25], "uv_size": [1, 1]},
								"east": {"uv": [48, 25], "uv_size": [5, 1]},
								"south": {"uv": [59, 25], "uv_size": [1, 1]},
								"west": {"uv": [54, 25], "uv_size": [5, 1]},
								"up": {"uv": [53, 20], "uv_size": [1, 5]},
								"down": {"uv": [54, 25], "uv_size": [1, -5]}
							}
						},
						{
							"origin": [-9.5, -4, -26],
							"size": [1, 3, 4],
							"uv": {
								"north": {"uv": [58, 58], "uv_size": [1, 3]},
								"east": {"uv": [54, 58], "uv_size": [4, 3]},
								"south": {"uv": [63, 58], "uv_size": [1, 3]},
								"west": {"uv": [59, 58], "uv_size": [4, 3]},
								"up": {"uv": [58, 54], "uv_size": [1, 4]},
								"down": {"uv": [59, 58], "uv_size": [1, -4]}
							}
						},
						{
							"origin": [-9.5, -1, -29],
							"size": [1, 3, 8],
							"uv": {
								"north": {"uv": [46, 32], "uv_size": [1, 3]},
								"east": {"uv": [38, 32], "uv_size": [8, 3]},
								"south": {"uv": [55, 32], "uv_size": [1, 3]},
								"west": {"uv": [47, 32], "uv_size": [8, 3]},
								"up": {"uv": [46, 24], "uv_size": [1, 8]},
								"down": {"uv": [47, 32], "uv_size": [1, -8]}
							}
						},
						{
							"origin": [-9.5, -4, -13],
							"size": [1, 3, 4],
							"uv": {
								"north": {"uv": [58, 35], "uv_size": [1, 3]},
								"east": {"uv": [54, 35], "uv_size": [4, 3]},
								"south": {"uv": [63, 35], "uv_size": [1, 3]},
								"west": {"uv": [59, 35], "uv_size": [4, 3]},
								"up": {"uv": [58, 31], "uv_size": [1, 4]},
								"down": {"uv": [59, 35], "uv_size": [1, -4]}
							}
						},
						{
							"origin": [-9.5, -1, -14],
							"size": [1, 3, 8],
							"uv": {
								"north": {"uv": [26, 43], "uv_size": [1, 3]},
								"east": {"uv": [18, 43], "uv_size": [8, 3]},
								"south": {"uv": [35, 43], "uv_size": [1, 3]},
								"west": {"uv": [27, 43], "uv_size": [8, 3]},
								"up": {"uv": [26, 35], "uv_size": [1, 8]},
								"down": {"uv": [27, 43], "uv_size": [1, -8]}
							}
						},
						{
							"origin": [-9.5, -3, -15],
							"size": [1, 5, 1],
							"uv": {
								"north": {"uv": [63, 48], "uv_size": [1, 5]},
								"east": {"uv": [62, 48], "uv_size": [1, 5]},
								"south": {"uv": [65, 48], "uv_size": [1, 5]},
								"west": {"uv": [64, 48], "uv_size": [1, 5]},
								"up": {"uv": [63, 47], "uv_size": [1, 1]},
								"down": {"uv": [64, 48], "uv_size": [1, -1]}
							}
						},
						{
							"origin": [-9.5, 1, -20],
							"size": [1, 1, 5],
							"uv": {
								"north": {"uv": [53, 19], "uv_size": [1, 1]},
								"east": {"uv": [48, 19], "uv_size": [5, 1]},
								"south": {"uv": [59, 19], "uv_size": [1, 1]},
								"west": {"uv": [54, 19], "uv_size": [5, 1]},
								"up": {"uv": [53, 14], "uv_size": [1, 5]},
								"down": {"uv": [54, 19], "uv_size": [1, -5]}
							}
						},
						{
							"origin": [-9.5, -3, -21],
							"size": [1, 5, 1],
							"uv": {
								"north": {"uv": [43, 26], "uv_size": [1, 5]},
								"east": {"uv": [42, 26], "uv_size": [1, 5]},
								"south": {"uv": [45, 26], "uv_size": [1, 5]},
								"west": {"uv": [44, 26], "uv_size": [1, 5]},
								"up": {"uv": [43, 25], "uv_size": [1, 1]},
								"down": {"uv": [44, 26], "uv_size": [1, -1]}
							}
						},
						{
							"origin": [-9.5, -3, -20],
							"size": [1, 2, 5],
							"uv": {
								"north": {"uv": [46, 17], "uv_size": [1, 2]},
								"east": {"uv": [41, 17], "uv_size": [5, 2]},
								"south": {"uv": [52, 17], "uv_size": [1, 2]},
								"west": {"uv": [47, 17], "uv_size": [5, 2]},
								"up": {"uv": [46, 12], "uv_size": [1, 5]},
								"down": {"uv": [47, 17], "uv_size": [1, -5]}
							}
						},
						{
							"origin": [-9.5, -1, -19],
							"size": [1, 2, 3],
							"uv": {
								"north": {"uv": [3, 38], "uv_size": [1, 2]},
								"east": {"uv": [0, 38], "uv_size": [3, 2]},
								"south": {"uv": [7, 38], "uv_size": [1, 2]},
								"west": {"uv": [4, 38], "uv_size": [3, 2]},
								"up": {"uv": [3, 35], "uv_size": [1, 3]},
								"down": {"uv": [4, 38], "uv_size": [1, -3]}
							}
						},
						{
							"origin": [8.5, -3, -20],
							"size": [1, 2, 5],
							"uv": {
								"north": {"uv": [46, 5], "uv_size": [1, 2]},
								"east": {"uv": [41, 5], "uv_size": [5, 2]},
								"south": {"uv": [52, 5], "uv_size": [1, 2]},
								"west": {"uv": [47, 5], "uv_size": [5, 2]},
								"up": {"uv": [46, 0], "uv_size": [1, 5]},
								"down": {"uv": [47, 5], "uv_size": [1, -5]}
							}
						},
						{
							"origin": [8.5, -1, -19],
							"size": [1, 2, 3],
							"uv": {
								"north": {"uv": [31, 27], "uv_size": [1, 2]},
								"east": {"uv": [28, 27], "uv_size": [3, 2]},
								"south": {"uv": [35, 27], "uv_size": [1, 2]},
								"west": {"uv": [32, 27], "uv_size": [3, 2]},
								"up": {"uv": [31, 24], "uv_size": [1, 3]},
								"down": {"uv": [32, 27], "uv_size": [1, -3]}
							}
						},
						{
							"origin": [8.5, -1, 6],
							"size": [1, 3, 8],
							"uv": {
								"north": {"uv": [46, 43], "uv_size": [1, 3]},
								"east": {"uv": [38, 43], "uv_size": [8, 3]},
								"south": {"uv": [55, 43], "uv_size": [1, 3]},
								"west": {"uv": [47, 43], "uv_size": [8, 3]},
								"up": {"uv": [46, 35], "uv_size": [1, 8]},
								"down": {"uv": [47, 43], "uv_size": [1, -8]}
							}
						},
						{
							"origin": [8.5, -4, 22],
							"size": [1, 3, 4],
							"uv": {
								"north": {"uv": [60, 14], "uv_size": [1, 3]},
								"east": {"uv": [56, 14], "uv_size": [4, 3]},
								"south": {"uv": [65, 14], "uv_size": [1, 3]},
								"west": {"uv": [61, 14], "uv_size": [4, 3]},
								"up": {"uv": [60, 10], "uv_size": [1, 4]},
								"down": {"uv": [61, 14], "uv_size": [1, -4]}
							}
						},
						{
							"origin": [-7.5, -3, 23],
							"size": [15, 2, 2],
							"uv": {
								"north": {"uv": [109, 2], "uv_size": [15, 2]},
								"east": {"uv": [107, 2], "uv_size": [2, 2]},
								"south": {"uv": [126, 2], "uv_size": [15, 2]},
								"west": {"uv": [124, 2], "uv_size": [2, 2]},
								"up": {"uv": [109, 0], "uv_size": [15, 2]},
								"down": {"uv": [124, 2], "uv_size": [15, -2]}
							}
						},
						{
							"origin": [-7.5, -3, 10],
							"size": [15, 2, 2],
							"uv": {
								"north": {"uv": [109, 2], "uv_size": [15, 2]},
								"east": {"uv": [107, 2], "uv_size": [2, 2]},
								"south": {"uv": [126, 2], "uv_size": [15, 2]},
								"west": {"uv": [124, 2], "uv_size": [2, 2]},
								"up": {"uv": [109, 0], "uv_size": [15, 2]},
								"down": {"uv": [124, 2], "uv_size": [15, -2]}
							}
						},
						{
							"origin": [-7.5, -3, -12],
							"size": [15, 2, 2],
							"uv": {
								"north": {"uv": [109, 2], "uv_size": [15, 2]},
								"east": {"uv": [107, 2], "uv_size": [2, 2]},
								"south": {"uv": [126, 2], "uv_size": [15, 2]},
								"west": {"uv": [124, 2], "uv_size": [2, 2]},
								"up": {"uv": [109, 0], "uv_size": [15, 2]},
								"down": {"uv": [124, 2], "uv_size": [15, -2]}
							}
						},
						{
							"origin": [-7.5, -3, -25],
							"size": [15, 2, 2],
							"uv": {
								"north": {"uv": [109, 2], "uv_size": [15, 2]},
								"east": {"uv": [107, 2], "uv_size": [2, 2]},
								"south": {"uv": [126, 2], "uv_size": [15, 2]},
								"west": {"uv": [124, 2], "uv_size": [2, 2]},
								"up": {"uv": [109, 0], "uv_size": [15, 2]},
								"down": {"uv": [124, 2], "uv_size": [15, -2]}
							}
						},
						{
							"origin": [8.5, -4, 9],
							"size": [1, 3, 4],
							"uv": {
								"north": {"uv": [59, 4], "uv_size": [1, 3]},
								"east": {"uv": [55, 4], "uv_size": [4, 3]},
								"south": {"uv": [64, 4], "uv_size": [1, 3]},
								"west": {"uv": [60, 4], "uv_size": [4, 3]},
								"up": {"uv": [59, 0], "uv_size": [1, 4]},
								"down": {"uv": [60, 4], "uv_size": [1, -4]}
							}
						},
						{
							"origin": [8.5, -1, 21],
							"size": [1, 3, 8],
							"uv": {
								"north": {"uv": [36, 46], "uv_size": [1, 3]},
								"east": {"uv": [28, 46], "uv_size": [8, 3]},
								"south": {"uv": [45, 46], "uv_size": [1, 3]},
								"west": {"uv": [37, 46], "uv_size": [8, 3]},
								"up": {"uv": [36, 38], "uv_size": [1, 8]},
								"down": {"uv": [37, 46], "uv_size": [1, -8]}
							}
						},
						{
							"origin": [-8.5, -3, 14],
							"size": [17, 5, 7],
							"uv": {
								"north": {"uv": [7, 19], "uv_size": [17, 5]},
								"east": {"uv": [0, 19], "uv_size": [7, 5]},
								"south": {"uv": [31, 19], "uv_size": [17, 5]},
								"west": {"uv": [24, 19], "uv_size": [7, 5]},
								"up": {"uv": [7, 12], "uv_size": [17, 7]},
								"down": {"uv": [24, 19], "uv_size": [17, -7]}
							}
						},
						{
							"origin": [8.5, -3, 14],
							"size": [1, 5, 1],
							"uv": {
								"north": {"uv": [65, 31], "uv_size": [1, 5]},
								"east": {"uv": [64, 31], "uv_size": [1, 5]},
								"south": {"uv": [67, 31], "uv_size": [1, 5]},
								"west": {"uv": [66, 31], "uv_size": [1, 5]},
								"up": {"uv": [65, 30], "uv_size": [1, 1]},
								"down": {"uv": [66, 31], "uv_size": [1, -1]}
							}
						},
						{
							"origin": [8.5, -3, 20],
							"size": [1, 5, 1],
							"uv": {
								"north": {"uv": [65, 19], "uv_size": [1, 5]},
								"east": {"uv": [64, 19], "uv_size": [1, 5]},
								"south": {"uv": [67, 19], "uv_size": [1, 5]},
								"west": {"uv": [66, 19], "uv_size": [1, 5]},
								"up": {"uv": [65, 18], "uv_size": [1, 1]},
								"down": {"uv": [66, 19], "uv_size": [1, -1]}
							}
						},
						{
							"origin": [8.5, 1, 15],
							"size": [1, 1, 5],
							"uv": {
								"north": {"uv": [53, 25], "uv_size": [1, 1]},
								"east": {"uv": [48, 25], "uv_size": [5, 1]},
								"south": {"uv": [59, 25], "uv_size": [1, 1]},
								"west": {"uv": [54, 25], "uv_size": [5, 1]},
								"up": {"uv": [53, 20], "uv_size": [1, 5]},
								"down": {"uv": [54, 25], "uv_size": [1, -5]}
							}
						},
						{
							"origin": [-9.5, -4, 9],
							"size": [1, 3, 4],
							"uv": {
								"north": {"uv": [58, 58], "uv_size": [1, 3]},
								"east": {"uv": [54, 58], "uv_size": [4, 3]},
								"south": {"uv": [63, 58], "uv_size": [1, 3]},
								"west": {"uv": [59, 58], "uv_size": [4, 3]},
								"up": {"uv": [58, 54], "uv_size": [1, 4]},
								"down": {"uv": [59, 58], "uv_size": [1, -4]}
							}
						},
						{
							"origin": [-9.5, -1, 6],
							"size": [1, 3, 8],
							"uv": {
								"north": {"uv": [46, 32], "uv_size": [1, 3]},
								"east": {"uv": [38, 32], "uv_size": [8, 3]},
								"south": {"uv": [55, 32], "uv_size": [1, 3]},
								"west": {"uv": [47, 32], "uv_size": [8, 3]},
								"up": {"uv": [46, 24], "uv_size": [1, 8]},
								"down": {"uv": [47, 32], "uv_size": [1, -8]}
							}
						},
						{
							"origin": [-9.5, -4, 22],
							"size": [1, 3, 4],
							"uv": {
								"north": {"uv": [58, 35], "uv_size": [1, 3]},
								"east": {"uv": [54, 35], "uv_size": [4, 3]},
								"south": {"uv": [63, 35], "uv_size": [1, 3]},
								"west": {"uv": [59, 35], "uv_size": [4, 3]},
								"up": {"uv": [58, 31], "uv_size": [1, 4]},
								"down": {"uv": [59, 35], "uv_size": [1, -4]}
							}
						},
						{
							"origin": [-9.5, -1, 21],
							"size": [1, 3, 8],
							"uv": {
								"north": {"uv": [26, 43], "uv_size": [1, 3]},
								"east": {"uv": [18, 43], "uv_size": [8, 3]},
								"south": {"uv": [35, 43], "uv_size": [1, 3]},
								"west": {"uv": [27, 43], "uv_size": [8, 3]},
								"up": {"uv": [26, 35], "uv_size": [1, 8]},
								"down": {"uv": [27, 43], "uv_size": [1, -8]}
							}
						},
						{
							"origin": [-9.5, -3, 20],
							"size": [1, 5, 1],
							"uv": {
								"north": {"uv": [63, 48], "uv_size": [1, 5]},
								"east": {"uv": [62, 48], "uv_size": [1, 5]},
								"south": {"uv": [65, 48], "uv_size": [1, 5]},
								"west": {"uv": [64, 48], "uv_size": [1, 5]},
								"up": {"uv": [63, 47], "uv_size": [1, 1]},
								"down": {"uv": [64, 48], "uv_size": [1, -1]}
							}
						},
						{
							"origin": [-9.5, 1, 15],
							"size": [1, 1, 5],
							"uv": {
								"north": {"uv": [53, 19], "uv_size": [1, 1]},
								"east": {"uv": [48, 19], "uv_size": [5, 1]},
								"south": {"uv": [59, 19], "uv_size": [1, 1]},
								"west": {"uv": [54, 19], "uv_size": [5, 1]},
								"up": {"uv": [53, 14], "uv_size": [1, 5]},
								"down": {"uv": [54, 19], "uv_size": [1, -5]}
							}
						},
						{
							"origin": [-9.5, -3, 14],
							"size": [1, 5, 1],
							"uv": {
								"north": {"uv": [43, 26], "uv_size": [1, 5]},
								"east": {"uv": [42, 26], "uv_size": [1, 5]},
								"south": {"uv": [45, 26], "uv_size": [1, 5]},
								"west": {"uv": [44, 26], "uv_size": [1, 5]},
								"up": {"uv": [43, 25], "uv_size": [1, 1]},
								"down": {"uv": [44, 26], "uv_size": [1, -1]}
							}
						},
						{
							"origin": [-9.5, -3, 15],
							"size": [1, 2, 5],
							"uv": {
								"north": {"uv": [46, 17], "uv_size": [1, 2]},
								"east": {"uv": [41, 17], "uv_size": [5, 2]},
								"south": {"uv": [52, 17], "uv_size": [1, 2]},
								"west": {"uv": [47, 17], "uv_size": [5, 2]},
								"up": {"uv": [46, 12], "uv_size": [1, 5]},
								"down": {"uv": [47, 17], "uv_size": [1, -5]}
							}
						},
						{
							"origin": [-9.5, -1, 16],
							"size": [1, 2, 3],
							"uv": {
								"north": {"uv": [3, 38], "uv_size": [1, 2]},
								"east": {"uv": [0, 38], "uv_size": [3, 2]},
								"south": {"uv": [7, 38], "uv_size": [1, 2]},
								"west": {"uv": [4, 38], "uv_size": [3, 2]},
								"up": {"uv": [3, 35], "uv_size": [1, 3]},
								"down": {"uv": [4, 38], "uv_size": [1, -3]}
							}
						},
						{
							"origin": [8.5, -3, 15],
							"size": [1, 2, 5],
							"uv": {
								"north": {"uv": [46, 5], "uv_size": [1, 2]},
								"east": {"uv": [41, 5], "uv_size": [5, 2]},
								"south": {"uv": [52, 5], "uv_size": [1, 2]},
								"west": {"uv": [47, 5], "uv_size": [5, 2]},
								"up": {"uv": [46, 0], "uv_size": [1, 5]},
								"down": {"uv": [47, 5], "uv_size": [1, -5]}
							}
						},
						{
							"origin": [8.5, -1, 16],
							"size": [1, 2, 3],
							"uv": {
								"north": {"uv": [31, 27], "uv_size": [1, 2]},
								"east": {"uv": [28, 27], "uv_size": [3, 2]},
								"south": {"uv": [35, 27], "uv_size": [1, 2]},
								"west": {"uv": [32, 27], "uv_size": [3, 2]},
								"up": {"uv": [31, 24], "uv_size": [1, 3]},
								"down": {"uv": [32, 27], "uv_size": [1, -3]}
							}
						},
						{
							"origin": [-1, 4, 33],
							"size": [2, 1, 3],
							"uv": {
								"north": {"uv": [57, 53], "uv_size": [2, 1]},
								"east": {"uv": [54, 53], "uv_size": [3, 1]},
								"south": {"uv": [62, 53], "uv_size": [2, 1]},
								"west": {"uv": [59, 53], "uv_size": [3, 1]},
								"up": {"uv": [57, 50], "uv_size": [2, 3]},
								"down": {"uv": [59, 53], "uv_size": [2, -3]}
							}
						},
						{
							"origin": [-2, 4, 36],
							"size": [4, 1, 1],
							"uv": {
								"north": {"uv": [59, 46], "uv_size": [4, 1]},
								"east": {"uv": [58, 46], "uv_size": [1, 1]},
								"south": {"uv": [64, 46], "uv_size": [4, 1]},
								"west": {"uv": [63, 46], "uv_size": [1, 1]},
								"up": {"uv": [59, 45], "uv_size": [4, 1]},
								"down": {"uv": [63, 46], "uv_size": [4, -1]}
							}
						},
						{
							"origin": [-2, 4, 39],
							"size": [4, 1, 1],
							"uv": {
								"north": {"uv": [59, 44], "uv_size": [4, 1]},
								"east": {"uv": [58, 44], "uv_size": [1, 1]},
								"south": {"uv": [64, 44], "uv_size": [4, 1]},
								"west": {"uv": [63, 44], "uv_size": [1, 1]},
								"up": {"uv": [59, 43], "uv_size": [4, 1]},
								"down": {"uv": [63, 44], "uv_size": [4, -1]}
							}
						},
						{
							"origin": [1, 4, 37],
							"size": [1, 1, 2],
							"uv": {
								"north": {"uv": [2, 42], "uv_size": [1, 1]},
								"east": {"uv": [0, 42], "uv_size": [2, 1]},
								"south": {"uv": [5, 42], "uv_size": [1, 1]},
								"west": {"uv": [3, 42], "uv_size": [2, 1]},
								"up": {"uv": [2, 40], "uv_size": [1, 2]},
								"down": {"uv": [3, 42], "uv_size": [1, -2]}
							}
						},
						{
							"origin": [-2, 4, 37],
							"size": [1, 1, 2],
							"uv": {
								"north": {"uv": [40, 40], "uv_size": [1, 1]},
								"east": {"uv": [38, 40], "uv_size": [2, 1]},
								"south": {"uv": [43, 40], "uv_size": [1, 1]},
								"west": {"uv": [41, 40], "uv_size": [2, 1]},
								"up": {"uv": [40, 38], "uv_size": [1, 2]},
								"down": {"uv": [41, 40], "uv_size": [1, -2]}
							}
						},
						{
							"origin": [-1, 2, 34],
							"size": [2, 1, 2],
							"uv": {
								"north": {"uv": [2, 31], "uv_size": [2, 1]},
								"east": {"uv": [0, 31], "uv_size": [2, 1]},
								"south": {"uv": [6, 31], "uv_size": [2, 1]},
								"west": {"uv": [4, 31], "uv_size": [2, 1]},
								"up": {"uv": [2, 29], "uv_size": [2, 2]},
								"down": {"uv": [4, 31], "uv_size": [2, -2]}
							}
						},
						{
							"origin": [-2, 2, 36],
							"size": [4, 1, 1],
							"uv": {
								"north": {"uv": [56, 18], "uv_size": [4, 1]},
								"east": {"uv": [55, 18], "uv_size": [1, 1]},
								"south": {"uv": [61, 18], "uv_size": [4, 1]},
								"west": {"uv": [60, 18], "uv_size": [1, 1]},
								"up": {"uv": [56, 17], "uv_size": [4, 1]},
								"down": {"uv": [60, 18], "uv_size": [4, -1]}
							}
						},
						{
							"origin": [-2, 2, 39],
							"size": [4, 1, 1],
							"uv": {
								"north": {"uv": [56, 9], "uv_size": [4, 1]},
								"east": {"uv": [55, 9], "uv_size": [1, 1]},
								"south": {"uv": [61, 9], "uv_size": [4, 1]},
								"west": {"uv": [60, 9], "uv_size": [1, 1]},
								"up": {"uv": [56, 8], "uv_size": [4, 1]},
								"down": {"uv": [60, 9], "uv_size": [4, -1]}
							}
						},
						{
							"origin": [1, 2, 37],
							"size": [1, 1, 2],
							"uv": {
								"north": {"uv": [30, 40], "uv_size": [1, 1]},
								"east": {"uv": [28, 40], "uv_size": [2, 1]},
								"south": {"uv": [33, 40], "uv_size": [1, 1]},
								"west": {"uv": [31, 40], "uv_size": [2, 1]},
								"up": {"uv": [30, 38], "uv_size": [1, 2]},
								"down": {"uv": [31, 40], "uv_size": [1, -2]}
							}
						},
						{
							"origin": [-2, 2, 37],
							"size": [1, 1, 2],
							"uv": {
								"north": {"uv": [22, 31], "uv_size": [1, 1]},
								"east": {"uv": [20, 31], "uv_size": [2, 1]},
								"south": {"uv": [25, 31], "uv_size": [1, 1]},
								"west": {"uv": [23, 31], "uv_size": [2, 1]},
								"up": {"uv": [22, 29], "uv_size": [1, 2]},
								"down": {"uv": [23, 31], "uv_size": [1, -2]}
							}
						},
						{
							"origin": [-1, 3, -35],
							"size": [2, 1, 2],
							"uv": {
								"north": {"uv": [2, 31], "uv_size": [2, 1]},
								"east": {"uv": [0, 31], "uv_size": [2, 1]},
								"south": {"uv": [6, 31], "uv_size": [2, 1]},
								"west": {"uv": [4, 31], "uv_size": [2, 1]},
								"up": {"uv": [2, 29], "uv_size": [2, 2]},
								"down": {"uv": [4, 31], "uv_size": [2, -2]}
							}
						},
						{
							"origin": [-2, 3, -36],
							"size": [4, 1, 1],
							"uv": {
								"north": {"uv": [56, 18], "uv_size": [4, 1]},
								"east": {"uv": [55, 18], "uv_size": [1, 1]},
								"south": {"uv": [61, 18], "uv_size": [4, 1]},
								"west": {"uv": [60, 18], "uv_size": [1, 1]},
								"up": {"uv": [56, 17], "uv_size": [4, 1]},
								"down": {"uv": [60, 18], "uv_size": [4, -1]}
							}
						},
						{
							"origin": [1, 3, -38],
							"size": [1, 1, 2],
							"uv": {
								"north": {"uv": [30, 40], "uv_size": [1, 1]},
								"east": {"uv": [28, 40], "uv_size": [2, 1]},
								"south": {"uv": [33, 40], "uv_size": [1, 1]},
								"west": {"uv": [31, 40], "uv_size": [2, 1]},
								"up": {"uv": [30, 38], "uv_size": [1, 2]},
								"down": {"uv": [31, 40], "uv_size": [1, -2]}
							}
						},
						{
							"origin": [-2, 3, -39],
							"size": [4, 1, 1],
							"uv": {
								"north": {"uv": [56, 9], "uv_size": [4, 1]},
								"east": {"uv": [55, 9], "uv_size": [1, 1]},
								"south": {"uv": [61, 9], "uv_size": [4, 1]},
								"west": {"uv": [60, 9], "uv_size": [1, 1]},
								"up": {"uv": [56, 8], "uv_size": [4, 1]},
								"down": {"uv": [60, 9], "uv_size": [4, -1]}
							}
						},
						{
							"origin": [-2, 3, -38],
							"size": [1, 1, 2],
							"uv": {
								"north": {"uv": [22, 31], "uv_size": [1, 1]},
								"east": {"uv": [20, 31], "uv_size": [2, 1]},
								"south": {"uv": [25, 31], "uv_size": [1, 1]},
								"west": {"uv": [23, 31], "uv_size": [2, 1]},
								"up": {"uv": [22, 29], "uv_size": [1, 2]},
								"down": {"uv": [23, 31], "uv_size": [1, -2]}
							}
						},
						{
							"origin": [-1, 1, 39],
							"size": [1, 1, 4],
							"pivot": [0, 4.5, 41],
							"rotation": [-90, 0, 90],
							"uv": {
								"north": {"uv": [59, 24], "uv_size": [1, 1]},
								"east": {"uv": [55, 24], "uv_size": [4, 1]},
								"south": {"uv": [64, 24], "uv_size": [1, 1]},
								"west": {"uv": [60, 24], "uv_size": [4, 1]},
								"up": {"uv": [59, 20], "uv_size": [1, 4]},
								"down": {"uv": [60, 24], "uv_size": [1, -4]}
							}
						},
						{
							"origin": [-1, 1, 38],
							"size": [4, 1, 1],
							"pivot": [0, 4.5, 41],
							"rotation": [-90, 0, 90],
							"uv": {
								"north": {"uv": [49, 1], "uv_size": [4, 1]},
								"east": {"uv": [48, 1], "uv_size": [1, 1]},
								"south": {"uv": [54, 1], "uv_size": [4, 1]},
								"west": {"uv": [53, 1], "uv_size": [1, 1]},
								"up": {"uv": [49, 0], "uv_size": [4, 1]},
								"down": {"uv": [53, 1], "uv_size": [4, -1]}
							}
						},
						{
							"origin": [2, 1, 39],
							"size": [1, 1, 4],
							"pivot": [0, 4.5, 41],
							"rotation": [-90, 0, 90],
							"uv": {
								"north": {"uv": [52, 30], "uv_size": [1, 1]},
								"east": {"uv": [48, 30], "uv_size": [4, 1]},
								"south": {"uv": [57, 30], "uv_size": [1, 1]},
								"west": {"uv": [53, 30], "uv_size": [4, 1]},
								"up": {"uv": [52, 26], "uv_size": [1, 4]},
								"down": {"uv": [53, 30], "uv_size": [1, -4]}
							}
						},
						{
							"origin": [-1, 1, 43],
							"size": [4, 1, 1],
							"pivot": [0, 4.5, 41],
							"rotation": [-90, 0, 90],
							"uv": {
								"north": {"uv": [34, 25], "uv_size": [4, 1]},
								"east": {"uv": [33, 25], "uv_size": [1, 1]},
								"south": {"uv": [39, 25], "uv_size": [4, 1]},
								"west": {"uv": [38, 25], "uv_size": [1, 1]},
								"up": {"uv": [34, 24], "uv_size": [4, 1]},
								"down": {"uv": [38, 25], "uv_size": [4, -1]}
							}
						}
					]
				},
				{
					"name": "wheels1",
					"parent": "train",
					"pivot": [0, -1.42511, -24],
					"cubes": [
						{
							"origin": [-8.50781, -4.37048, -25.76256],
							"size": [2, 2, 3],
							"pivot": [-7.50781, -1.12048, -24.26256],
							"rotation": [-135, 0, 0],
							"uv": {
								"north": {"uv": [15, 107], "uv_size": [-2, 2]},
								"east": {"uv": [18, 107], "uv_size": [-3, 2]},
								"south": {"uv": [20, 107], "uv_size": [-2, 2]},
								"west": {"uv": [13, 107], "uv_size": [-3, 2]},
								"up": {"uv": [15, 104], "uv_size": [-2, 3]},
								"down": {"uv": [17, 107], "uv_size": [-2, -3]}
							}
						},
						{
							"origin": [-8.51172, -4.63304, -25.87132],
							"size": [2, 2, 3],
							"pivot": [-7.51172, -1.38304, -24.37132],
							"rotation": [-90, 0, 0],
							"uv": {
								"north": {"uv": [5, 107], "uv_size": [-2, 2]},
								"east": {"uv": [8, 107], "uv_size": [-3, 2]},
								"south": {"uv": [10, 107], "uv_size": [-2, 2]},
								"west": {"uv": [3, 107], "uv_size": [-3, 2]},
								"up": {"uv": [5, 104], "uv_size": [-2, 3]},
								"down": {"uv": [7, 107], "uv_size": [-2, -3]}
							}
						},
						{
							"origin": [-8.50781, -4.8956, -25.76256],
							"size": [2, 2, 3],
							"pivot": [-7.50781, -1.6456, -24.26256],
							"rotation": [-45, 0, 0],
							"uv": {
								"north": {"uv": [62, 104], "uv_size": [-2, 2]},
								"east": {"uv": [65, 104], "uv_size": [-3, 2]},
								"south": {"uv": [67, 104], "uv_size": [-2, 2]},
								"west": {"uv": [60, 104], "uv_size": [-3, 2]},
								"up": {"uv": [62, 101], "uv_size": [-2, 3]},
								"down": {"uv": [64, 104], "uv_size": [-2, -3]}
							}
						},
						{
							"origin": [-8.51172, -5.00436, -25.5],
							"size": [2, 2, 3],
							"uv": {
								"north": {"uv": [55, 102], "uv_size": [-2, 2]},
								"east": {"uv": [58, 102], "uv_size": [-3, 2]},
								"south": {"uv": [60, 102], "uv_size": [-2, 2]},
								"west": {"uv": [53, 102], "uv_size": [-3, 2]},
								"up": {"uv": [55, 99], "uv_size": [-2, 3]},
								"down": {"uv": [57, 102], "uv_size": [-2, -3]}
							}
						},
						{
							"origin": [-8.50781, -0.3956, -25.23744],
							"size": [2, 2, 3],
							"pivot": [-7.50781, -1.6456, -23.73744],
							"rotation": [-135, 0, 0],
							"uv": {
								"north": {"uv": [45, 102], "uv_size": [-2, 2]},
								"east": {"uv": [48, 102], "uv_size": [-3, 2]},
								"south": {"uv": [50, 102], "uv_size": [-2, 2]},
								"west": {"uv": [43, 102], "uv_size": [-3, 2]},
								"up": {"uv": [45, 99], "uv_size": [-2, 3]},
								"down": {"uv": [47, 102], "uv_size": [-2, -3]}
							}
						},
						{
							"origin": [-8.51172, -0.13304, -25.12868],
							"size": [2, 2, 3],
							"pivot": [-7.51172, -1.38304, -23.62868],
							"rotation": [-90, 0, 0],
							"uv": {
								"north": {"uv": [35, 102], "uv_size": [-2, 2]},
								"east": {"uv": [38, 102], "uv_size": [-3, 2]},
								"south": {"uv": [40, 102], "uv_size": [-2, 2]},
								"west": {"uv": [33, 102], "uv_size": [-3, 2]},
								"up": {"uv": [35, 99], "uv_size": [-2, 3]},
								"down": {"uv": [37, 102], "uv_size": [-2, -3]}
							}
						},
						{
							"origin": [-8.25781, -3.76172, -26],
							"size": [1.5, 4, 4],
							"uv": {
								"north": {"uv": [41, 57], "uv_size": [-1, 4]},
								"east": {"uv": [45, 57], "uv_size": [-4, 4]},
								"south": {"uv": [46, 57], "uv_size": [-1, 4]},
								"west": {"uv": [40, 57], "uv_size": [-4, 4]},
								"up": {"uv": [41, 53], "uv_size": [-1, 4]},
								"down": {"uv": [42, 57], "uv_size": [-1, -4]}
							}
						},
						{
							"origin": [-8.50781, 0.12952, -25.23744],
							"size": [2, 2, 3],
							"pivot": [-7.50781, -1.12048, -23.73744],
							"rotation": [-45, 0, 0],
							"uv": {
								"north": {"uv": [25, 102], "uv_size": [-2, 2]},
								"east": {"uv": [28, 102], "uv_size": [-3, 2]},
								"south": {"uv": [30, 102], "uv_size": [-2, 2]},
								"west": {"uv": [23, 102], "uv_size": [-3, 2]},
								"up": {"uv": [25, 99], "uv_size": [-2, 3]},
								"down": {"uv": [27, 102], "uv_size": [-2, -3]}
							}
						},
						{
							"origin": [-8.51172, 0.23828, -25.5],
							"size": [2, 2, 3],
							"uv": {
								"north": {"uv": [25, 107], "uv_size": [-2, 2]},
								"east": {"uv": [28, 107], "uv_size": [-3, 2]},
								"south": {"uv": [30, 107], "uv_size": [-2, 2]},
								"west": {"uv": [23, 107], "uv_size": [-3, 2]},
								"up": {"uv": [25, 104], "uv_size": [-2, 3]},
								"down": {"uv": [27, 107], "uv_size": [-2, -3]}
							}
						},
						{
							"origin": [6.50781, 0.12952, -25.23744],
							"size": [2, 2, 3],
							"pivot": [7.50781, -1.12048, -23.73744],
							"rotation": [-45, 0, 0],
							"uv": {
								"north": {"uv": [23, 102], "uv_size": [2, 2]},
								"east": {"uv": [20, 102], "uv_size": [3, 2]},
								"south": {"uv": [28, 102], "uv_size": [2, 2]},
								"west": {"uv": [25, 102], "uv_size": [3, 2]},
								"up": {"uv": [23, 99], "uv_size": [2, 3]},
								"down": {"uv": [25, 102], "uv_size": [2, -3]}
							}
						},
						{
							"origin": [6.51172, -0.13304, -25.12868],
							"size": [2, 2, 3],
							"pivot": [7.51172, -1.38304, -23.62868],
							"rotation": [-90, 0, 0],
							"uv": {
								"north": {"uv": [33, 102], "uv_size": [2, 2]},
								"east": {"uv": [30, 102], "uv_size": [3, 2]},
								"south": {"uv": [38, 102], "uv_size": [2, 2]},
								"west": {"uv": [35, 102], "uv_size": [3, 2]},
								"up": {"uv": [33, 99], "uv_size": [2, 3]},
								"down": {"uv": [35, 102], "uv_size": [2, -3]}
							}
						},
						{
							"origin": [6.75781, -3.76172, -26],
							"size": [1.5, 4, 4],
							"uv": {
								"north": {"uv": [40, 57], "uv_size": [1, 4]},
								"east": {"uv": [36, 57], "uv_size": [4, 4]},
								"south": {"uv": [45, 57], "uv_size": [1, 4]},
								"west": {"uv": [41, 57], "uv_size": [4, 4]},
								"up": {"uv": [40, 53], "uv_size": [1, 4]},
								"down": {"uv": [41, 57], "uv_size": [1, -4]}
							}
						},
						{
							"origin": [6.50781, -0.3956, -25.23744],
							"size": [2, 2, 3],
							"pivot": [7.50781, -1.6456, -23.73744],
							"rotation": [-135, 0, 0],
							"uv": {
								"north": {"uv": [43, 102], "uv_size": [2, 2]},
								"east": {"uv": [40, 102], "uv_size": [3, 2]},
								"south": {"uv": [48, 102], "uv_size": [2, 2]},
								"west": {"uv": [45, 102], "uv_size": [3, 2]},
								"up": {"uv": [43, 99], "uv_size": [2, 3]},
								"down": {"uv": [45, 102], "uv_size": [2, -3]}
							}
						},
						{
							"origin": [6.51172, -5.00436, -25.5],
							"size": [2, 2, 3],
							"uv": {
								"north": {"uv": [53, 102], "uv_size": [2, 2]},
								"east": {"uv": [50, 102], "uv_size": [3, 2]},
								"south": {"uv": [58, 102], "uv_size": [2, 2]},
								"west": {"uv": [55, 102], "uv_size": [3, 2]},
								"up": {"uv": [53, 99], "uv_size": [2, 3]},
								"down": {"uv": [55, 102], "uv_size": [2, -3]}
							}
						},
						{
							"origin": [6.50781, -4.8956, -25.76256],
							"size": [2, 2, 3],
							"pivot": [7.50781, -1.6456, -24.26256],
							"rotation": [-45, 0, 0],
							"uv": {
								"north": {"uv": [60, 104], "uv_size": [2, 2]},
								"east": {"uv": [57, 104], "uv_size": [3, 2]},
								"south": {"uv": [65, 104], "uv_size": [2, 2]},
								"west": {"uv": [62, 104], "uv_size": [3, 2]},
								"up": {"uv": [60, 101], "uv_size": [2, 3]},
								"down": {"uv": [62, 104], "uv_size": [2, -3]}
							}
						},
						{
							"origin": [6.51172, -4.63304, -25.87132],
							"size": [2, 2, 3],
							"pivot": [7.51172, -1.38304, -24.37132],
							"rotation": [-90, 0, 0],
							"uv": {
								"north": {"uv": [3, 107], "uv_size": [2, 2]},
								"east": {"uv": [0, 107], "uv_size": [3, 2]},
								"south": {"uv": [8, 107], "uv_size": [2, 2]},
								"west": {"uv": [5, 107], "uv_size": [3, 2]},
								"up": {"uv": [3, 104], "uv_size": [2, 3]},
								"down": {"uv": [5, 107], "uv_size": [2, -3]}
							}
						},
						{
							"origin": [6.50781, -4.37048, -25.76256],
							"size": [2, 2, 3],
							"pivot": [7.50781, -1.12048, -24.26256],
							"rotation": [-135, 0, 0],
							"uv": {
								"north": {"uv": [13, 107], "uv_size": [2, 2]},
								"east": {"uv": [10, 107], "uv_size": [3, 2]},
								"south": {"uv": [18, 107], "uv_size": [2, 2]},
								"west": {"uv": [15, 107], "uv_size": [3, 2]},
								"up": {"uv": [13, 104], "uv_size": [2, 3]},
								"down": {"uv": [15, 107], "uv_size": [2, -3]}
							}
						},
						{
							"origin": [6.51172, 0.23828, -25.5],
							"size": [2, 2, 3],
							"uv": {
								"north": {"uv": [23, 107], "uv_size": [2, 2]},
								"east": {"uv": [20, 107], "uv_size": [3, 2]},
								"south": {"uv": [28, 107], "uv_size": [2, 2]},
								"west": {"uv": [25, 107], "uv_size": [3, 2]},
								"up": {"uv": [23, 104], "uv_size": [2, 3]},
								"down": {"uv": [25, 107], "uv_size": [2, -3]}
							}
						}
					]
				},
				{
					"name": "wheels2",
					"parent": "train",
					"pivot": [0, -1.42511, -11],
					"cubes": [
						{
							"origin": [6.50781, -5.00436, -12.5],
							"size": [2, 2, 3],
							"pivot": [0, -1.38304, -11],
							"rotation": [-45, 0, 0],
							"uv": {
								"north": {"uv": [23, 87], "uv_size": [2, 2]},
								"east": {"uv": [20, 87], "uv_size": [3, 2]},
								"south": {"uv": [28, 87], "uv_size": [2, 2]},
								"west": {"uv": [25, 87], "uv_size": [3, 2]},
								"up": {"uv": [23, 84], "uv_size": [2, 3]},
								"down": {"uv": [25, 87], "uv_size": [2, -3]}
							}
						},
						{
							"origin": [6.50781, 0.23828, -12.5],
							"size": [2, 2, 3],
							"pivot": [0, -1.38304, -11],
							"rotation": [-135, 0, 0],
							"uv": {
								"north": {"uv": [43, 87], "uv_size": [2, 2]},
								"east": {"uv": [40, 87], "uv_size": [3, 2]},
								"south": {"uv": [48, 87], "uv_size": [2, 2]},
								"west": {"uv": [45, 87], "uv_size": [3, 2]},
								"up": {"uv": [43, 84], "uv_size": [2, 3]},
								"down": {"uv": [45, 87], "uv_size": [2, -3]}
							}
						},
						{
							"origin": [6.50781, 0.23828, -12.5],
							"size": [2, 2, 3],
							"pivot": [0, -1.38304, -11],
							"rotation": [-45, 0, 0],
							"uv": {
								"north": {"uv": [60, 89], "uv_size": [2, 2]},
								"east": {"uv": [57, 89], "uv_size": [3, 2]},
								"south": {"uv": [65, 89], "uv_size": [2, 2]},
								"west": {"uv": [62, 89], "uv_size": [3, 2]},
								"up": {"uv": [60, 86], "uv_size": [2, 3]},
								"down": {"uv": [62, 89], "uv_size": [2, -3]}
							}
						},
						{
							"origin": [6.51172, -5.00436, -12.5],
							"size": [2, 2, 3],
							"uv": {
								"north": {"uv": [33, 87], "uv_size": [2, 2]},
								"east": {"uv": [30, 87], "uv_size": [3, 2]},
								"south": {"uv": [38, 87], "uv_size": [2, 2]},
								"west": {"uv": [35, 87], "uv_size": [3, 2]},
								"up": {"uv": [33, 84], "uv_size": [2, 3]},
								"down": {"uv": [35, 87], "uv_size": [2, -3]}
							}
						},
						{
							"origin": [6.51172, 0.23828, -12.5],
							"size": [2, 2, 3],
							"pivot": [0, -1.38304, -11],
							"rotation": [-90, 0, 0],
							"uv": {
								"north": {"uv": [53, 87], "uv_size": [2, 2]},
								"east": {"uv": [50, 87], "uv_size": [3, 2]},
								"south": {"uv": [58, 87], "uv_size": [2, 2]},
								"west": {"uv": [55, 87], "uv_size": [3, 2]},
								"up": {"uv": [53, 84], "uv_size": [2, 3]},
								"down": {"uv": [55, 87], "uv_size": [2, -3]}
							}
						},
						{
							"origin": [6.51172, -5.00436, -12.5],
							"size": [2, 2, 3],
							"pivot": [0, -1.38304, -11],
							"rotation": [-90, 0, 0],
							"uv": {
								"north": {"uv": [13, 87], "uv_size": [2, 2]},
								"east": {"uv": [10, 87], "uv_size": [3, 2]},
								"south": {"uv": [18, 87], "uv_size": [2, 2]},
								"west": {"uv": [15, 87], "uv_size": [3, 2]},
								"up": {"uv": [13, 84], "uv_size": [2, 3]},
								"down": {"uv": [15, 87], "uv_size": [2, -3]}
							}
						},
						{
							"origin": [6.75781, -3.76172, -13],
							"size": [1.5, 4, 4],
							"uv": {
								"north": {"uv": [52, 39], "uv_size": [1, 4]},
								"east": {"uv": [48, 39], "uv_size": [4, 4]},
								"south": {"uv": [57, 39], "uv_size": [1, 4]},
								"west": {"uv": [53, 39], "uv_size": [4, 4]},
								"up": {"uv": [52, 35], "uv_size": [1, 4]},
								"down": {"uv": [53, 39], "uv_size": [1, -4]}
							}
						},
						{
							"origin": [6.50781, -5.00436, -12.5],
							"size": [2, 2, 3],
							"pivot": [0, -1.38304, -11],
							"rotation": [-135, 0, 0],
							"uv": {
								"north": {"uv": [3, 87], "uv_size": [2, 2]},
								"east": {"uv": [0, 87], "uv_size": [3, 2]},
								"south": {"uv": [8, 87], "uv_size": [2, 2]},
								"west": {"uv": [5, 87], "uv_size": [3, 2]},
								"up": {"uv": [3, 84], "uv_size": [2, 3]},
								"down": {"uv": [5, 87], "uv_size": [2, -3]}
							}
						},
						{
							"origin": [6.51172, 0.23828, -12.5],
							"size": [2, 2, 3],
							"uv": {
								"north": {"uv": [60, 84], "uv_size": [2, 2]},
								"east": {"uv": [57, 84], "uv_size": [3, 2]},
								"south": {"uv": [65, 84], "uv_size": [2, 2]},
								"west": {"uv": [62, 84], "uv_size": [3, 2]},
								"up": {"uv": [60, 81], "uv_size": [2, 3]},
								"down": {"uv": [62, 84], "uv_size": [2, -3]}
							}
						},
						{
							"origin": [-8.51172, -5.00436, -12.5],
							"size": [2, 2, 3],
							"pivot": [0, -1.38304, -11],
							"rotation": [-90, 0, 0],
							"uv": {
								"north": {"uv": [15, 87], "uv_size": [-2, 2]},
								"east": {"uv": [18, 87], "uv_size": [-3, 2]},
								"south": {"uv": [20, 87], "uv_size": [-2, 2]},
								"west": {"uv": [13, 87], "uv_size": [-3, 2]},
								"up": {"uv": [15, 84], "uv_size": [-2, 3]},
								"down": {"uv": [17, 87], "uv_size": [-2, -3]}
							}
						},
						{
							"origin": [-8.50781, -5.00436, -12.5],
							"size": [2, 2, 3],
							"pivot": [0, -1.38304, -11],
							"rotation": [-135, 0, 0],
							"uv": {
								"north": {"uv": [5, 87], "uv_size": [-2, 2]},
								"east": {"uv": [8, 87], "uv_size": [-3, 2]},
								"south": {"uv": [10, 87], "uv_size": [-2, 2]},
								"west": {"uv": [3, 87], "uv_size": [-3, 2]},
								"up": {"uv": [5, 84], "uv_size": [-2, 3]},
								"down": {"uv": [7, 87], "uv_size": [-2, -3]}
							}
						},
						{
							"origin": [-8.25781, -3.76172, -13],
							"size": [1.5, 4, 4],
							"uv": {
								"north": {"uv": [53, 39], "uv_size": [-1, 4]},
								"east": {"uv": [57, 39], "uv_size": [-4, 4]},
								"south": {"uv": [58, 39], "uv_size": [-1, 4]},
								"west": {"uv": [52, 39], "uv_size": [-4, 4]},
								"up": {"uv": [53, 35], "uv_size": [-1, 4]},
								"down": {"uv": [54, 39], "uv_size": [-1, -4]}
							}
						},
						{
							"origin": [-8.50781, -5.00436, -12.5],
							"size": [2, 2, 3],
							"pivot": [0, -1.38304, -11],
							"rotation": [-45, 0, 0],
							"uv": {
								"north": {"uv": [25, 87], "uv_size": [-2, 2]},
								"east": {"uv": [28, 87], "uv_size": [-3, 2]},
								"south": {"uv": [30, 87], "uv_size": [-2, 2]},
								"west": {"uv": [23, 87], "uv_size": [-3, 2]},
								"up": {"uv": [25, 84], "uv_size": [-2, 3]},
								"down": {"uv": [27, 87], "uv_size": [-2, -3]}
							}
						},
						{
							"origin": [-8.51172, -5.00436, -12.5],
							"size": [2, 2, 3],
							"uv": {
								"north": {"uv": [35, 87], "uv_size": [-2, 2]},
								"east": {"uv": [38, 87], "uv_size": [-3, 2]},
								"south": {"uv": [40, 87], "uv_size": [-2, 2]},
								"west": {"uv": [33, 87], "uv_size": [-3, 2]},
								"up": {"uv": [35, 84], "uv_size": [-2, 3]},
								"down": {"uv": [37, 87], "uv_size": [-2, -3]}
							}
						},
						{
							"origin": [-8.50781, 0.23828, -12.5],
							"size": [2, 2, 3],
							"pivot": [0, -1.38304, -11],
							"rotation": [-135, 0, 0],
							"uv": {
								"north": {"uv": [45, 87], "uv_size": [-2, 2]},
								"east": {"uv": [48, 87], "uv_size": [-3, 2]},
								"south": {"uv": [50, 87], "uv_size": [-2, 2]},
								"west": {"uv": [43, 87], "uv_size": [-3, 2]},
								"up": {"uv": [45, 84], "uv_size": [-2, 3]},
								"down": {"uv": [47, 87], "uv_size": [-2, -3]}
							}
						},
						{
							"origin": [-8.51172, 0.23828, -12.5],
							"size": [2, 2, 3],
							"pivot": [0, -1.38304, -11],
							"rotation": [-90, 0, 0],
							"uv": {
								"north": {"uv": [55, 87], "uv_size": [-2, 2]},
								"east": {"uv": [58, 87], "uv_size": [-3, 2]},
								"south": {"uv": [60, 87], "uv_size": [-2, 2]},
								"west": {"uv": [53, 87], "uv_size": [-3, 2]},
								"up": {"uv": [55, 84], "uv_size": [-2, 3]},
								"down": {"uv": [57, 87], "uv_size": [-2, -3]}
							}
						},
						{
							"origin": [-8.50781, 0.23828, -12.5],
							"size": [2, 2, 3],
							"pivot": [0, -1.38304, -11],
							"rotation": [-45, 0, 0],
							"uv": {
								"north": {"uv": [62, 89], "uv_size": [-2, 2]},
								"east": {"uv": [65, 89], "uv_size": [-3, 2]},
								"south": {"uv": [67, 89], "uv_size": [-2, 2]},
								"west": {"uv": [60, 89], "uv_size": [-3, 2]},
								"up": {"uv": [62, 86], "uv_size": [-2, 3]},
								"down": {"uv": [64, 89], "uv_size": [-2, -3]}
							}
						},
						{
							"origin": [-8.51172, 0.23828, -12.5],
							"size": [2, 2, 3],
							"uv": {
								"north": {"uv": [62, 84], "uv_size": [-2, 2]},
								"east": {"uv": [65, 84], "uv_size": [-3, 2]},
								"south": {"uv": [67, 84], "uv_size": [-2, 2]},
								"west": {"uv": [60, 84], "uv_size": [-3, 2]},
								"up": {"uv": [62, 81], "uv_size": [-2, 3]},
								"down": {"uv": [64, 84], "uv_size": [-2, -3]}
							}
						}
					]
				},
				{
					"name": "wheels4",
					"parent": "train",
					"pivot": [0, -1.42511, 24],
					"cubes": [
						{
							"origin": [-8.51172, 0.23828, 22.5],
							"size": [2, 2, 3],
							"pivot": [0, -1.38304, 24],
							"rotation": [-90, 0, 0],
							"uv": {
								"north": {"uv": [55, 87], "uv_size": [-2, 2]},
								"east": {"uv": [58, 87], "uv_size": [-3, 2]},
								"south": {"uv": [60, 87], "uv_size": [-2, 2]},
								"west": {"uv": [53, 87], "uv_size": [-3, 2]},
								"up": {"uv": [55, 84], "uv_size": [-2, 3]},
								"down": {"uv": [57, 87], "uv_size": [-2, -3]}
							}
						},
						{
							"origin": [-8.50781, 0.23828, 22.5],
							"size": [2, 2, 3],
							"pivot": [0, -1.38304, 24],
							"rotation": [-135, 0, 0],
							"uv": {
								"north": {"uv": [45, 87], "uv_size": [-2, 2]},
								"east": {"uv": [48, 87], "uv_size": [-3, 2]},
								"south": {"uv": [50, 87], "uv_size": [-2, 2]},
								"west": {"uv": [43, 87], "uv_size": [-3, 2]},
								"up": {"uv": [45, 84], "uv_size": [-2, 3]},
								"down": {"uv": [47, 87], "uv_size": [-2, -3]}
							}
						},
						{
							"origin": [-8.51172, -5.00436, 22.5],
							"size": [2, 2, 3],
							"uv": {
								"north": {"uv": [35, 87], "uv_size": [-2, 2]},
								"east": {"uv": [38, 87], "uv_size": [-3, 2]},
								"south": {"uv": [40, 87], "uv_size": [-2, 2]},
								"west": {"uv": [33, 87], "uv_size": [-3, 2]},
								"up": {"uv": [35, 84], "uv_size": [-2, 3]},
								"down": {"uv": [37, 87], "uv_size": [-2, -3]}
							}
						},
						{
							"origin": [-8.50781, -5.00436, 22.5],
							"size": [2, 2, 3],
							"pivot": [0, -1.38304, 24],
							"rotation": [-45, 0, 0],
							"uv": {
								"north": {"uv": [25, 87], "uv_size": [-2, 2]},
								"east": {"uv": [28, 87], "uv_size": [-3, 2]},
								"south": {"uv": [30, 87], "uv_size": [-2, 2]},
								"west": {"uv": [23, 87], "uv_size": [-3, 2]},
								"up": {"uv": [25, 84], "uv_size": [-2, 3]},
								"down": {"uv": [27, 87], "uv_size": [-2, -3]}
							}
						},
						{
							"origin": [-8.51172, -5.00436, 22.5],
							"size": [2, 2, 3],
							"pivot": [0, -1.38304, 24],
							"rotation": [-90, 0, 0],
							"uv": {
								"north": {"uv": [15, 87], "uv_size": [-2, 2]},
								"east": {"uv": [18, 87], "uv_size": [-3, 2]},
								"south": {"uv": [20, 87], "uv_size": [-2, 2]},
								"west": {"uv": [13, 87], "uv_size": [-3, 2]},
								"up": {"uv": [15, 84], "uv_size": [-2, 3]},
								"down": {"uv": [17, 87], "uv_size": [-2, -3]}
							}
						},
						{
							"origin": [-8.25781, -3.76172, 22],
							"size": [1.5, 4, 4],
							"uv": {
								"north": {"uv": [53, 39], "uv_size": [-1, 4]},
								"east": {"uv": [57, 39], "uv_size": [-4, 4]},
								"south": {"uv": [58, 39], "uv_size": [-1, 4]},
								"west": {"uv": [52, 39], "uv_size": [-4, 4]},
								"up": {"uv": [53, 35], "uv_size": [-1, 4]},
								"down": {"uv": [54, 39], "uv_size": [-1, -4]}
							}
						},
						{
							"origin": [-8.50781, -5.00436, 22.5],
							"size": [2, 2, 3],
							"pivot": [0, -1.38304, 24],
							"rotation": [-135, 0, 0],
							"uv": {
								"north": {"uv": [5, 87], "uv_size": [-2, 2]},
								"east": {"uv": [8, 87], "uv_size": [-3, 2]},
								"south": {"uv": [10, 87], "uv_size": [-2, 2]},
								"west": {"uv": [3, 87], "uv_size": [-3, 2]},
								"up": {"uv": [5, 84], "uv_size": [-2, 3]},
								"down": {"uv": [7, 87], "uv_size": [-2, -3]}
							}
						},
						{
							"origin": [-8.51172, 0.23828, 22.5],
							"size": [2, 2, 3],
							"uv": {
								"north": {"uv": [62, 84], "uv_size": [-2, 2]},
								"east": {"uv": [65, 84], "uv_size": [-3, 2]},
								"south": {"uv": [67, 84], "uv_size": [-2, 2]},
								"west": {"uv": [60, 84], "uv_size": [-3, 2]},
								"up": {"uv": [62, 81], "uv_size": [-2, 3]},
								"down": {"uv": [64, 84], "uv_size": [-2, -3]}
							}
						},
						{
							"origin": [-8.50781, 0.23828, 22.5],
							"size": [2, 2, 3],
							"pivot": [0, -1.38304, 24],
							"rotation": [-45, 0, 0],
							"uv": {
								"north": {"uv": [62, 89], "uv_size": [-2, 2]},
								"east": {"uv": [65, 89], "uv_size": [-3, 2]},
								"south": {"uv": [67, 89], "uv_size": [-2, 2]},
								"west": {"uv": [60, 89], "uv_size": [-3, 2]},
								"up": {"uv": [62, 86], "uv_size": [-2, 3]},
								"down": {"uv": [64, 89], "uv_size": [-2, -3]}
							}
						},
						{
							"origin": [6.51172, 0.23828, 22.5],
							"size": [2, 2, 3],
							"pivot": [0, -1.38304, 24],
							"rotation": [-90, 0, 0],
							"uv": {
								"north": {"uv": [53, 87], "uv_size": [2, 2]},
								"east": {"uv": [50, 87], "uv_size": [3, 2]},
								"south": {"uv": [58, 87], "uv_size": [2, 2]},
								"west": {"uv": [55, 87], "uv_size": [3, 2]},
								"up": {"uv": [53, 84], "uv_size": [2, 3]},
								"down": {"uv": [55, 87], "uv_size": [2, -3]}
							}
						},
						{
							"origin": [6.50781, 0.23828, 22.5],
							"size": [2, 2, 3],
							"pivot": [0, -1.38304, 24],
							"rotation": [-135, 0, 0],
							"uv": {
								"north": {"uv": [43, 87], "uv_size": [2, 2]},
								"east": {"uv": [40, 87], "uv_size": [3, 2]},
								"south": {"uv": [48, 87], "uv_size": [2, 2]},
								"west": {"uv": [45, 87], "uv_size": [3, 2]},
								"up": {"uv": [43, 84], "uv_size": [2, 3]},
								"down": {"uv": [45, 87], "uv_size": [2, -3]}
							}
						},
						{
							"origin": [6.51172, -5.00436, 22.5],
							"size": [2, 2, 3],
							"uv": {
								"north": {"uv": [33, 87], "uv_size": [2, 2]},
								"east": {"uv": [30, 87], "uv_size": [3, 2]},
								"south": {"uv": [38, 87], "uv_size": [2, 2]},
								"west": {"uv": [35, 87], "uv_size": [3, 2]},
								"up": {"uv": [33, 84], "uv_size": [2, 3]},
								"down": {"uv": [35, 87], "uv_size": [2, -3]}
							}
						},
						{
							"origin": [6.75781, -3.76172, 22],
							"size": [1.5, 4, 4],
							"uv": {
								"north": {"uv": [52, 39], "uv_size": [1, 4]},
								"east": {"uv": [48, 39], "uv_size": [4, 4]},
								"south": {"uv": [57, 39], "uv_size": [1, 4]},
								"west": {"uv": [53, 39], "uv_size": [4, 4]},
								"up": {"uv": [52, 35], "uv_size": [1, 4]},
								"down": {"uv": [53, 39], "uv_size": [1, -4]}
							}
						},
						{
							"origin": [6.50781, 0.23828, 22.5],
							"size": [2, 2, 3],
							"pivot": [0, -1.38304, 24],
							"rotation": [-45, 0, 0],
							"uv": {
								"north": {"uv": [60, 89], "uv_size": [2, 2]},
								"east": {"uv": [57, 89], "uv_size": [3, 2]},
								"south": {"uv": [65, 89], "uv_size": [2, 2]},
								"west": {"uv": [62, 89], "uv_size": [3, 2]},
								"up": {"uv": [60, 86], "uv_size": [2, 3]},
								"down": {"uv": [62, 89], "uv_size": [2, -3]}
							}
						},
						{
							"origin": [6.50781, -5.00436, 22.5],
							"size": [2, 2, 3],
							"pivot": [0, -1.38304, 24],
							"rotation": [-135, 0, 0],
							"uv": {
								"north": {"uv": [3, 87], "uv_size": [2, 2]},
								"east": {"uv": [0, 87], "uv_size": [3, 2]},
								"south": {"uv": [8, 87], "uv_size": [2, 2]},
								"west": {"uv": [5, 87], "uv_size": [3, 2]},
								"up": {"uv": [3, 84], "uv_size": [2, 3]},
								"down": {"uv": [5, 87], "uv_size": [2, -3]}
							}
						},
						{
							"origin": [6.50781, -5.00436, 22.5],
							"size": [2, 2, 3],
							"pivot": [0, -1.38304, 24],
							"rotation": [-45, 0, 0],
							"uv": {
								"north": {"uv": [23, 87], "uv_size": [2, 2]},
								"east": {"uv": [20, 87], "uv_size": [3, 2]},
								"south": {"uv": [28, 87], "uv_size": [2, 2]},
								"west": {"uv": [25, 87], "uv_size": [3, 2]},
								"up": {"uv": [23, 84], "uv_size": [2, 3]},
								"down": {"uv": [25, 87], "uv_size": [2, -3]}
							}
						},
						{
							"origin": [6.51172, -5.00436, 22.5],
							"size": [2, 2, 3],
							"pivot": [0, -1.38304, 24],
							"rotation": [-90, 0, 0],
							"uv": {
								"north": {"uv": [13, 87], "uv_size": [2, 2]},
								"east": {"uv": [10, 87], "uv_size": [3, 2]},
								"south": {"uv": [18, 87], "uv_size": [2, 2]},
								"west": {"uv": [15, 87], "uv_size": [3, 2]},
								"up": {"uv": [13, 84], "uv_size": [2, 3]},
								"down": {"uv": [15, 87], "uv_size": [2, -3]}
							}
						},
						{
							"origin": [6.51172, 0.23828, 22.5],
							"size": [2, 2, 3],
							"uv": {
								"north": {"uv": [60, 84], "uv_size": [2, 2]},
								"east": {"uv": [57, 84], "uv_size": [3, 2]},
								"south": {"uv": [65, 84], "uv_size": [2, 2]},
								"west": {"uv": [62, 84], "uv_size": [3, 2]},
								"up": {"uv": [60, 81], "uv_size": [2, 3]},
								"down": {"uv": [62, 84], "uv_size": [2, -3]}
							}
						}
					]
				},
				{
					"name": "wheels3",
					"parent": "train",
					"pivot": [0, -1.42511, 11],
					"cubes": [
						{
							"origin": [6.50781, -4.8956, 9.23744],
							"size": [2, 2, 3],
							"pivot": [7.50781, -1.6456, 10.73744],
							"rotation": [-45, 0, 0],
							"uv": {
								"north": {"uv": [60, 104], "uv_size": [2, 2]},
								"east": {"uv": [57, 104], "uv_size": [3, 2]},
								"south": {"uv": [65, 104], "uv_size": [2, 2]},
								"west": {"uv": [62, 104], "uv_size": [3, 2]},
								"up": {"uv": [60, 101], "uv_size": [2, 3]},
								"down": {"uv": [62, 104], "uv_size": [2, -3]}
							}
						},
						{
							"origin": [6.51172, -4.63304, 9.12868],
							"size": [2, 2, 3],
							"pivot": [7.51172, -1.38304, 10.62868],
							"rotation": [-90, 0, 0],
							"uv": {
								"north": {"uv": [3, 107], "uv_size": [2, 2]},
								"east": {"uv": [0, 107], "uv_size": [3, 2]},
								"south": {"uv": [8, 107], "uv_size": [2, 2]},
								"west": {"uv": [5, 107], "uv_size": [3, 2]},
								"up": {"uv": [3, 104], "uv_size": [2, 3]},
								"down": {"uv": [5, 107], "uv_size": [2, -3]}
							}
						},
						{
							"origin": [6.75781, -3.76172, 9],
							"size": [1.5, 4, 4],
							"uv": {
								"north": {"uv": [40, 57], "uv_size": [1, 4]},
								"east": {"uv": [36, 57], "uv_size": [4, 4]},
								"south": {"uv": [45, 57], "uv_size": [1, 4]},
								"west": {"uv": [41, 57], "uv_size": [4, 4]},
								"up": {"uv": [40, 53], "uv_size": [1, 4]},
								"down": {"uv": [41, 57], "uv_size": [1, -4]}
							}
						},
						{
							"origin": [6.50781, -4.37048, 9.23744],
							"size": [2, 2, 3],
							"pivot": [7.50781, -1.12048, 10.73744],
							"rotation": [-135, 0, 0],
							"uv": {
								"north": {"uv": [13, 107], "uv_size": [2, 2]},
								"east": {"uv": [10, 107], "uv_size": [3, 2]},
								"south": {"uv": [18, 107], "uv_size": [2, 2]},
								"west": {"uv": [15, 107], "uv_size": [3, 2]},
								"up": {"uv": [13, 104], "uv_size": [2, 3]},
								"down": {"uv": [15, 107], "uv_size": [2, -3]}
							}
						},
						{
							"origin": [6.51172, 0.23828, 9.5],
							"size": [2, 2, 3],
							"uv": {
								"north": {"uv": [23, 107], "uv_size": [2, 2]},
								"east": {"uv": [20, 107], "uv_size": [3, 2]},
								"south": {"uv": [28, 107], "uv_size": [2, 2]},
								"west": {"uv": [25, 107], "uv_size": [3, 2]},
								"up": {"uv": [23, 104], "uv_size": [2, 3]},
								"down": {"uv": [25, 107], "uv_size": [2, -3]}
							}
						},
						{
							"origin": [6.50781, 0.12952, 9.76256],
							"size": [2, 2, 3],
							"pivot": [7.50781, -1.12048, 11.26256],
							"rotation": [-45, 0, 0],
							"uv": {
								"north": {"uv": [23, 102], "uv_size": [2, 2]},
								"east": {"uv": [20, 102], "uv_size": [3, 2]},
								"south": {"uv": [28, 102], "uv_size": [2, 2]},
								"west": {"uv": [25, 102], "uv_size": [3, 2]},
								"up": {"uv": [23, 99], "uv_size": [2, 3]},
								"down": {"uv": [25, 102], "uv_size": [2, -3]}
							}
						},
						{
							"origin": [6.51172, -0.13304, 9.87132],
							"size": [2, 2, 3],
							"pivot": [7.51172, -1.38304, 11.37132],
							"rotation": [-90, 0, 0],
							"uv": {
								"north": {"uv": [33, 102], "uv_size": [2, 2]},
								"east": {"uv": [30, 102], "uv_size": [3, 2]},
								"south": {"uv": [38, 102], "uv_size": [2, 2]},
								"west": {"uv": [35, 102], "uv_size": [3, 2]},
								"up": {"uv": [33, 99], "uv_size": [2, 3]},
								"down": {"uv": [35, 102], "uv_size": [2, -3]}
							}
						},
						{
							"origin": [6.50781, -0.3956, 9.76256],
							"size": [2, 2, 3],
							"pivot": [7.50781, -1.6456, 11.26256],
							"rotation": [-135, 0, 0],
							"uv": {
								"north": {"uv": [43, 102], "uv_size": [2, 2]},
								"east": {"uv": [40, 102], "uv_size": [3, 2]},
								"south": {"uv": [48, 102], "uv_size": [2, 2]},
								"west": {"uv": [45, 102], "uv_size": [3, 2]},
								"up": {"uv": [43, 99], "uv_size": [2, 3]},
								"down": {"uv": [45, 102], "uv_size": [2, -3]}
							}
						},
						{
							"origin": [6.51172, -5.00436, 9.5],
							"size": [2, 2, 3],
							"uv": {
								"north": {"uv": [53, 102], "uv_size": [2, 2]},
								"east": {"uv": [50, 102], "uv_size": [3, 2]},
								"south": {"uv": [58, 102], "uv_size": [2, 2]},
								"west": {"uv": [55, 102], "uv_size": [3, 2]},
								"up": {"uv": [53, 99], "uv_size": [2, 3]},
								"down": {"uv": [55, 102], "uv_size": [2, -3]}
							}
						},
						{
							"origin": [-8.25781, -3.76172, 9],
							"size": [1.5, 4, 4],
							"uv": {
								"north": {"uv": [41, 57], "uv_size": [-1, 4]},
								"east": {"uv": [45, 57], "uv_size": [-4, 4]},
								"south": {"uv": [46, 57], "uv_size": [-1, 4]},
								"west": {"uv": [40, 57], "uv_size": [-4, 4]},
								"up": {"uv": [41, 53], "uv_size": [-1, 4]},
								"down": {"uv": [42, 57], "uv_size": [-1, -4]}
							}
						},
						{
							"origin": [-8.51172, -4.63304, 9.12868],
							"size": [2, 2, 3],
							"pivot": [-7.51172, -1.38304, 10.62868],
							"rotation": [-90, 0, 0],
							"uv": {
								"north": {"uv": [5, 107], "uv_size": [-2, 2]},
								"east": {"uv": [8, 107], "uv_size": [-3, 2]},
								"south": {"uv": [10, 107], "uv_size": [-2, 2]},
								"west": {"uv": [3, 107], "uv_size": [-3, 2]},
								"up": {"uv": [5, 104], "uv_size": [-2, 3]},
								"down": {"uv": [7, 107], "uv_size": [-2, -3]}
							}
						},
						{
							"origin": [-8.50781, -4.8956, 9.23744],
							"size": [2, 2, 3],
							"pivot": [-7.50781, -1.6456, 10.73744],
							"rotation": [-45, 0, 0],
							"uv": {
								"north": {"uv": [62, 104], "uv_size": [-2, 2]},
								"east": {"uv": [65, 104], "uv_size": [-3, 2]},
								"south": {"uv": [67, 104], "uv_size": [-2, 2]},
								"west": {"uv": [60, 104], "uv_size": [-3, 2]},
								"up": {"uv": [62, 101], "uv_size": [-2, 3]},
								"down": {"uv": [64, 104], "uv_size": [-2, -3]}
							}
						},
						{
							"origin": [-8.50781, -4.37048, 9.23744],
							"size": [2, 2, 3],
							"pivot": [-7.50781, -1.12048, 10.73744],
							"rotation": [-135, 0, 0],
							"uv": {
								"north": {"uv": [15, 107], "uv_size": [-2, 2]},
								"east": {"uv": [18, 107], "uv_size": [-3, 2]},
								"south": {"uv": [20, 107], "uv_size": [-2, 2]},
								"west": {"uv": [13, 107], "uv_size": [-3, 2]},
								"up": {"uv": [15, 104], "uv_size": [-2, 3]},
								"down": {"uv": [17, 107], "uv_size": [-2, -3]}
							}
						},
						{
							"origin": [-8.51172, -5.00436, 9.5],
							"size": [2, 2, 3],
							"uv": {
								"north": {"uv": [55, 102], "uv_size": [-2, 2]},
								"east": {"uv": [58, 102], "uv_size": [-3, 2]},
								"south": {"uv": [60, 102], "uv_size": [-2, 2]},
								"west": {"uv": [53, 102], "uv_size": [-3, 2]},
								"up": {"uv": [55, 99], "uv_size": [-2, 3]},
								"down": {"uv": [57, 102], "uv_size": [-2, -3]}
							}
						},
						{
							"origin": [-8.50781, -0.3956, 9.76256],
							"size": [2, 2, 3],
							"pivot": [-7.50781, -1.6456, 11.26256],
							"rotation": [-135, 0, 0],
							"uv": {
								"north": {"uv": [45, 102], "uv_size": [-2, 2]},
								"east": {"uv": [48, 102], "uv_size": [-3, 2]},
								"south": {"uv": [50, 102], "uv_size": [-2, 2]},
								"west": {"uv": [43, 102], "uv_size": [-3, 2]},
								"up": {"uv": [45, 99], "uv_size": [-2, 3]},
								"down": {"uv": [47, 102], "uv_size": [-2, -3]}
							}
						},
						{
							"origin": [-8.51172, -0.13304, 9.87132],
							"size": [2, 2, 3],
							"pivot": [-7.51172, -1.38304, 11.37132],
							"rotation": [-90, 0, 0],
							"uv": {
								"north": {"uv": [35, 102], "uv_size": [-2, 2]},
								"east": {"uv": [38, 102], "uv_size": [-3, 2]},
								"south": {"uv": [40, 102], "uv_size": [-2, 2]},
								"west": {"uv": [33, 102], "uv_size": [-3, 2]},
								"up": {"uv": [35, 99], "uv_size": [-2, 3]},
								"down": {"uv": [37, 102], "uv_size": [-2, -3]}
							}
						},
						{
							"origin": [-8.50781, 0.12952, 9.76256],
							"size": [2, 2, 3],
							"pivot": [-7.50781, -1.12048, 11.26256],
							"rotation": [-45, 0, 0],
							"uv": {
								"north": {"uv": [25, 102], "uv_size": [-2, 2]},
								"east": {"uv": [28, 102], "uv_size": [-3, 2]},
								"south": {"uv": [30, 102], "uv_size": [-2, 2]},
								"west": {"uv": [23, 102], "uv_size": [-3, 2]},
								"up": {"uv": [25, 99], "uv_size": [-2, 3]},
								"down": {"uv": [27, 102], "uv_size": [-2, -3]}
							}
						},
						{
							"origin": [-8.51172, 0.23828, 9.5],
							"size": [2, 2, 3],
							"uv": {
								"north": {"uv": [25, 107], "uv_size": [-2, 2]},
								"east": {"uv": [28, 107], "uv_size": [-3, 2]},
								"south": {"uv": [30, 107], "uv_size": [-2, 2]},
								"west": {"uv": [23, 107], "uv_size": [-3, 2]},
								"up": {"uv": [25, 104], "uv_size": [-2, 3]},
								"down": {"uv": [27, 107], "uv_size": [-2, -3]}
							}
						}
					]
				},
				{
					"name": "wagon_main",
					"parent": "train",
					"pivot": [0, -5, 0.5],
					"cubes": [
						{
							"origin": [-8.5, 3, -33],
							"size": [17, 3, 66],
							"uv": {
								"north": {"uv": [174, 69], "uv_size": [17, 3]},
								"east": {"uv": [108, 69], "uv_size": [66, 3]},
								"south": {"uv": [257, 69], "uv_size": [17, 3]},
								"west": {"uv": [191, 69], "uv_size": [66, 3]},
								"up": {"uv": [174, 3], "uv_size": [17, 66]},
								"down": {"uv": [191, 69], "uv_size": [17, -66]}
							}
						},
						{
							"origin": [-9.5, 2, -34],
							"size": [19, 1, 68],
							"uv": {
								"north": {"uv": [68, 137], "uv_size": [19, 1]},
								"east": {"uv": [0, 137], "uv_size": [68, 1]},
								"south": {"uv": [155, 137], "uv_size": [19, 1]},
								"west": {"uv": [87, 137], "uv_size": [68, 1]},
								"up": {"uv": [68, 69], "uv_size": [19, 68]},
								"down": {"uv": [87, 137], "uv_size": [19, -68]}
							}
						},
						{"origin": [-7.5, 37, 30], "size": [15, 1, 4], "uv": [118, 286]},
						{"origin": [-7.5, 37, -34], "size": [15, 1, 4], "uv": [126, 281]},
						{
							"origin": [-11.5, 37, -34],
							"size": [4, 1, 68],
							"uv": {
								"north": {"uv": [118, 277], "uv_size": [4, 1]},
								"east": {"uv": [50, 277], "uv_size": [68, 1]},
								"south": {"uv": [190, 277], "uv_size": [4, 1]},
								"west": {"uv": [122, 277], "uv_size": [68, 1]},
								"up": {"uv": [118, 209], "uv_size": [4, 68]},
								"down": {"uv": [122, 277], "uv_size": [4, -68]}
							}
						},
						{
							"origin": [7.5, 37, -34],
							"size": [4, 1, 68],
							"uv": {
								"north": {"uv": [133, 277], "uv_size": [4, 1]},
								"east": {"uv": [65, 277], "uv_size": [68, 1]},
								"south": {"uv": [205, 277], "uv_size": [4, 1]},
								"west": {"uv": [137, 277], "uv_size": [68, 1]},
								"up": {"uv": [133, 209], "uv_size": [4, 68]},
								"down": {"uv": [137, 277], "uv_size": [4, -68]}
							}
						},
						{
							"origin": [-8.5, 23, -33],
							"size": [1, 6, 66],
							"pivot": [-8, 26, 0],
							"rotation": [0, 180, 0],
							"uv": {
								"north": {"uv": [174, 138], "uv_size": [1, 6]},
								"east": {"uv": [108, 138], "uv_size": [66, 6]},
								"south": {"uv": [241, 138], "uv_size": [1, 6]},
								"west": {"uv": [175, 138], "uv_size": [66, 6]},
								"up": {"uv": [174, 72], "uv_size": [1, 66]},
								"down": {"uv": [175, 138], "uv_size": [1, -66]}
							}
						},
						{"origin": [-7.5, 23, 32], "size": [15, 6, 1], "uv": [183, 129]},
						{"origin": [-7.5, 23, -33], "size": [15, 6, 1], "pivot": [0, 26, -32.5], "rotation": [0, 180, 0], "uv": [186, 129]},
						{
							"origin": [-9.5, 23, 32],
							"size": [1, 14, 2],
							"uv": {
								"north": {"uv": [170, 54], "uv_size": [1, 14]},
								"east": {"uv": [168, 54], "uv_size": [2, 14]},
								"south": {"uv": [173, 54], "uv_size": [1, 14]},
								"west": {"uv": [171, 54], "uv_size": [2, 14]},
								"up": {"uv": [170, 52], "uv_size": [1, 2]},
								"down": {"uv": [171, 54], "uv_size": [1, -2]}
							}
						},
						{
							"origin": [-10.5, 23, -1],
							"size": [2, 14, 2],
							"uv": {
								"north": {"uv": [168, 54], "uv_size": [2, 14]},
								"east": {"uv": [166, 54], "uv_size": [2, 14]},
								"south": {"uv": [172, 54], "uv_size": [2, 14]},
								"west": {"uv": [170, 54], "uv_size": [2, 14]},
								"up": {"uv": [168, 52], "uv_size": [2, 2]},
								"down": {"uv": [170, 54], "uv_size": [2, -2]}
							}
						},
						{
							"origin": [-8.5, 23, 33],
							"size": [1, 14, 1],
							"uv": {
								"north": {"uv": [165, 54], "uv_size": [1, 14]},
								"east": {"uv": [164, 54], "uv_size": [1, 14]},
								"south": {"uv": [167, 54], "uv_size": [1, 14]},
								"west": {"uv": [166, 54], "uv_size": [1, 14]},
								"up": {"uv": [165, 53], "uv_size": [1, 1]},
								"down": {"uv": [166, 54], "uv_size": [1, -1]}
							}
						},
						{
							"origin": [7.5, 23, 33],
							"size": [1, 14, 1],
							"uv": {
								"north": {"uv": [165, 54], "uv_size": [1, 14]},
								"east": {"uv": [164, 54], "uv_size": [1, 14]},
								"south": {"uv": [167, 54], "uv_size": [1, 14]},
								"west": {"uv": [166, 54], "uv_size": [1, 14]},
								"up": {"uv": [165, 53], "uv_size": [1, 1]},
								"down": {"uv": [166, 54], "uv_size": [1, -1]}
							}
						},
						{
							"origin": [7.5, 23, -34],
							"size": [1, 14, 1],
							"uv": {
								"north": {"uv": [165, 54], "uv_size": [1, 14]},
								"east": {"uv": [164, 54], "uv_size": [1, 14]},
								"south": {"uv": [167, 54], "uv_size": [1, 14]},
								"west": {"uv": [166, 54], "uv_size": [1, 14]},
								"up": {"uv": [165, 53], "uv_size": [1, 1]},
								"down": {"uv": [166, 54], "uv_size": [1, -1]}
							}
						},
						{
							"origin": [-7.5, 28, 33],
							"size": [15, 1, 1],
							"uv": {
								"north": {"uv": [133, 67], "uv_size": [15, 1]},
								"east": {"uv": [132, 67], "uv_size": [1, 1]},
								"south": {"uv": [149, 67], "uv_size": [15, 1]},
								"west": {"uv": [148, 67], "uv_size": [1, 1]},
								"up": {"uv": [177, 129], "uv_size": [15, 1]},
								"down": {"uv": [148, 67], "uv_size": [15, -1]}
							}
						},
						{"origin": [-7.5, 28, -34], "size": [15, 1, 1], "uv": [239, 95]},
						{
							"origin": [-8.5, 23, -34],
							"size": [1, 14, 1],
							"uv": {
								"north": {"uv": [165, 54], "uv_size": [1, 14]},
								"east": {"uv": [164, 54], "uv_size": [1, 14]},
								"south": {"uv": [167, 54], "uv_size": [1, 14]},
								"west": {"uv": [166, 54], "uv_size": [1, 14]},
								"up": {"uv": [165, 53], "uv_size": [1, 1]},
								"down": {"uv": [166, 54], "uv_size": [1, -1]}
							}
						},
						{
							"origin": [-9.5, 23, -34],
							"size": [1, 14, 2],
							"uv": {
								"north": {"uv": [159, 52], "uv_size": [1, 14]},
								"east": {"uv": [157, 52], "uv_size": [2, 14]},
								"south": {"uv": [162, 52], "uv_size": [1, 14]},
								"west": {"uv": [160, 52], "uv_size": [2, 14]},
								"up": {"uv": [159, 50], "uv_size": [1, 2]},
								"down": {"uv": [160, 52], "uv_size": [1, -2]}
							}
						},
						{
							"origin": [8.5, 23, 32],
							"size": [1, 14, 2],
							"uv": {
								"north": {"uv": [170, 54], "uv_size": [1, 14]},
								"east": {"uv": [168, 54], "uv_size": [2, 14]},
								"south": {"uv": [173, 54], "uv_size": [1, 14]},
								"west": {"uv": [171, 54], "uv_size": [2, 14]},
								"up": {"uv": [170, 52], "uv_size": [1, 2]},
								"down": {"uv": [171, 54], "uv_size": [1, -2]}
							}
						},
						{
							"origin": [8.5, 23, -1],
							"size": [2, 14, 2],
							"uv": {
								"north": {"uv": [168, 54], "uv_size": [2, 14]},
								"east": {"uv": [166, 54], "uv_size": [2, 14]},
								"south": {"uv": [172, 54], "uv_size": [2, 14]},
								"west": {"uv": [170, 54], "uv_size": [2, 14]},
								"up": {"uv": [168, 52], "uv_size": [2, 2]},
								"down": {"uv": [170, 54], "uv_size": [2, -2]}
							}
						},
						{
							"origin": [-10.5, 28, 1],
							"size": [2, 1, 31],
							"uv": {
								"north": {"uv": [138, 103], "uv_size": [-2, 1]},
								"east": {"uv": [169, 103], "uv_size": [-31, 1]},
								"south": {"uv": [171, 103], "uv_size": [-2, 1]},
								"west": {"uv": [136, 103], "uv_size": [-31, 1]},
								"up": {"uv": [138, 72], "uv_size": [-2, 31]},
								"down": {"uv": [140, 103], "uv_size": [-2, -31]}
							}
						},
						{
							"origin": [-10.5, 28, -32],
							"size": [2, 1, 31],
							"uv": {
								"north": {"uv": [138, 103], "uv_size": [-2, 1]},
								"east": {"uv": [169, 103], "uv_size": [-31, 1]},
								"south": {"uv": [171, 103], "uv_size": [-2, 1]},
								"west": {"uv": [136, 103], "uv_size": [-31, 1]},
								"up": {"uv": [138, 72], "uv_size": [-2, 31]},
								"down": {"uv": [140, 103], "uv_size": [-2, -31]}
							}
						},
						{
							"origin": [8.5, 28, 1],
							"size": [2, 1, 31],
							"pivot": [9, 28.5, 16.5],
							"rotation": [180, 0, 0],
							"uv": {
								"north": {"uv": [137, 103], "uv_size": [2, 1]},
								"east": {"uv": [106, 103], "uv_size": [31, 1]},
								"south": {"uv": [170, 103], "uv_size": [2, 1]},
								"west": {"uv": [139, 103], "uv_size": [31, 1]},
								"up": {"uv": [137, 72], "uv_size": [2, 31]},
								"down": {"uv": [139, 103], "uv_size": [2, -31]}
							}
						},
						{
							"origin": [8.5, 28, -32],
							"size": [2, 1, 31],
							"pivot": [9, 28.5, -16.5],
							"rotation": [180, 0, 0],
							"uv": {
								"north": {"uv": [137, 103], "uv_size": [2, 1]},
								"east": {"uv": [106, 103], "uv_size": [31, 1]},
								"south": {"uv": [170, 103], "uv_size": [2, 1]},
								"west": {"uv": [139, 103], "uv_size": [31, 1]},
								"up": {"uv": [137, 72], "uv_size": [2, 31]},
								"down": {"uv": [139, 103], "uv_size": [2, -31]}
							}
						},
						{
							"origin": [8.5, 23, -34],
							"size": [1, 14, 2],
							"uv": {
								"north": {"uv": [159, 52], "uv_size": [1, 14]},
								"east": {"uv": [157, 52], "uv_size": [2, 14]},
								"south": {"uv": [162, 52], "uv_size": [1, 14]},
								"west": {"uv": [160, 52], "uv_size": [2, 14]},
								"up": {"uv": [159, 50], "uv_size": [1, 2]},
								"down": {"uv": [160, 52], "uv_size": [1, -2]}
							}
						},
						{
							"origin": [7.5, 23, -33],
							"size": [1, 6, 66],
							"uv": {
								"north": {"uv": [174, 138], "uv_size": [1, 6]},
								"east": {"uv": [108, 138], "uv_size": [66, 6]},
								"south": {"uv": [241, 138], "uv_size": [1, 6]},
								"west": {"uv": [175, 138], "uv_size": [66, 6]},
								"up": {"uv": [174, 72], "uv_size": [1, 66]},
								"down": {"uv": [175, 138], "uv_size": [1, -66]}
							}
						},
						{"origin": [-10.5, 22, -34], "size": [21, 1, 68], "uv": [208, 104]},
						{"origin": [-10.5, 6, -34], "size": [21, 1, 68], "uv": [208, 104]},
						{
							"origin": [7.5, 7, -33],
							"size": [1, 6, 66],
							"uv": {
								"north": {"uv": [174, 138], "uv_size": [1, 6]},
								"east": {"uv": [108, 138], "uv_size": [66, 6]},
								"south": {"uv": [241, 138], "uv_size": [1, 6]},
								"west": {"uv": [175, 138], "uv_size": [66, 6]},
								"up": {"uv": [174, 72], "uv_size": [1, 66]},
								"down": {"uv": [175, 138], "uv_size": [1, -66]}
							}
						},
						{
							"origin": [8.5, 7, -34],
							"size": [1, 14, 2],
							"uv": {
								"north": {"uv": [159, 52], "uv_size": [1, 14]},
								"east": {"uv": [157, 52], "uv_size": [2, 14]},
								"south": {"uv": [162, 52], "uv_size": [1, 14]},
								"west": {"uv": [160, 52], "uv_size": [2, 14]},
								"up": {"uv": [159, 50], "uv_size": [1, 2]},
								"down": {"uv": [160, 52], "uv_size": [1, -2]}
							}
						},
						{
							"origin": [8.5, 12, -32],
							"size": [2, 1, 31],
							"pivot": [9, 12.5, -16.5],
							"rotation": [180, 0, 0],
							"uv": {
								"north": {"uv": [137, 103], "uv_size": [2, 1]},
								"east": {"uv": [106, 103], "uv_size": [31, 1]},
								"south": {"uv": [170, 103], "uv_size": [2, 1]},
								"west": {"uv": [139, 103], "uv_size": [31, 1]},
								"up": {"uv": [137, 72], "uv_size": [2, 31]},
								"down": {"uv": [139, 103], "uv_size": [2, -31]}
							}
						},
						{
							"origin": [8.5, 12, 1],
							"size": [2, 1, 31],
							"pivot": [9, 12.5, 16.5],
							"rotation": [180, 0, 0],
							"uv": {
								"north": {"uv": [137, 103], "uv_size": [2, 1]},
								"east": {"uv": [106, 103], "uv_size": [31, 1]},
								"south": {"uv": [170, 103], "uv_size": [2, 1]},
								"west": {"uv": [139, 103], "uv_size": [31, 1]},
								"up": {"uv": [137, 72], "uv_size": [2, 31]},
								"down": {"uv": [139, 103], "uv_size": [2, -31]}
							}
						},
						{
							"origin": [-10.5, 12, -32],
							"size": [2, 1, 31],
							"uv": {
								"north": {"uv": [138, 103], "uv_size": [-2, 1]},
								"east": {"uv": [169, 103], "uv_size": [-31, 1]},
								"south": {"uv": [171, 103], "uv_size": [-2, 1]},
								"west": {"uv": [136, 103], "uv_size": [-31, 1]},
								"up": {"uv": [138, 72], "uv_size": [-2, 31]},
								"down": {"uv": [140, 103], "uv_size": [-2, -31]}
							}
						},
						{
							"origin": [-10.5, 12, 1],
							"size": [2, 1, 31],
							"uv": {
								"north": {"uv": [139, 103], "uv_size": [-2, 1]},
								"east": {"uv": [170, 103], "uv_size": [-31, 1]},
								"south": {"uv": [172, 103], "uv_size": [-2, 1]},
								"west": {"uv": [137, 103], "uv_size": [-31, 1]},
								"up": {"uv": [139, 72], "uv_size": [-2, 31]},
								"down": {"uv": [141, 103], "uv_size": [-2, -31]}
							}
						},
						{
							"origin": [-9.5, 7, 15.5],
							"size": [1, 30, 2],
							"uv": {
								"north": {"uv": [255, 124], "uv_size": [-1, 30]},
								"east": {"uv": [257, 124], "uv_size": [-2, 30]},
								"south": {"uv": [258, 124], "uv_size": [-1, 30]},
								"west": {"uv": [254, 124], "uv_size": [-2, 30]},
								"up": {"uv": [255, 122], "uv_size": [-1, 2]},
								"down": {"uv": [256, 124], "uv_size": [-1, -2]}
							}
						},
						{
							"origin": [-9.5, 7, -17.5],
							"size": [1, 30, 2],
							"uv": {
								"north": {"uv": [255, 124], "uv_size": [-1, 30]},
								"east": {"uv": [257, 124], "uv_size": [-2, 30]},
								"south": {"uv": [258, 124], "uv_size": [-1, 30]},
								"west": {"uv": [254, 124], "uv_size": [-2, 30]},
								"up": {"uv": [255, 122], "uv_size": [-1, 2]},
								"down": {"uv": [256, 124], "uv_size": [-1, -2]}
							}
						},
						{
							"origin": [8.5, 7, -17.5],
							"size": [1, 30, 2],
							"uv": {
								"north": {"uv": [261, 124], "uv_size": [-1, 30]},
								"east": {"uv": [263, 124], "uv_size": [-2, 30]},
								"south": {"uv": [264, 124], "uv_size": [-1, 30]},
								"west": {"uv": [260, 124], "uv_size": [-2, 30]},
								"up": {"uv": [261, 122], "uv_size": [-1, 2]},
								"down": {"uv": [262, 124], "uv_size": [-1, -2]}
							}
						},
						{
							"origin": [8.5, 7, 15.5],
							"size": [1, 30, 2],
							"uv": {
								"north": {"uv": [261, 124], "uv_size": [-1, 30]},
								"east": {"uv": [263, 124], "uv_size": [-2, 30]},
								"south": {"uv": [264, 124], "uv_size": [-1, 30]},
								"west": {"uv": [260, 124], "uv_size": [-2, 30]},
								"up": {"uv": [261, 122], "uv_size": [-1, 2]},
								"down": {"uv": [262, 124], "uv_size": [-1, -2]}
							}
						},
						{
							"origin": [8.5, 7, -1],
							"size": [2, 14, 2],
							"uv": {
								"north": {"uv": [168, 54], "uv_size": [2, 14]},
								"east": {"uv": [166, 54], "uv_size": [2, 14]},
								"south": {"uv": [172, 54], "uv_size": [2, 14]},
								"west": {"uv": [170, 54], "uv_size": [2, 14]},
								"up": {"uv": [168, 52], "uv_size": [2, 2]},
								"down": {"uv": [170, 54], "uv_size": [2, -2]}
							}
						},
						{
							"origin": [8.5, 7, 32],
							"size": [1, 14, 2],
							"uv": {
								"north": {"uv": [170, 54], "uv_size": [1, 14]},
								"east": {"uv": [168, 54], "uv_size": [2, 14]},
								"south": {"uv": [173, 54], "uv_size": [1, 14]},
								"west": {"uv": [171, 54], "uv_size": [2, 14]},
								"up": {"uv": [170, 52], "uv_size": [1, 2]},
								"down": {"uv": [171, 54], "uv_size": [1, -2]}
							}
						},
						{
							"origin": [-9.5, 7, -34],
							"size": [1, 14, 2],
							"uv": {
								"north": {"uv": [159, 52], "uv_size": [1, 14]},
								"east": {"uv": [157, 52], "uv_size": [2, 14]},
								"south": {"uv": [162, 52], "uv_size": [1, 14]},
								"west": {"uv": [160, 52], "uv_size": [2, 14]},
								"up": {"uv": [159, 50], "uv_size": [1, 2]},
								"down": {"uv": [160, 52], "uv_size": [1, -2]}
							}
						},
						{
							"origin": [-8.5, 7, -34],
							"size": [1, 14, 1],
							"uv": {
								"north": {"uv": [165, 54], "uv_size": [1, 14]},
								"east": {"uv": [164, 54], "uv_size": [1, 14]},
								"south": {"uv": [167, 54], "uv_size": [1, 14]},
								"west": {"uv": [166, 54], "uv_size": [1, 14]},
								"up": {"uv": [165, 53], "uv_size": [1, 1]},
								"down": {"uv": [166, 54], "uv_size": [1, -1]}
							}
						},
						{"origin": [-7.5, 12, -34], "size": [15, 1, 1], "uv": [239, 95]},
						{
							"origin": [-7.5, 12, 33],
							"size": [15, 1, 1],
							"uv": {
								"north": {"uv": [133, 67], "uv_size": [15, 1]},
								"east": {"uv": [132, 67], "uv_size": [1, 1]},
								"south": {"uv": [149, 67], "uv_size": [15, 1]},
								"west": {"uv": [148, 67], "uv_size": [1, 1]},
								"up": {"uv": [177, 129], "uv_size": [15, 1]},
								"down": {"uv": [148, 67], "uv_size": [15, -1]}
							}
						},
						{
							"origin": [7.5, 7, -34],
							"size": [1, 14, 1],
							"uv": {
								"north": {"uv": [165, 54], "uv_size": [1, 14]},
								"east": {"uv": [164, 54], "uv_size": [1, 14]},
								"south": {"uv": [167, 54], "uv_size": [1, 14]},
								"west": {"uv": [166, 54], "uv_size": [1, 14]},
								"up": {"uv": [165, 53], "uv_size": [1, 1]},
								"down": {"uv": [166, 54], "uv_size": [1, -1]}
							}
						},
						{
							"origin": [7.5, 7, 33],
							"size": [1, 14, 1],
							"uv": {
								"north": {"uv": [165, 54], "uv_size": [1, 14]},
								"east": {"uv": [164, 54], "uv_size": [1, 14]},
								"south": {"uv": [167, 54], "uv_size": [1, 14]},
								"west": {"uv": [166, 54], "uv_size": [1, 14]},
								"up": {"uv": [165, 53], "uv_size": [1, 1]},
								"down": {"uv": [166, 54], "uv_size": [1, -1]}
							}
						},
						{
							"origin": [-8.5, 7, 33],
							"size": [1, 14, 1],
							"uv": {
								"north": {"uv": [165, 54], "uv_size": [1, 14]},
								"east": {"uv": [164, 54], "uv_size": [1, 14]},
								"south": {"uv": [167, 54], "uv_size": [1, 14]},
								"west": {"uv": [166, 54], "uv_size": [1, 14]},
								"up": {"uv": [165, 53], "uv_size": [1, 1]},
								"down": {"uv": [166, 54], "uv_size": [1, -1]}
							}
						},
						{
							"origin": [-10.5, 7, -1],
							"size": [2, 14, 2],
							"uv": {
								"north": {"uv": [168, 54], "uv_size": [2, 14]},
								"east": {"uv": [166, 54], "uv_size": [2, 14]},
								"south": {"uv": [172, 54], "uv_size": [2, 14]},
								"west": {"uv": [170, 54], "uv_size": [2, 14]},
								"up": {"uv": [168, 52], "uv_size": [2, 2]},
								"down": {"uv": [170, 54], "uv_size": [2, -2]}
							}
						},
						{
							"origin": [-9.5, 7, 32],
							"size": [1, 14, 2],
							"uv": {
								"north": {"uv": [170, 54], "uv_size": [1, 14]},
								"east": {"uv": [168, 54], "uv_size": [2, 14]},
								"south": {"uv": [173, 54], "uv_size": [1, 14]},
								"west": {"uv": [171, 54], "uv_size": [2, 14]},
								"up": {"uv": [170, 52], "uv_size": [1, 2]},
								"down": {"uv": [171, 54], "uv_size": [1, -2]}
							}
						},
						{"origin": [-7.5, 7, -33], "size": [15, 6, 1], "pivot": [0, 10, -32.5], "rotation": [0, 180, 0], "uv": [184, 129]},
						{"origin": [-7.5, 7, 32], "size": [15, 6, 1], "uv": [185, 129]},
						{
							"origin": [-8.5, 7, -33],
							"size": [1, 6, 66],
							"pivot": [-8, 10, 0],
							"rotation": [0, 180, 0],
							"uv": {
								"north": {"uv": [174, 138], "uv_size": [1, 6]},
								"east": {"uv": [108, 138], "uv_size": [66, 6]},
								"south": {"uv": [241, 138], "uv_size": [1, 6]},
								"west": {"uv": [175, 138], "uv_size": [66, 6]},
								"up": {"uv": [174, 72], "uv_size": [1, 66]},
								"down": {"uv": [175, 138], "uv_size": [1, -66]}
							}
						},
						{
							"origin": [7.5, 21, -34],
							"size": [3, 1, 68],
							"uv": {
								"north": {"uv": [133, 277], "uv_size": [4, 1]},
								"east": {"uv": [65, 277], "uv_size": [68, 1]},
								"south": {"uv": [205, 277], "uv_size": [4, 1]},
								"west": {"uv": [137, 277], "uv_size": [68, 1]},
								"up": {"uv": [133, 209], "uv_size": [4, 68]},
								"down": {"uv": [137, 277], "uv_size": [4, -68]}
							}
						},
						{
							"origin": [-10.5, 21, -34],
							"size": [3, 1, 68],
							"uv": {
								"north": {"uv": [118, 277], "uv_size": [4, 1]},
								"east": {"uv": [50, 277], "uv_size": [68, 1]},
								"south": {"uv": [190, 277], "uv_size": [4, 1]},
								"west": {"uv": [122, 277], "uv_size": [68, 1]},
								"up": {"uv": [118, 209], "uv_size": [4, 68]},
								"down": {"uv": [122, 277], "uv_size": [4, -68]}
							}
						},
						{"origin": [-7.5, 21, -34], "size": [15, 1, 4], "uv": [126, 281]},
						{"origin": [-7.5, 21, 30], "size": [15, 1, 4], "uv": [126, 281]}
					]
				}
			]
		}
	]
}