{
	"format_version": "1.12.0",
	"minecraft:geometry": [
		{
			"description": {
				"identifier": "geometry.lb_ta_coal_trainvagon",
				"texture_width": 512,
				"texture_height": 512,
				"visible_bounds_width": 6,
				"visible_bounds_height": 5,
				"visible_bounds_offset": [0, 1.5, 0]
			},
			"bones": [
				{
					"name": "wagon",
					"pivot": [0, 4.5, 42],
					"cubes": [
						{"origin": [-6.5, -2, -29], "size": [13, 4, 58], "uv": [184, 69]},
						{"origin": [8.5, -1, 6], "size": [1, 3, 8], "uv": [136, 268]},
						{"origin": [8.5, -1, 21], "size": [1, 3, 8], "uv": [136, 268]},
						{"origin": [-9.5, -1, 6], "size": [1, 3, 8], "uv": [136, 268], "mirror": true},
						{"origin": [-9.5, -1, 21], "size": [1, 3, 8], "uv": [136, 268], "mirror": true},
						{"origin": [-7.5, -3, 23], "size": [15, 2, 2], "uv": [192, 247]},
						{"origin": [-7.5, -3, 10], "size": [15, 2, 2], "uv": [192, 251]},
						{"origin": [8.5, -4, 9], "size": [1, 3, 4], "uv": [136, 279]},
						{"origin": [8.5, -4, 22], "size": [1, 3, 4], "uv": [136, 279]},
						{"origin": [-8.5, -3, 14], "size": [17, 5, 7], "uv": [192, 258]},
						{"origin": [8.5, -3, 14], "size": [1, 5, 1], "uv": [54, 278]},
						{"origin": [8.5, -3, 20], "size": [1, 5, 1], "uv": [92, 282]},
						{"origin": [8.5, 1, 15], "size": [1, 1, 5], "uv": [172, 277]},
						{"origin": [-9.5, -4, 9], "size": [1, 3, 4], "uv": [146, 279]},
						{"origin": [-9.5, -4, 22], "size": [1, 3, 4], "uv": [146, 279]},
						{"origin": [-9.5, -3, 20], "size": [1, 5, 1], "uv": [246, 288]},
						{"origin": [-9.5, 1, 15], "size": [1, 1, 5], "uv": [264, 277]},
						{"origin": [-9.5, -3, 14], "size": [1, 5, 1], "uv": [170, 289]},
						{"origin": [-9.5, -3, 15], "size": [1, 2, 5], "uv": [240, 274]},
						{"origin": [-9.5, -1, 16], "size": [1, 2, 3], "uv": [270, 290]},
						{"origin": [8.5, -3, 15], "size": [1, 2, 5], "uv": [252, 274]},
						{"origin": [8.5, -1, 16], "size": [1, 2, 3], "uv": [278, 290]},
						{"origin": [-9.5, -1, -29], "size": [1, 3, 8], "uv": [136, 268], "mirror": true},
						{"origin": [-9.5, -4, -26], "size": [1, 3, 4], "uv": [146, 279]},
						{"origin": [-9.5, -3, -21], "size": [1, 5, 1], "uv": [246, 288]},
						{"origin": [-9.5, 1, -20], "size": [1, 1, 5], "uv": [264, 277]},
						{"origin": [-9.5, -1, -19], "size": [1, 2, 3], "uv": [270, 290]},
						{"origin": [-9.5, -3, -20], "size": [1, 2, 5], "uv": [240, 274]},
						{"origin": [-9.5, -3, -15], "size": [1, 5, 1], "uv": [170, 289]},
						{"origin": [-9.5, -1, -14], "size": [1, 3, 8], "uv": [136, 268], "mirror": true},
						{"origin": [-9.5, -4, -13], "size": [1, 3, 4], "uv": [146, 279]},
						{"origin": [8.5, -1, -14], "size": [1, 3, 8], "uv": [136, 268]},
						{"origin": [8.5, -3, -15], "size": [1, 5, 1], "uv": [54, 278]},
						{"origin": [8.5, -3, -20], "size": [1, 2, 5], "uv": [252, 274]},
						{"origin": [8.5, -1, -19], "size": [1, 2, 3], "uv": [278, 290]},
						{"origin": [8.5, 1, -20], "size": [1, 1, 5], "uv": [172, 277]},
						{"origin": [8.5, -3, -21], "size": [1, 5, 1], "uv": [92, 282]},
						{"origin": [8.5, -1, -29], "size": [1, 3, 8], "uv": [136, 268]},
						{"origin": [8.5, -4, -26], "size": [1, 3, 4], "uv": [136, 279]},
						{"origin": [8.5, -4, -13], "size": [1, 3, 4], "uv": [136, 279]},
						{"origin": [-1, 4, 33], "size": [2, 1, 3], "uv": [286, 281]},
						{"origin": [-1, 2, 34], "size": [2, 1, 2], "uv": [176, 283]},
						{"origin": [-2, 4, 36], "size": [4, 1, 1], "uv": [288, 272]},
						{"origin": [-2, 4, 39], "size": [4, 1, 1], "uv": [290, 134]},
						{"origin": [1, 4, 37], "size": [1, 1, 2], "uv": [54, 284]},
						{"origin": [-2, 4, 37], "size": [1, 1, 2], "uv": [150, 286]},
						{"origin": [-2, 2, 36], "size": [4, 1, 1], "uv": [290, 136]},
						{"origin": [-2, 2, 39], "size": [4, 1, 1], "uv": [286, 290]},
						{"origin": [1, 2, 37], "size": [1, 1, 2], "uv": [128, 291]},
						{"origin": [-2, 2, 37], "size": [1, 1, 2], "uv": [134, 291]},
						{"origin": [-1, 3, -35], "size": [2, 1, 2], "uv": [60, 291]},
						{"origin": [-2, 3, -36], "size": [4, 1, 1], "uv": [0, 291]},
						{"origin": [1, 3, -38], "size": [1, 1, 2], "uv": [140, 291]},
						{"origin": [-2, 3, -39], "size": [4, 1, 1], "uv": [10, 291]},
						{"origin": [-2, 3, -38], "size": [1, 1, 2], "uv": [292, 131]},
						{"origin": [-1, 1, 38], "size": [4, 1, 1], "pivot": [0, 4.5, 41], "rotation": [-90, 0, 90], "uv": [20, 291]},
						{"origin": [-1, 1, 43], "size": [4, 1, 1], "pivot": [0, 4.5, 41], "rotation": [-90, 0, 90], "uv": [98, 291]},
						{"origin": [0, 1, 39], "size": [1, 1, 4], "pivot": [0, 4.5, 41], "rotation": [-90, 0, -90], "uv": [68, 284]},
						{"origin": [-3, 1, 39], "size": [1, 1, 4], "pivot": [0, 4.5, 41], "rotation": [-90, 0, -90], "uv": [274, 285]}
					]
				},
				{
					"name": "wheels4",
					"parent": "wagon",
					"pivot": [0, -1.42512, 24],
					"cubes": [
						{"origin": [-8.51172, 0.23828, 22.5], "size": [2, 2, 3], "pivot": [0, -1.38304, 24], "rotation": [-90, 0, 0], "uv": [284, 285]},
						{"origin": [-8.50781, 0.23828, 22.5], "size": [2, 2, 3], "pivot": [0, -1.38304, 24], "rotation": [-135, 0, 0], "uv": [0, 286]},
						{"origin": [-8.51172, -5.00436, 22.5], "size": [2, 2, 3], "uv": [10, 286]},
						{"origin": [-8.50781, -5.00436, 22.5], "size": [2, 2, 3], "pivot": [0, -1.38304, 24], "rotation": [-45, 0, 0], "uv": [20, 286]},
						{"origin": [-8.51172, -5.00436, 22.5], "size": [2, 2, 3], "pivot": [0, -1.38304, 24], "rotation": [-90, 0, 0], "uv": [100, 286]},
						{"origin": [-8.25781, -3.76172, 22], "size": [1.5, 4, 4], "uv": [276, 277]},
						{"origin": [-8.50781, -5.00436, 22.5], "size": [2, 2, 3], "pivot": [0, -1.38304, 24], "rotation": [-135, 0, 0], "uv": [110, 286]},
						{"origin": [-8.51172, 0.23828, 22.5], "size": [2, 2, 3], "uv": [120, 286]},
						{"origin": [-8.50781, 0.23828, 22.5], "size": [2, 2, 3], "pivot": [0, -1.38304, 24], "rotation": [-45, 0, 0], "uv": [130, 286]},
						{"origin": [6.51172, 0.23828, 22.5], "size": [2, 2, 3], "pivot": [0, -1.38304, 24], "rotation": [-90, 0, 0], "uv": [140, 286]},
						{"origin": [6.50781, 0.23828, 22.5], "size": [2, 2, 3], "pivot": [0, -1.38304, 24], "rotation": [-135, 0, 0], "uv": [286, 276]},
						{"origin": [6.51172, -5.00436, 22.5], "size": [2, 2, 3], "uv": [176, 287]},
						{"origin": [6.75781, -3.76172, 22], "size": [1.5, 4, 4], "uv": [0, 278]},
						{"origin": [6.50781, 0.23828, 22.5], "size": [2, 2, 3], "pivot": [0, -1.38304, 24], "rotation": [-45, 0, 0], "uv": [186, 287]},
						{"origin": [6.50781, -5.00436, 22.5], "size": [2, 2, 3], "pivot": [0, -1.38304, 24], "rotation": [-135, 0, 0], "uv": [196, 287]},
						{"origin": [6.50781, -5.00436, 22.5], "size": [2, 2, 3], "pivot": [0, -1.38304, 24], "rotation": [-45, 0, 0], "uv": [206, 287]},
						{"origin": [6.51172, -5.00436, 22.5], "size": [2, 2, 3], "pivot": [0, -1.38304, 24], "rotation": [-90, 0, 0], "uv": [216, 287]},
						{"origin": [6.51172, 0.23828, 22.5], "size": [2, 2, 3], "uv": [226, 287]}
					]
				},
				{
					"name": "wheels2",
					"parent": "wagon",
					"pivot": [0, -1.42512, -24],
					"cubes": [
						{"origin": [-8.51172, 0.23828, -25.5], "size": [2, 2, 3], "pivot": [0, -1.38304, -24], "rotation": [90, 0, 0], "uv": [284, 285]},
						{"origin": [-8.50781, 0.23828, -25.5], "size": [2, 2, 3], "pivot": [0, -1.38304, -24], "rotation": [135, 0, 0], "uv": [0, 286]},
						{"origin": [-8.51172, -5.00436, -25.5], "size": [2, 2, 3], "uv": [10, 286]},
						{"origin": [-8.50781, -5.00436, -25.5], "size": [2, 2, 3], "pivot": [0, -1.38304, -24], "rotation": [45, 0, 0], "uv": [20, 286]},
						{"origin": [-8.51172, -5.00436, -25.5], "size": [2, 2, 3], "pivot": [0, -1.38304, -24], "rotation": [90, 0, 0], "uv": [100, 286]},
						{"origin": [-8.25781, -3.76172, -26], "size": [1.5, 4, 4], "uv": [276, 277]},
						{"origin": [-8.50781, -5.00436, -25.5], "size": [2, 2, 3], "pivot": [0, -1.38304, -24], "rotation": [135, 0, 0], "uv": [110, 286]},
						{"origin": [-8.51172, 0.23828, -25.5], "size": [2, 2, 3], "uv": [120, 286]},
						{"origin": [-8.50781, 0.23828, -25.5], "size": [2, 2, 3], "pivot": [0, -1.38304, -24], "rotation": [45, 0, 0], "uv": [130, 286]},
						{"origin": [6.51172, 0.23828, -25.5], "size": [2, 2, 3], "pivot": [0, -1.38304, -24], "rotation": [90, 0, 0], "uv": [140, 286]},
						{"origin": [6.50781, 0.23828, -25.5], "size": [2, 2, 3], "pivot": [0, -1.38304, -24], "rotation": [135, 0, 0], "uv": [286, 276]},
						{"origin": [6.51172, -5.00436, -25.5], "size": [2, 2, 3], "uv": [176, 287]},
						{"origin": [6.75781, -3.76172, -26], "size": [1.5, 4, 4], "uv": [0, 278]},
						{"origin": [6.50781, 0.23828, -25.5], "size": [2, 2, 3], "pivot": [0, -1.38304, -24], "rotation": [45, 0, 0], "uv": [186, 287]},
						{"origin": [6.50781, -5.00436, -25.5], "size": [2, 2, 3], "pivot": [0, -1.38304, -24], "rotation": [135, 0, 0], "uv": [196, 287]},
						{"origin": [6.50781, -5.00436, -25.5], "size": [2, 2, 3], "pivot": [0, -1.38304, -24], "rotation": [45, 0, 0], "uv": [206, 287]},
						{"origin": [6.51172, -5.00436, -25.5], "size": [2, 2, 3], "pivot": [0, -1.38304, -24], "rotation": [90, 0, 0], "uv": [216, 287]},
						{"origin": [6.51172, 0.23828, -25.5], "size": [2, 2, 3], "uv": [226, 287]}
					]
				},
				{
					"name": "wheels3",
					"parent": "wagon",
					"pivot": [0, -1.42512, 11],
					"cubes": [
						{"origin": [6.50781, -4.8956, 9.23744], "size": [2, 2, 3], "pivot": [7.50781, -1.6456, 10.73744], "rotation": [-45, 0, 0], "uv": [250, 287]},
						{"origin": [6.51172, -4.63304, 9.12868], "size": [2, 2, 3], "pivot": [7.51172, -1.38304, 10.62868], "rotation": [-90, 0, 0], "uv": [30, 288]},
						{"origin": [6.75781, -3.76172, 9], "size": [1.5, 4, 4], "uv": [10, 278]},
						{"origin": [6.50781, -4.37048, 9.23744], "size": [2, 2, 3], "pivot": [7.50781, -1.12048, 10.73744], "rotation": [-135, 0, 0], "uv": [40, 288]},
						{"origin": [6.51172, 0.23828, 9.5], "size": [2, 2, 3], "uv": [50, 288]},
						{"origin": [6.50781, 0.12952, 9.76256], "size": [2, 2, 3], "pivot": [7.50781, -1.12048, 11.26256], "rotation": [-45, 0, 0], "uv": [78, 288]},
						{"origin": [6.51172, -0.13304, 9.87132], "size": [2, 2, 3], "pivot": [7.51172, -1.38304, 11.37132], "rotation": [-90, 0, 0], "uv": [88, 288]},
						{"origin": [6.50781, -0.3956, 9.76256], "size": [2, 2, 3], "pivot": [7.50781, -1.6456, 11.26256], "rotation": [-135, 0, 0], "uv": [236, 288]},
						{"origin": [6.51172, -5.00436, 9.5], "size": [2, 2, 3], "uv": [288, 237]},
						{"origin": [-8.25781, -3.76172, 9], "size": [1.5, 4, 4], "uv": [20, 278]},
						{"origin": [-8.51172, -4.63304, 9.12868], "size": [2, 2, 3], "pivot": [-7.51172, -1.38304, 10.62868], "rotation": [-90, 0, 0], "uv": [288, 242]},
						{"origin": [-8.50781, -4.8956, 9.23744], "size": [2, 2, 3], "pivot": [-7.50781, -1.6456, 10.73744], "rotation": [-45, 0, 0], "uv": [288, 247]},
						{"origin": [-8.50781, -4.37048, 9.23744], "size": [2, 2, 3], "pivot": [-7.50781, -1.12048, 10.73744], "rotation": [-135, 0, 0], "uv": [288, 252]},
						{"origin": [-8.51172, -5.00436, 9.5], "size": [2, 2, 3], "uv": [288, 257]},
						{"origin": [-8.50781, -0.3956, 9.76256], "size": [2, 2, 3], "pivot": [-7.50781, -1.6456, 11.26256], "rotation": [-135, 0, 0], "uv": [260, 288]},
						{"origin": [-8.51172, -0.13304, 9.87132], "size": [2, 2, 3], "pivot": [-7.51172, -1.38304, 11.37132], "rotation": [-90, 0, 0], "uv": [288, 262]},
						{"origin": [-8.50781, 0.12952, 9.76256], "size": [2, 2, 3], "pivot": [-7.50781, -1.12048, 11.26256], "rotation": [-45, 0, 0], "uv": [288, 267]},
						{"origin": [-8.51172, 0.23828, 9.5], "size": [2, 2, 3], "uv": [68, 289]}
					]
				},
				{
					"name": "wheels5",
					"parent": "wagon",
					"pivot": [0, -1.42512, -11],
					"cubes": [
						{"origin": [6.50781, -4.8956, -12.23744], "size": [2, 2, 3], "pivot": [7.50781, -1.6456, -10.73744], "rotation": [45, 0, 0], "uv": [250, 287]},
						{"origin": [6.51172, -4.63304, -12.12868], "size": [2, 2, 3], "pivot": [7.51172, -1.38304, -10.62868], "rotation": [90, 0, 0], "uv": [30, 288]},
						{"origin": [6.75781, -3.76172, -13], "size": [1.5, 4, 4], "uv": [10, 278]},
						{"origin": [6.50781, -4.37048, -12.23744], "size": [2, 2, 3], "pivot": [7.50781, -1.12048, -10.73744], "rotation": [135, 0, 0], "uv": [40, 288]},
						{"origin": [6.51172, 0.23828, -12.5], "size": [2, 2, 3], "uv": [50, 288]},
						{"origin": [6.50781, 0.12952, -12.76256], "size": [2, 2, 3], "pivot": [7.50781, -1.12048, -11.26256], "rotation": [45, 0, 0], "uv": [78, 288]},
						{"origin": [6.51172, -0.13304, -12.87132], "size": [2, 2, 3], "pivot": [7.51172, -1.38304, -11.37132], "rotation": [90, 0, 0], "uv": [88, 288]},
						{"origin": [6.50781, -0.3956, -12.76256], "size": [2, 2, 3], "pivot": [7.50781, -1.6456, -11.26256], "rotation": [135, 0, 0], "uv": [236, 288]},
						{"origin": [6.51172, -5.00436, -12.5], "size": [2, 2, 3], "uv": [288, 237]},
						{"origin": [-8.25781, -3.76172, -13], "size": [1.5, 4, 4], "uv": [20, 278]},
						{"origin": [-8.51172, -4.63304, -12.12868], "size": [2, 2, 3], "pivot": [-7.51172, -1.38304, -10.62868], "rotation": [90, 0, 0], "uv": [288, 242]},
						{"origin": [-8.50781, -4.8956, -12.23744], "size": [2, 2, 3], "pivot": [-7.50781, -1.6456, -10.73744], "rotation": [45, 0, 0], "uv": [288, 247]},
						{"origin": [-8.50781, -4.37048, -12.23744], "size": [2, 2, 3], "pivot": [-7.50781, -1.12048, -10.73744], "rotation": [135, 0, 0], "uv": [288, 252]},
						{"origin": [-8.51172, -5.00436, -12.5], "size": [2, 2, 3], "uv": [288, 257]},
						{"origin": [-8.50781, -0.3956, -12.76256], "size": [2, 2, 3], "pivot": [-7.50781, -1.6456, -11.26256], "rotation": [135, 0, 0], "uv": [260, 288]},
						{"origin": [-8.51172, -0.13304, -12.87132], "size": [2, 2, 3], "pivot": [-7.51172, -1.38304, -11.37132], "rotation": [90, 0, 0], "uv": [288, 262]},
						{"origin": [-8.50781, 0.12952, -12.76256], "size": [2, 2, 3], "pivot": [-7.50781, -1.12048, -11.26256], "rotation": [45, 0, 0], "uv": [288, 267]},
						{"origin": [-8.51172, 0.23828, -12.5], "size": [2, 2, 3], "uv": [68, 289]}
					]
				},
				{
					"name": "wagon_main",
					"parent": "wagon",
					"pivot": [0, -5, 1.5],
					"cubes": [
						{"origin": [-12, 6, -34], "size": [24, 1, 68], "uv": [0, 0]},
						{"origin": [-4, 6, -30], "size": [2, 1, 8], "pivot": [-3, 7, -30], "rotation": [67.5, 0, 0], "uv": [0, 269]},
						{"origin": [2, 6, -30], "size": [2, 1, 8], "pivot": [3, 7, -30], "rotation": [67.5, 0, 0], "uv": [0, 269]},
						{"origin": [-4, 6, 22], "size": [2, 1, 8], "pivot": [-3, 7, 30], "rotation": [-67.5, 0, 0], "uv": [40, 269]},
						{"origin": [2, 6, 22], "size": [2, 1, 8], "pivot": [3, 7, 30], "rotation": [-67.5, 0, 0], "uv": [20, 269]},
						{"origin": [-12, 2, -34], "size": [24, 1, 68], "uv": [0, 69]},
						{"origin": [-11, 3, -33], "size": [22, 3, 66], "uv": [0, 138]},
						{"origin": [-11, 7, -23], "size": [22, 16, 46], "uv": [0, 207]},
						{"origin": [1, 19, -19], "size": [5, 5, 5], "pivot": [4, 21, -16], "rotation": [-45, 0, 45], "uv": [174, 233]},
						{"origin": [-4, 19, 11], "size": [5, 5, 5], "pivot": [-1, 21, 14], "rotation": [-27.5, 60, 32.5], "uv": [175, 220]},
						{"origin": [-9, 18.25, 6], "size": [6, 5, 6], "pivot": [-5, 20.25, 10], "rotation": [-27.5, 60, 50], "uv": [172, 232]},
						{"origin": [-2, 20.75, -4], "size": [5, 5, 5], "pivot": [1, 22.75, -1], "rotation": [-45, 42.5, 40], "uv": [174, 233]},
						{"origin": [-7, 19, -5], "size": [5, 8, 5], "pivot": [-4, 21, -2], "rotation": [-45, -27.5, 45], "uv": [174, 233]},
						{"origin": [4.75, 19, 1], "size": [5, 8, 5], "pivot": [7.75, 21, 4], "rotation": [-90, -25, -17.5], "uv": [174, 208]},
						{"origin": [-9, 18, -4], "size": [5, 12, 7], "pivot": [-6, 20, 1], "rotation": [-46.91944, 0.3573, 66.08769], "uv": [172, 217]},
						{"origin": [-5, 20, -18], "size": [5, 5, 4], "pivot": [-2, 22, -16], "rotation": [-40.35396, 46.24005, 43.25157], "uv": [175, 234]},
						{"origin": [1.70091, 19.27863, -11.17849], "size": [5, 5, 5], "pivot": [4.20091, 21.77863, -8.67849], "rotation": [4.64604, 46.24005, 43.25157], "uv": [173, 208]},
						{"origin": [-7, 19, 13], "size": [5, 8, 5], "pivot": [-4, 21, 16], "rotation": [-123.38438, -22.47997, 85.9302], "uv": [174, 217]},
						{"origin": [0, 19, 6], "size": [5, 5, 5], "pivot": [3, 21, 9], "rotation": [-82.99352, -15.26348, 29.42219], "uv": [174, 235]},
						{"origin": [1, 22, 19], "size": [5, 5, 5], "pivot": [4, 21, 22], "rotation": [46.30995, -72.07116, -117.70944], "uv": [174, 233]},
						{"origin": [1, 18.25, 20], "size": [6, 5, 6], "pivot": [5, 20.25, 24], "rotation": [115.99421, 59.92538, -162.37515], "uv": [172, 232]},
						{"origin": [4, 22, 24], "size": [5, 5, 5], "pivot": [7, 21, 27], "rotation": [-69.53209, -53.20613, 2.50572], "uv": [176, 219]},
						{"origin": [3.68588, 19.1559, 15.03408], "size": [5, 5, 5], "pivot": [6.18588, 21.6559, 17.53408], "rotation": [-104.94607, -32.57509, -147.28109], "uv": [173, 222]},
						{"origin": [-4, 19, 21], "size": [5, 8, 5], "pivot": [-1, 21, 24], "rotation": [-80.16042, 3.08963, 61.63074], "uv": [174, 233]},
						{"origin": [-8, 19, -13], "size": [5, 8, 5], "pivot": [-5, 21, -10], "rotation": [-81.1345, -23.91159, 25.822], "uv": [172, 224]},
						{"origin": [-9, 18, -12], "size": [5, 12, 7], "pivot": [-6, 20, -7], "rotation": [-42.34561, 2.3807, 66.19704], "uv": [172, 208]},
						{"origin": [3, 19, -7], "size": [5, 8, 5], "pivot": [6, 21, -4], "rotation": [-66.60048, -20.22307, -16.88408], "uv": [174, 233]},
						{"origin": [-9, 19, 23], "size": [7, 5, 5], "pivot": [-6, 21, 26], "rotation": [-45, 0, 25], "uv": [172, 222]},
						{"origin": [-10, 19, -26], "size": [5, 5, 5], "pivot": [-7, 21, -23], "rotation": [-10, 0, 45], "uv": [176, 224]},
						{"origin": [3, 19, -30], "size": [5, 5, 5], "pivot": [6, 21, -27], "rotation": [-71.53479, 23.49182, 21.8477], "uv": [173, 223]},
						{"origin": [-4, 19, -31], "size": [5, 5, 5], "pivot": [-1, 21, -28], "rotation": [-45.11432, 21.9427, 39.36796], "uv": [174, 233]},
						{"origin": [-3, 19, -25], "size": [5, 8, 5], "pivot": [0, 21, -22], "rotation": [-112.9767, -46.09405, 41.8335], "uv": [174, 233]},
						{"origin": [0, 19, -25], "size": [5, 5, 5], "pivot": [3, 21, -22], "rotation": [-120.89594, 0.53185, 35.89956], "uv": [175, 226]},
						{"origin": [-10, 7, -26], "size": [20, 3, 3], "uv": [184, 131]},
						{"origin": [5, 7, -26], "size": [2, 3, 3], "inflate": 0.5, "uv": [254, 281]},
						{"origin": [-7, 7, -26], "size": [2, 3, 3], "inflate": 0.5, "uv": [82, 282]},
						{"origin": [-7, 7, 23], "size": [2, 3, 3], "inflate": 0.5, "uv": [166, 283]},
						{"origin": [5, 7, 23], "size": [2, 3, 3], "inflate": 0.5, "uv": [156, 283]},
						{"origin": [-10, 7, 23], "size": [20, 3, 3], "uv": [230, 131]},
						{"origin": [-11, 18, 23], "size": [22, 5, 10], "uv": [232, 207]},
						{"origin": [-11, 18, -33], "size": [22, 5, 10], "uv": [232, 222]},
						{"origin": [-3, 19, -35], "size": [1, 1, 2], "uv": [174, 292]},
						{"origin": [-3, 19, 33], "size": [1, 1, 2], "uv": [180, 292]},
						{
							"origin": [-5, 19, -34],
							"size": [1, 1, 0.5],
							"uv": {
								"north": {"uv": [169, 291], "uv_size": [1, 1]},
								"east": {"uv": [169, 291], "uv_size": [1, 1]},
								"south": {"uv": [169, 291], "uv_size": [1, 1]},
								"west": {"uv": [170, 291], "uv_size": [-1, 1]},
								"up": {"uv": [169, 292], "uv_size": [1, -1]},
								"down": {"uv": [169, 292], "uv_size": [1, -1]}
							}
						},
						{
							"origin": [-1, 19, -34],
							"size": [1, 1, 0.5],
							"uv": {
								"north": {"uv": [165, 291], "uv_size": [1, 1]},
								"east": {"uv": [165, 291], "uv_size": [1, 1]},
								"south": {"uv": [165, 291], "uv_size": [1, 1]},
								"west": {"uv": [166, 291], "uv_size": [-1, 1]},
								"up": {"uv": [165, 292], "uv_size": [1, -1]},
								"down": {"uv": [165, 292], "uv_size": [1, -1]}
							}
						},
						{
							"origin": [-2, 20, -34],
							"size": [2, 1, 0.5],
							"uv": {
								"north": {"uv": [168, 290], "uv_size": [2, 1]},
								"east": {"uv": [169, 290], "uv_size": [1, 1]},
								"south": {"uv": [168, 290], "uv_size": [2, 1]},
								"west": {"uv": [170, 290], "uv_size": [-1, 1]},
								"up": {"uv": [168, 291], "uv_size": [2, -1]},
								"down": {"uv": [168, 291], "uv_size": [2, -1]}
							}
						},
						{
							"origin": [-5, 20, -34],
							"size": [2, 1, 0.5],
							"uv": {
								"north": {"uv": [165, 290], "uv_size": [2, 1]},
								"east": {"uv": [165, 290], "uv_size": [1, 1]},
								"south": {"uv": [165, 290], "uv_size": [2, 1]},
								"west": {"uv": [166, 290], "uv_size": [-1, 1]},
								"up": {"uv": [165, 291], "uv_size": [2, -1]},
								"down": {"uv": [165, 291], "uv_size": [2, -1]}
							}
						},
						{
							"origin": [-2, 18, -34],
							"size": [2, 1, 0.5],
							"uv": {
								"north": {"uv": [168, 292], "uv_size": [2, 1]},
								"east": {"uv": [169, 292], "uv_size": [1, 1]},
								"south": {"uv": [168, 292], "uv_size": [2, 1]},
								"west": {"uv": [170, 292], "uv_size": [-1, 1]},
								"up": {"uv": [168, 293], "uv_size": [2, -1]},
								"down": {"uv": [168, 293], "uv_size": [2, -1]}
							}
						},
						{
							"origin": [-5, 18, -34],
							"size": [2, 1, 0.5],
							"uv": {
								"north": {"uv": [165, 292], "uv_size": [2, 1]},
								"east": {"uv": [165, 292], "uv_size": [1, 1]},
								"south": {"uv": [165, 292], "uv_size": [2, 1]},
								"west": {"uv": [166, 292], "uv_size": [-1, 1]},
								"up": {"uv": [165, 293], "uv_size": [2, -1]},
								"down": {"uv": [165, 293], "uv_size": [2, -1]}
							}
						},
						{
							"origin": [-4, 21, -34],
							"size": [3, 1, 0.5],
							"uv": {
								"north": {"uv": [166, 289], "uv_size": [3, 1]},
								"east": {"uv": [167, 289], "uv_size": [1, 1]},
								"south": {"uv": [166, 289], "uv_size": [3, 1]},
								"west": {"uv": [168, 289], "uv_size": [-1, 1]},
								"up": {"uv": [166, 290], "uv_size": [3, -1]},
								"down": {"uv": [166, 290], "uv_size": [3, -1]}
							}
						},
						{
							"origin": [-4, 17, -34],
							"size": [3, 1, 0.5],
							"uv": {
								"north": {"uv": [166, 293], "uv_size": [3, 1]},
								"east": {"uv": [167, 293], "uv_size": [1, 1]},
								"south": {"uv": [166, 293], "uv_size": [3, 1]},
								"west": {"uv": [168, 293], "uv_size": [-1, 1]},
								"up": {"uv": [166, 294], "uv_size": [3, -1]},
								"down": {"uv": [166, 294], "uv_size": [3, -1]}
							}
						},
						{
							"origin": [-4, 21, 33.5],
							"size": [3, 1, 0.5],
							"uv": {
								"north": {"uv": [166, 289], "uv_size": [3, 1]},
								"east": {"uv": [167, 289], "uv_size": [1, 1]},
								"south": {"uv": [166, 289], "uv_size": [3, 1]},
								"west": {"uv": [168, 289], "uv_size": [-1, 1]},
								"up": {"uv": [166, 290], "uv_size": [3, -1]},
								"down": {"uv": [166, 290], "uv_size": [3, -1]}
							}
						},
						{
							"origin": [-5, 20, 33.5],
							"size": [2, 1, 0.5],
							"uv": {
								"north": {"uv": [168, 290], "uv_size": [2, 1]},
								"east": {"uv": [169, 290], "uv_size": [1, 1]},
								"south": {"uv": [168, 290], "uv_size": [2, 1]},
								"west": {"uv": [170, 290], "uv_size": [-1, 1]},
								"up": {"uv": [168, 291], "uv_size": [2, -1]},
								"down": {"uv": [168, 291], "uv_size": [2, -1]}
							}
						},
						{
							"origin": [-2, 20, 33.5],
							"size": [2, 1, 0.5],
							"uv": {
								"north": {"uv": [165, 290], "uv_size": [2, 1]},
								"east": {"uv": [165, 290], "uv_size": [1, 1]},
								"south": {"uv": [165, 290], "uv_size": [2, 1]},
								"west": {"uv": [166, 290], "uv_size": [-1, 1]},
								"up": {"uv": [165, 291], "uv_size": [2, -1]},
								"down": {"uv": [165, 291], "uv_size": [2, -1]}
							}
						},
						{
							"origin": [-1, 19, 33.5],
							"size": [1, 1, 0.5],
							"uv": {
								"north": {"uv": [165, 291], "uv_size": [1, 1]},
								"east": {"uv": [165, 291], "uv_size": [1, 1]},
								"south": {"uv": [165, 291], "uv_size": [1, 1]},
								"west": {"uv": [166, 291], "uv_size": [-1, 1]},
								"up": {"uv": [165, 292], "uv_size": [1, -1]},
								"down": {"uv": [165, 292], "uv_size": [1, -1]}
							}
						},
						{
							"origin": [-2, 18, 33.5],
							"size": [2, 1, 0.5],
							"uv": {
								"north": {"uv": [165, 292], "uv_size": [2, 1]},
								"east": {"uv": [165, 292], "uv_size": [1, 1]},
								"south": {"uv": [165, 292], "uv_size": [2, 1]},
								"west": {"uv": [166, 292], "uv_size": [-1, 1]},
								"up": {"uv": [165, 293], "uv_size": [2, -1]},
								"down": {"uv": [165, 293], "uv_size": [2, -1]}
							}
						},
						{
							"origin": [-4, 17, 33.5],
							"size": [3, 1, 0.5],
							"uv": {
								"north": {"uv": [166, 293], "uv_size": [3, 1]},
								"east": {"uv": [167, 293], "uv_size": [1, 1]},
								"south": {"uv": [166, 293], "uv_size": [3, 1]},
								"west": {"uv": [168, 293], "uv_size": [-1, 1]},
								"up": {"uv": [166, 294], "uv_size": [3, -1]},
								"down": {"uv": [166, 294], "uv_size": [3, -1]}
							}
						},
						{
							"origin": [-5, 18, 33.5],
							"size": [2, 1, 0.5],
							"uv": {
								"north": {"uv": [168, 292], "uv_size": [2, 1]},
								"east": {"uv": [169, 292], "uv_size": [1, 1]},
								"south": {"uv": [168, 292], "uv_size": [2, 1]},
								"west": {"uv": [170, 292], "uv_size": [-1, 1]},
								"up": {"uv": [168, 293], "uv_size": [2, -1]},
								"down": {"uv": [168, 293], "uv_size": [2, -1]}
							}
						},
						{
							"origin": [-5, 19, 33.5],
							"size": [1, 1, 0.5],
							"uv": {
								"north": {"uv": [169, 291], "uv_size": [1, 1]},
								"east": {"uv": [169, 291], "uv_size": [1, 1]},
								"south": {"uv": [169, 291], "uv_size": [1, 1]},
								"west": {"uv": [170, 291], "uv_size": [-1, 1]},
								"up": {"uv": [169, 292], "uv_size": [1, -1]},
								"down": {"uv": [169, 292], "uv_size": [1, -1]}
							}
						},
						{"origin": [-11, 3, 27], "size": [22, 15, 6], "inflate": -0.01, "pivot": [0, 18, 33], "rotation": [-55, 0, 0], "uv": [232, 237]},
						{"origin": [-11, 3, -33], "size": [22, 15, 6], "inflate": -0.01, "pivot": [0, 18, -33], "rotation": [55, 0, 0], "uv": [136, 247]},
						{"origin": [-12, 7, -5], "size": [1, 16, 1], "uv": [104, 269]},
						{"origin": [-12, 7, 4], "size": [1, 16, 1], "uv": [108, 269]},
						{"origin": [-12, 7, 13], "size": [1, 16, 1], "uv": [112, 269]},
						{"origin": [-12, 7, 22], "size": [1, 16, 1], "uv": [116, 269]},
						{"origin": [-12, 7, -14], "size": [1, 16, 1], "uv": [120, 269]},
						{"origin": [-12, 7, -23], "size": [1, 16, 1], "uv": [124, 269]},
						{"origin": [11, 23, -34], "size": [1, 1, 68], "uv": [176, 138]},
						{"origin": [-12, 23, -34], "size": [1, 1, 68], "uv": [184, 0]},
						{"origin": [-11, 23, -34], "size": [22, 1, 1], "uv": [240, 258]},
						{"origin": [-11, 23, 33], "size": [22, 1, 1], "uv": [240, 260]},
						{"origin": [-12, 7, 33], "size": [1, 16, 1], "pivot": [-11.5, 15, 33.5], "rotation": [0, 90, 0], "uv": [128, 269]},
						{"origin": [12, 19, 28.5], "size": [5, 1, 1], "pivot": [12.5, 26, 29], "rotation": [0, -90, 0], "uv": [193, 256]},
						{"origin": [11, 19, 28.5], "size": [1, 1, 1], "pivot": [11.5, 26, 29], "rotation": [0, -90, 0], "uv": [193, 256]},
						{"origin": [12, 14, 28.5], "size": [5, 1, 1], "pivot": [12.5, 21, 29], "rotation": [0, -90, 0], "uv": [276, 134]},
						{"origin": [11, 7, 28], "size": [1, 8, 1], "pivot": [11.5, 18, 28.5], "rotation": [0, -90, 0], "uv": [226, 247]},
						{"origin": [12, 9, 28.5], "size": [5, 1, 1], "pivot": [12.5, 16, 29], "rotation": [0, -90, 0], "uv": [276, 136]},
						{"origin": [11, 7, 33], "size": [1, 16, 1], "pivot": [11.5, 18, 33.5], "rotation": [0, -90, 0], "uv": [132, 269]},
						{"origin": [-17, 19, -29.5], "size": [5, 1, 1], "pivot": [-12.5, 26, -29], "rotation": [0, -90, 0], "uv": [210, 256]},
						{"origin": [-12, 19, -29.5], "size": [1, 1, 1], "pivot": [-11.5, 26, -29], "rotation": [0, -90, 0], "uv": [214, 256]},
						{"origin": [-17, 14, -29.5], "size": [5, 1, 1], "pivot": [-12.5, 21, -29], "rotation": [0, -90, 0], "uv": [157, 279]},
						{"origin": [-12, 7, -29], "size": [1, 8, 1], "pivot": [-11.5, 18, -28.5], "rotation": [0, -90, 0], "uv": [100, 274]},
						{"origin": [-17, 9, -29.5], "size": [5, 1, 1], "pivot": [-12.5, 16, -29], "rotation": [0, -90, 0], "uv": [69, 280]},
						{"origin": [-12, 7, -34], "size": [1, 16, 1], "pivot": [-11.5, 18, -33.5], "rotation": [0, -90, 0], "uv": [192, 270]},
						{"origin": [-11.5, 14, -35], "size": [6, 1, 1], "uv": [82, 280]},
						{"origin": [-5.5, 14, -35], "size": [6, 1, 1], "uv": [82, 280]},
						{"origin": [-11.5, 9, -35], "size": [6, 1, 1], "uv": [280, 274]},
						{"origin": [-11.5, 19, -35], "size": [6, 1, 1], "uv": [265, 275]},
						{"origin": [-6, 7, -34], "size": [1, 16, 1], "uv": [196, 270]},
						{"origin": [5.5, 19, 34], "size": [6, 1, 1], "uv": [277, 132]},
						{"origin": [5.5, 19, 34], "size": [6, 1, 1], "uv": [277, 132]},
						{"origin": [5.5, 14, 34], "size": [6, 1, 1], "uv": [68, 282]},
						{"origin": [-5.5, 14, 34], "size": [6, 1, 1], "uv": [68, 282]},
						{"origin": [5.5, 9, 34], "size": [6, 1, 1], "uv": [240, 281]},
						{"origin": [5, 7, 33], "size": [1, 16, 1], "uv": [64, 274]},
						{"origin": [0, 7, -34], "size": [1, 16, 1], "uv": [232, 270]},
						{"origin": [-6, 15, -38], "size": [7, 1, 4], "uv": [60, 269]},
						{"origin": [-6, 15, 34], "size": [7, 1, 4], "pivot": [-2.5, 15.5, 36], "rotation": [0, 180, 0], "uv": [60, 269]},
						{"origin": [0, 7, 33], "size": [1, 16, 1], "uv": [236, 270]},
						{"origin": [5, 7, -34], "size": [1, 13, 1], "uv": [96, 274]},
						{"origin": [-6, 7, 33], "size": [1, 16, 1], "uv": [200, 270]},
						{"origin": [11, 7, 22], "size": [1, 16, 1], "uv": [204, 270]},
						{"origin": [11, 7, 13], "size": [1, 16, 1], "uv": [208, 270]},
						{"origin": [11, 7, 4], "size": [1, 16, 1], "uv": [212, 270]},
						{"origin": [11, 7, -5], "size": [1, 16, 1], "uv": [216, 270]},
						{"origin": [11, 7, -14], "size": [1, 16, 1], "uv": [220, 270]},
						{"origin": [11, 7, -23], "size": [1, 16, 1], "uv": [224, 270]},
						{"origin": [12, 11, -33.5], "size": [1, 1, 11], "uv": [240, 262]},
						{"origin": [5.5, 11, -35], "size": [6, 1, 1], "uv": [156, 281]},
						{"origin": [12, 16, -33.5], "size": [1, 1, 5], "uv": [69, 274]},
						{"origin": [11, 16, -29.5], "size": [1, 1, 1], "uv": [73, 278]},
						{"origin": [-13, 16, 28.5], "size": [1, 1, 5], "uv": [82, 274]},
						{"origin": [-12, 16, 28.5], "size": [1, 1, 1], "uv": [86, 278]},
						{"origin": [-13, 11, 22.5], "size": [1, 1, 11], "uv": [264, 262]},
						{"origin": [11, 7, -34], "size": [1, 16, 1], "uv": [228, 270]}
					]
				}
			]
		}
	]
}