{
	"format_version": "1.12.0",
	"minecraft:geometry": [
		{
			"description": {
				"identifier": "geometry.lb_ta_color_position_lights",
				"texture_width": 64,
				"texture_height": 64,
				"visible_bounds_width": 3,
				"visible_bounds_height": 5.5,
				"visible_bounds_offset": [0, 2.25, 0]
			},
			"bones": [
				{
					"name": "body",
					"pivot": [0, 0, 0],
					"cubes": [
						{"origin": [-1, 2, -1], "size": [2, 40, 2], "uv": [0, 20]},
						{"origin": [-5, 0, -5], "size": [10, 2, 10], "uv": [0, 8]},
						{"origin": [-11, 42, -3], "size": [22, 2, 6], "uv": [0, 0]},
						{"origin": [-9, 41, -0.5], "size": [12, 1, 1], "pivot": [-6, 41.5, 0], "rotation": [0, 0, 45], "uv": [30, 8]},
						{"origin": [-3, 41, -0.5], "size": [12, 1, 1], "pivot": [6, 41.5, 0], "rotation": [0, 0, -45], "uv": [30, 8], "mirror": true}
					]
				},
				{
					"name": "light_left",
					"parent": "body",
					"pivot": [-8, 65, -3],
					"cubes": [
						{"origin": [-10, 55, 0], "size": [4, 1, 2], "uv": [16, 30]},
						{"origin": [-9, 44, -1], "size": [2, 21, 2], "uv": [8, 20]},
						{"origin": [-12, 50, -2], "size": [8, 8, 2], "pivot": [-8, 54, -1], "rotation": [0, 180, 0], "uv": [16, 20]},
						{"origin": [-6, 63, -2], "size": [4, 4, 2], "pivot": [-6, 67, -1], "rotation": [0, 180, 0], "uv": [30, 10]},
						{"origin": [-9, 55.5, -3.5], "size": [2, 2, 1], "pivot": [-8, 56.5, -2.5], "rotation": [0, 180, 0], "uv": [0, 14]},
						{"origin": [-11.5, 53, -3.5], "size": [2, 2, 1], "pivot": [-10.5, 54, -2.5], "rotation": [0, 180, 0], "uv": [0, 11]},
						{"origin": [-9, 50.5, -3.5], "size": [2, 2, 1], "pivot": [-8, 51.5, -2.5], "rotation": [0, 180, 0], "uv": [0, 14]},
						{"origin": [-6.5, 53, -3.5], "size": [2, 2, 1], "pivot": [-5.5, 54, -2.5], "rotation": [0, 180, 0], "uv": [0, 11]},
						{"origin": [-9, 64, -3.5], "size": [2, 2, 1], "pivot": [-8, 65, -2.5], "rotation": [0, 180, 0], "uv": [0, 0]}
					]
				},
				{
					"name": "green_left_1",
					"parent": "light_left",
					"pivot": [-8, 56.5, -1.5],
					"cubes": [
						{"origin": [-9, 55.5, -3.52734], "size": [2, 2, 0], "pivot": [-8, 56.5, -2.52734], "rotation": [0, 180, 0], "uv": [6, 10]},
						{"origin": [-9, 50.5, -3.52734], "size": [2, 2, 0], "pivot": [-8, 51.5, -2.52734], "rotation": [0, 180, 0], "uv": [6, 10]}
					]
				},
				{
					"name": "red_left_1",
					"parent": "light_left",
					"pivot": [-10.5, 54, -2.5],
					"cubes": [
						{"origin": [-11.5, 53, -4.52734], "size": [2, 2, 0], "pivot": [-10.5, 54, -3.52734], "rotation": [0, 180, 0], "uv": [6, 8]},
						{"origin": [-6.5, 53, -4.52734], "size": [2, 2, 0], "pivot": [-5.5, 54, -3.52734], "rotation": [0, 180, 0], "uv": [6, 8]}
					]
				},
				{
					"name": "yellow_left",
					"parent": "light_left",
					"pivot": [-8, 65, -1.5],
					"cubes": [
						{"origin": [-9, 64, -3.52734], "size": [2, 2, 0], "pivot": [-8, 65, -2.52734], "rotation": [0, 180, 0], "uv": [6, 12]}
					]
				},
				{
					"name": "light_right",
					"parent": "body",
					"pivot": [8, 65, -3],
					"cubes": [
						{"origin": [6, 55, 0], "size": [4, 1, 2], "uv": [16, 30], "mirror": true},
						{"origin": [7, 44, -1], "size": [2, 21, 2], "uv": [8, 20]},
						{"origin": [4, 50, -2], "size": [8, 8, 2], "pivot": [8, 54, -1], "rotation": [0, -180, 0], "uv": [16, 20]},
						{"origin": [2, 63, -2], "size": [4, 4, 2], "pivot": [6, 67, -1], "rotation": [0, -180, 0], "uv": [30, 10]},
						{"origin": [7, 55.5, -3.5], "size": [2, 2, 1], "pivot": [8, 56.5, -2.5], "rotation": [0, -180, 0], "uv": [0, 14], "mirror": true},
						{"origin": [9.5, 53, -3.5], "size": [2, 2, 1], "pivot": [10.5, 54, -2.5], "rotation": [0, -180, 0], "uv": [0, 11], "mirror": true},
						{"origin": [7, 50.5, -3.5], "size": [2, 2, 1], "pivot": [8, 51.5, -2.5], "rotation": [0, -180, 0], "uv": [0, 14], "mirror": true},
						{"origin": [4.5, 53, -3.5], "size": [2, 2, 1], "pivot": [5.5, 54, -2.5], "rotation": [0, -180, 0], "uv": [0, 11], "mirror": true},
						{"origin": [7, 64, -3.5], "size": [2, 2, 1], "pivot": [8, 65, -2.5], "rotation": [0, -180, 0], "uv": [0, 0], "mirror": true}
					]
				},
				{
					"name": "green_right_1",
					"parent": "light_right",
					"pivot": [8, 56.5, -2.5],
					"cubes": [
						{"origin": [7, 55.5, -4.52734], "size": [2, 2, 0], "pivot": [8, 56.5, -3.52734], "rotation": [0, -180, 0], "uv": [6, 10]},
						{"origin": [7, 50.5, -4.52734], "size": [2, 2, 0], "pivot": [8, 51.5, -3.52734], "rotation": [0, -180, 0], "uv": [6, 10]}
					]
				},
				{
					"name": "red_right_1",
					"parent": "light_right",
					"pivot": [10.5, 54, -1.5],
					"cubes": [
						{"origin": [9.5, 53, -3.52734], "size": [2, 2, 0], "pivot": [10.5, 54, -2.52734], "rotation": [0, -180, 0], "uv": [6, 8]},
						{"origin": [4.5, 53, -3.52734], "size": [2, 2, 0], "pivot": [5.5, 54, -2.52734], "rotation": [0, -180, 0], "uv": [6, 8]}
					]
				},
				{
					"name": "yellow_right",
					"parent": "light_right",
					"pivot": [8, 65, -1.5],
					"cubes": [
						{"origin": [7, 64, -4.52734], "size": [2, 2, 0], "pivot": [8, 65, -3.52734], "rotation": [0, -180, 0], "uv": [6, 12]}
					]
				}
			]
		}
	]
}