{
	"format_version": "1.12.0",
	"minecraft:geometry": [
		{
			"description": {
				"identifier": "geometry.lb_ta_crossing_stop",
				"texture_width": 128,
				"texture_height": 128,
				"visible_bounds_width": 3,
				"visible_bounds_height": 5.5,
				"visible_bounds_offset": [0, 2.25, 0]
			},
			"bones": [
				{
					"name": "body",
					"pivot": [0, 0, -0.5],
					"cubes": [
						{"origin": [-2.5, 12, -4], "size": [5, 1, 2], "uv": [42, 21]},
						{"origin": [-2.5, 19, -4], "size": [5, 1, 2], "uv": [42, 24]},
						{"origin": [-2.5, 26, -4], "size": [5, 1, 2], "uv": [42, 27]},
						{"origin": [-2.5, 33, -4], "size": [5, 1, 2], "uv": [42, 30]},
						{"origin": [-2.5, 6, -2], "size": [5, 28, 2], "uv": [8, 12]},
						{"origin": [-5, 0, -5], "size": [10, 2, 10], "uv": [8, 0]},
						{"origin": [-1, 2, -1], "size": [2, 63, 2], "uv": [0, 0]},
						{"origin": [-2, 55, -2], "size": [4, 1, 4], "uv": [38, 36]},
						{"origin": [-1, 63, -1], "size": [2, 2, 2], "inflate": 0.5, "uv": [26, 47]},
						{"origin": [-0.5, 65, -0.5], "size": [1, 3, 1], "uv": [17, 48]},
						{"origin": [-1.75, 43, -3], "size": [4, 25, 1], "pivot": [0.25, 55.5, -2.5], "rotation": [0, 0, 45], "uv": [32, 14]},
						{"origin": [-1.75, 43, -2], "size": [4, 25, 1], "pivot": [0.25, 55.5, -1.5], "rotation": [0, 0, -45], "uv": [22, 14]}
					]
				},
				{
					"name": "stop",
					"parent": "body",
					"pivot": [-0.5, 4, -1.05859]
				},
				{
					"name": "s",
					"parent": "stop",
					"pivot": [0, 30.5, -1.05859],
					"cubes": [
						{"origin": [-2.5, 27, -1.05859], "size": [5, 7, 0], "uv": [42, 14]}
					]
				},
				{
					"name": "t",
					"parent": "stop",
					"pivot": [0, 23.5, -1.05859],
					"cubes": [
						{"origin": [-2.5, 20, -1.05859], "size": [5, 7, 0], "uv": [8, 42]}
					]
				},
				{
					"name": "o",
					"parent": "stop",
					"pivot": [0, 16.5, -1.05859],
					"cubes": [
						{"origin": [-2.5, 13, -1.05859], "size": [5, 7, 0], "uv": [36, 41]}
					]
				},
				{
					"name": "p",
					"parent": "stop",
					"pivot": [0, 9.5, -1.05859],
					"cubes": [
						{"origin": [-2.5, 6, -1.05859], "size": [5, 7, 0], "uv": [8, 0]}
					]
				},
				{
					"name": "light_right",
					"parent": "body",
					"pivot": [-7, 39.83333, -6.16667],
					"cubes": [
						{"origin": [-9, 37, -5], "size": [4, 4, 1], "pivot": [-7, 39, -4.5], "rotation": [0, 180, 0], "uv": [18, 43]},
						{"origin": [-11, 35, -4], "size": [8, 8, 2], "pivot": [-7, 39, -3], "rotation": [0, 180, 0], "uv": [38, 0]},
						{"origin": [-9, 41, -2], "size": [18, 1, 1], "uv": [20, 12]},
						{"origin": [1, 41, -1], "size": [1, 1, 3], "uv": [46, 41]},
						{"origin": [-1, 41, 1], "size": [2, 1, 1], "uv": [8, 7]},
						{"origin": [-2, 41, -1], "size": [1, 1, 3], "uv": [43, 45]},
						{"origin": [-10, 41, -6], "size": [6, 1, 2], "pivot": [0, 41.5, -5], "rotation": [-180, 0, 180], "uv": [20, 40]}
					]
				},
				{
					"name": "light_1",
					"parent": "light_right",
					"pivot": [-7, 39, -6.05469],
					"cubes": [
						{"origin": [-9, 37, -4.05469], "size": [4, 4, 0], "uv": [28, 43]}
					]
				},
				{
					"name": "light_left",
					"parent": "body",
					"pivot": [7, 39.83333, -6.16667],
					"cubes": [
						{"origin": [5, 37, -5], "size": [4, 4, 1], "pivot": [7, 39, -4.5], "rotation": [0, 180, 0], "uv": [18, 43]},
						{"origin": [3, 35, -4], "size": [8, 8, 2], "pivot": [7, 39, -3], "rotation": [0, 180, 0], "uv": [38, 0]},
						{"origin": [4, 41, -6], "size": [6, 1, 2], "pivot": [0, 41.5, -5], "rotation": [-180, 0, 180], "uv": [20, 40]}
					]
				},
				{
					"name": "light_2",
					"parent": "light_left",
					"pivot": [7, 39, -6.05469],
					"cubes": [
						{"origin": [5, 37, -4.05469], "size": [4, 4, 0], "uv": [28, 43]}
					]
				}
			]
		}
	]
}