{
	"format_version": "1.12.0",
	"minecraft:geometry": [
		{
			"description": {
				"identifier": "geometry.lb_ta_crossing_signal",
				"texture_width": 256,
				"texture_height": 256,
				"visible_bounds_width": 9,
				"visible_bounds_height": 6.5,
				"visible_bounds_offset": [0, 2.75, 0]
			},
			"bones": [
				{
					"name": "body",
					"pivot": [0, 0, 0],
					"cubes": [
						{"origin": [-5, 0, -5], "size": [10, 2, 10], "uv": [8, 4]},
						{"origin": [-1, 2, -1], "size": [2, 63, 2], "uv": [0, 4]},
						{"origin": [1, 16, -2], "size": [7, 11, 6], "uv": [8, 16]},
						{"origin": [-2, 24, -2], "size": [3, 1, 4], "uv": [52, 33]},
						{"origin": [-2, 55, -2], "size": [4, 1, 4], "uv": [44, 47]},
						{"origin": [-2, 18, -2], "size": [3, 1, 4], "uv": [28, 51]},
						{"origin": [-1, 63, -1], "size": [2, 2, 2], "inflate": 0.5, "uv": [8, 59]},
						{"origin": [-0.5, 65, -0.5], "size": [1, 3, 1], "uv": [8, 16]},
						{"origin": [-1.75, 43, -3], "size": [4, 25, 1], "pivot": [0.25, 55.5, -2.5], "rotation": [0, 0, 45], "uv": [18, 33]},
						{"origin": [-1.75, 43, -2], "size": [4, 25, 1], "pivot": [0.25, 55.5, -1.5], "rotation": [0, 0, -45], "uv": [8, 33]}
					]
				},
				{
					"name": "arm",
					"parent": "body",
					"pivot": [4.5, 24.5, -2.5],
					"rotation": [0, 0, 60],
					"cubes": [
						{"origin": [-58, 17, -3], "size": [64, 3, 1], "uv": [0, 0]},
						{"origin": [-40, 20, -3], "size": [4, 1, 1], "uv": [44, 55]},
						{"origin": [-20, 20, -3], "size": [4, 1, 1], "uv": [52, 38]},
						{"origin": [3, 20, -3], "size": [3, 6, 1], "uv": [28, 56]}
					]
				},
				{
					"name": "light_right",
					"parent": "body",
					"pivot": [-7, 39.83333, -6.16667],
					"cubes": [
						{"origin": [-9, 37, -7], "size": [4, 4, 1], "pivot": [-7, 39, -6.5], "rotation": [0, 180, 0], "uv": [8, 4]},
						{"origin": [-11, 35, -6], "size": [8, 8, 2], "pivot": [-7, 39, -5], "rotation": [0, 180, 0], "uv": [38, 4], "mirror": true},
						{"origin": [-9, 41, -4], "size": [18, 1, 1], "uv": [28, 18]},
						{"origin": [1, 41, -3], "size": [1, 1, 5], "uv": [37, 55]},
						{"origin": [-2, 41, -3], "size": [1, 1, 5], "uv": [54, 20]},
						{"origin": [-9, 41, -3], "size": [1, 1, 5], "uv": [53, 9]},
						{"origin": [8, 41, -3], "size": [1, 1, 5], "uv": [49, 52]},
						{"origin": [-9, 41, 2], "size": [18, 1, 1], "uv": [28, 16]},
						{"origin": [-10, 41, -8], "size": [6, 1, 2], "pivot": [0, 41.5, -7], "rotation": [-180, 0, 180], "uv": [50, 30]}
					]
				},
				{
					"name": "light_1",
					"parent": "light_right",
					"pivot": [-7, 39, -6.05469],
					"cubes": [
						{"origin": [-9, 37, -6.05469], "size": [4, 4, 0], "uv": [57, 58]}
					]
				},
				{
					"name": "light_left",
					"parent": "body",
					"pivot": [7, 39.83333, -6.16667],
					"cubes": [
						{"origin": [5, 37, -7], "size": [4, 4, 1], "pivot": [7, 39, -6.5], "rotation": [0, 180, 0], "uv": [8, 4]},
						{"origin": [3, 35, -6], "size": [8, 8, 2], "pivot": [7, 39, -5], "rotation": [0, 180, 0], "uv": [38, 4]},
						{"origin": [4, 41, -8], "size": [6, 1, 2], "pivot": [0, 41.5, -7], "rotation": [-180, 0, 180], "uv": [50, 30]}
					]
				},
				{
					"name": "light_2",
					"parent": "light_left",
					"pivot": [7, 39, -6.05469],
					"cubes": [
						{"origin": [5, 37, -6.05469], "size": [4, 4, 0], "uv": [57, 58]}
					]
				},
				{
					"name": "light_left2",
					"parent": "body",
					"pivot": [7, 39.83333, 5.16667],
					"cubes": [
						{"origin": [5, 37, 5], "size": [4, 4, 1], "uv": [8, 4]},
						{"origin": [3, 35, 3], "size": [8, 8, 2], "uv": [38, 4]},
						{"origin": [4, 41, 5], "size": [6, 1, 2], "uv": [50, 30]}
					]
				},
				{
					"name": "light_3",
					"parent": "light_left2",
					"pivot": [7, 39, 5.05469],
					"cubes": [
						{"origin": [5, 37, 5.05469], "size": [4, 4, 0], "uv": [57, 58]}
					]
				},
				{
					"name": "light_right2",
					"parent": "body",
					"pivot": [-7, 39.83333, 5.16667],
					"cubes": [
						{"origin": [-9, 37, 5], "size": [4, 4, 1], "uv": [8, 4]},
						{"origin": [-11, 35, 3], "size": [8, 8, 2], "uv": [38, 4]},
						{"origin": [-10, 41, 5], "size": [6, 1, 2], "uv": [50, 30]}
					]
				},
				{
					"name": "light_4",
					"parent": "light_right2",
					"pivot": [-7, 39, 5.05469],
					"cubes": [
						{"origin": [-9, 37, 5.05469], "size": [4, 4, 0], "uv": [57, 58]}
					]
				}
			]
		}
	]
}