{
	"format_version": "1.12.0",
	"minecraft:geometry": [
		{
			"description": {
				"identifier": "geometry.lb_ta_crossing_signal_2",
				"texture_width": 128,
				"texture_height": 128,
				"visible_bounds_width": 3,
				"visible_bounds_height": 6,
				"visible_bounds_offset": [0, 2, 0]
			},
			"bones": [
				{
					"name": "body",
					"pivot": [0, 0, 0],
					"cubes": [
						{"origin": [-1, 2, -1], "size": [2, 52, 2], "uv": [0, 20]},
						{"origin": [-12.5, 34, -2], "size": [25, 18, 1], "uv": [1, 1]},
						{"origin": [-1, 54, -1], "size": [2, 2, 2], "inflate": 0.5, "uv": [8, 26]},
						{"origin": [-0.5, 56, -0.5], "size": [1, 3, 1], "uv": [38, 26]},
						{"origin": [-5, 0, -5], "size": [10, 2, 10], "uv": [8, 20]}
					]
				},
				{
					"name": "light_red_left",
					"parent": "body",
					"pivot": [-6.5, 45.8, -2.8],
					"cubes": [
						{"origin": [-8.5, 44, -4], "size": [4, 4, 2], "uv": [38, 20]},
						{"origin": [-4.5, 43, -3], "size": [1, 5, 1], "uv": [20, 40]},
						{"origin": [-8.5, 43, -3], "size": [4, 1, 1], "uv": [8, 22]},
						{"origin": [-9.5, 43, -3], "size": [1, 5, 1], "uv": [16, 40]},
						{"origin": [-9.5, 48, -5], "size": [6, 1, 3], "uv": [26, 32]}
					]
				},
				{
					"name": "light_red_left_blink",
					"parent": "light_red_left",
					"pivot": [-6.5, 46, -3.02734],
					"cubes": [
						{"origin": [-8.5, 44, -3.02734], "size": [4, 4, 0], "uv": [42, 26]}
					]
				},
				{
					"name": "light_red_right",
					"parent": "body",
					"pivot": [6.5, 45.8, -2.8],
					"cubes": [
						{"origin": [4.5, 44, -4], "size": [4, 4, 2], "uv": [38, 20]},
						{"origin": [3.5, 43, -3], "size": [1, 5, 1], "uv": [24, 42]},
						{"origin": [4.5, 43, -3], "size": [4, 1, 1], "uv": [8, 24]},
						{"origin": [8.5, 43, -3], "size": [1, 5, 1], "uv": [28, 42]},
						{"origin": [3.5, 48, -5], "size": [6, 1, 3], "uv": [8, 36]}
					]
				},
				{
					"name": "light_red_right_blink",
					"parent": "light_red_right",
					"pivot": [6.5, 46, -3.02734],
					"cubes": [
						{"origin": [4.5, 44, -3.02734], "size": [4, 4, 0], "uv": [42, 26]}
					]
				},
				{
					"name": "light_yellow",
					"parent": "body",
					"pivot": [0, 39.8, -2.8],
					"cubes": [
						{"origin": [-2, 38, -4], "size": [4, 4, 2], "uv": [26, 36]},
						{"origin": [-3, 37, -3], "size": [1, 5, 1], "uv": [12, 40]},
						{"origin": [-2, 37, -3], "size": [4, 1, 1], "uv": [6, 20]},
						{"origin": [2, 37, -3], "size": [1, 5, 1], "uv": [8, 40]},
						{"origin": [-3, 42, -5], "size": [6, 1, 3], "uv": [8, 32]}
					]
				},
				{
					"name": "light_yellow_blink",
					"parent": "light_yellow",
					"pivot": [0, 40, -3.02734],
					"cubes": [
						{"origin": [-2, 38, -3.02734], "size": [4, 4, 0], "uv": [50, 26]}
					]
				}
			]
		}
	]
}