{
	"format_version": "1.12.0",
	"minecraft:geometry": [
		{
			"description": {
				"identifier": "geometry.display_front",
				"texture_width": 8,
				"texture_height": 8,
				"visible_bounds_width": 5,
				"visible_bounds_height": 3.5,
				"visible_bounds_offset": [0, 1.25, 0]
			},
			"bones": [
				{
					"name": "numbers",
					"pivot": [0, 0, 0]
				},
				{
					"name": "forward",
					"parent": "numbers",
					"pivot": [0, 0, 0]
				},
				{
					"name": "units",
					"parent": "forward",
					"pivot": [0, 0, 0]
				},
				{
					"name": "0",
					"parent": "units",
					"pivot": [0, 1.05, 0],
					"cubes": [
						{
							"origin": [-1.5, 0, 0],
							"size": [1.5, 2, 0],
							"uv": {
								"north": {
									"uv": [0, 0],
									"uv_size": [1.75, 2.25]
								}
							}
						}
					]
				},
				{
					"name": "1",
					"parent": "units",
					"pivot": [0, 1.05, 0],
					"cubes": [
						{
							"origin": [-1.5, 0, 0],
							"size": [1.5, 2, 0],
							"uv": {
								"north": {
									"uv": [1.75, 0],
									"uv_size": [1.75, 2.25]
								}
							}
						}
					]
				},
				{
					"name": "2",
					"parent": "units",
					"pivot": [0, 1.05, 0],
					"cubes": [
						{
							"origin": [-1.5, 0, 0],
							"size": [1.5, 2, 0],
							"uv": {
								"north": {
									"uv": [3.5, 0],
									"uv_size": [1.75, 2.25]
								}
							}
						}
					]
				},
				{
					"name": "3",
					"parent": "units",
					"pivot": [0, 1.05, 0],
					"cubes": [
						{
							"origin": [-1.5, 0, 0],
							"size": [1.5, 2, 0],
							"uv": {
								"north": {
									"uv": [5.25, 0],
									"uv_size": [1.75, 2.25]
								}
							}
						}
					]
				},
				{
					"name": "4",
					"parent": "units",
					"pivot": [0, 1.05, 0],
					"cubes": [
						{
							"origin": [-1.5, 0, 0],
							"size": [1.5, 2, 0],
							"uv": {
								"north": {
									"uv": [0, 2.25],
									"uv_size": [1.75, 2.25]
								}
							}
						}
					]
				},
				{
					"name": "5",
					"parent": "units",
					"pivot": [0, 1.05, 0],
					"cubes": [
						{
							"origin": [-1.5, 0, 0],
							"size": [1.5, 2, 0],
							"uv": {
								"north": {
									"uv": [1.75, 2.25],
									"uv_size": [1.75, 2.25]
								}
							}
						}
					]
				},
				{
					"name": "6",
					"parent": "units",
					"pivot": [0, 1.05, 0],
					"cubes": [
						{
							"origin": [-1.5, 0, 0],
							"size": [1.5, 2, 0],
							"uv": {
								"north": {
									"uv": [3.5, 2.25],
									"uv_size": [1.75, 2.25]
								}
							}
						}
					]
				},
				{
					"name": "7",
					"parent": "units",
					"pivot": [0, 1.05, 0],
					"cubes": [
						{
							"origin": [-1.5, 0, 0],
							"size": [1.5, 2, 0],
							"uv": {
								"north": {
									"uv": [5.25, 2.25],
									"uv_size": [1.75, 2.25]
								}
							}
						}
					]
				},
				{
					"name": "8",
					"parent": "units",
					"pivot": [0, 1.05, 0],
					"cubes": [
						{
							"origin": [-1.5, 0, 0],
							"size": [1.5, 2, 0],
							"uv": {
								"north": {
									"uv": [0, 4.5],
									"uv_size": [1.75, 2.25]
								}
							}
						}
					]
				},
				{
					"name": "9",
					"parent": "units",
					"pivot": [0, 1.05, 0],
					"cubes": [
						{
							"origin": [-1.5, 0, 0],
							"size": [1.5, 2, 0],
							"uv": {
								"north": {
									"uv": [1.75, 4.5],
									"uv_size": [1.75, 2.25]
								}
							}
						}
					]
				},
				{
					"name": "tens",
					"parent": "forward",
					"pivot": [0, 0, 0]
				},
				{
					"name": "00",
					"parent": "tens",
					"pivot": [-2.75, 1.05, 0],
					"cubes": [
						{
							"origin": [-3, 0, 0],
							"size": [1.5, 2, 0],
							"uv": {
								"north": {
									"uv": [0, 0],
									"uv_size": [1.75, 2.25]
								}
							}
						}
					]
				},
				{
					"name": "10",
					"parent": "tens",
					"pivot": [-2.75, 1.05, 0],
					"cubes": [
						{
							"origin": [-3, 0, 0],
							"size": [1.5, 2, 0],
							"uv": {
								"north": {
									"uv": [1.75, 0],
									"uv_size": [1.75, 2.25]
								}
							}
						}
					]
				},
				{
					"name": "20",
					"parent": "tens",
					"pivot": [-2.75, 1.05, 0],
					"cubes": [
						{
							"origin": [-3, 0, 0],
							"size": [1.5, 2, 0],
							"uv": {
								"north": {
									"uv": [3.5, 0],
									"uv_size": [1.75, 2.25]
								}
							}
						}
					]
				},
				{
					"name": "30",
					"parent": "tens",
					"pivot": [-2.75, 1.05, 0],
					"cubes": [
						{
							"origin": [-3, 0, 0],
							"size": [1.5, 2, 0],
							"uv": {
								"north": {
									"uv": [5.25, 0],
									"uv_size": [1.75, 2.25]
								}
							}
						}
					]
				},
				{
					"name": "40",
					"parent": "tens",
					"pivot": [-2.75, 1.05, 0],
					"cubes": [
						{
							"origin": [-3, 0, 0],
							"size": [1.5, 2, 0],
							"uv": {
								"north": {
									"uv": [0, 2.25],
									"uv_size": [1.75, 2.25]
								}
							}
						}
					]
				},
				{
					"name": "50",
					"parent": "tens",
					"pivot": [-2.75, 1.05, 0],
					"cubes": [
						{
							"origin": [-3, 0, 0],
							"size": [1.5, 2, 0],
							"uv": {
								"north": {
									"uv": [1.75, 2.25],
									"uv_size": [1.75, 2.25]
								}
							}
						}
					]
				},
				{
					"name": "60",
					"parent": "tens",
					"pivot": [-2.75, 1.05, 0],
					"cubes": [
						{
							"origin": [-3, 0, 0],
							"size": [1.5, 2, 0],
							"uv": {
								"north": {
									"uv": [3.5, 2.25],
									"uv_size": [1.75, 2.25]
								}
							}
						}
					]
				},
				{
					"name": "70",
					"parent": "tens",
					"pivot": [-2.75, 1.05, 0],
					"cubes": [
						{
							"origin": [-3, 0, 0],
							"size": [1.5, 2, 0],
							"uv": {
								"north": {
									"uv": [5.25, 2.25],
									"uv_size": [1.75, 2.25]
								}
							}
						}
					]
				},
				{
					"name": "80",
					"parent": "tens",
					"pivot": [-2.75, 1.05, 0],
					"cubes": [
						{
							"origin": [-3, 0, 0],
							"size": [1.5, 2, 0],
							"uv": {
								"north": {
									"uv": [0, 4.5],
									"uv_size": [1.75, 2.25]
								}
							}
						}
					]
				},
				{
					"name": "90",
					"parent": "tens",
					"pivot": [-2.75, 1.05, 0],
					"cubes": [
						{
							"origin": [-3, 0, 0],
							"size": [1.5, 2, 0],
							"uv": {
								"north": {
									"uv": [1.75, 4.5],
									"uv_size": [1.75, 2.25]
								}
							}
						}
					]
				},
				{
					"name": "hundreds",
					"parent": "forward",
					"pivot": [0, 0, 0]
				},
				{
					"name": "000",
					"parent": "hundreds",
					"pivot": [-5, 1.05, 0],
					"cubes": [
						{
							"origin": [-4.5, 0, 0],
							"size": [1.5, 2, 0],
							"uv": {
								"north": {
									"uv": [0, 0],
									"uv_size": [1.75, 2.25]
								}
							}
						}
					]
				},
				{
					"name": "100",
					"parent": "hundreds",
					"pivot": [-5.75, 1.05, 0],
					"cubes": [
						{
							"origin": [-4.5, 0, 0],
							"size": [1.5, 2, 0],
							"uv": {
								"north": {
									"uv": [1.75, 0],
									"uv_size": [1.75, 2.25]
								}
							}
						}
					]
				},
				{
					"name": "200",
					"parent": "hundreds",
					"pivot": [-5.5, 1.05, 0],
					"cubes": [
						{
							"origin": [-4.5, 0, 0],
							"size": [1.5, 2, 0],
							"uv": {
								"north": {
									"uv": [3.5, 0],
									"uv_size": [1.75, 2.25]
								}
							}
						}
					]
				},
				{
					"name": "300",
					"parent": "hundreds",
					"pivot": [-5.5, 1.05, 0],
					"cubes": [
						{
							"origin": [-4.5, 0, 0],
							"size": [1.5, 2, 0],
							"uv": {
								"north": {
									"uv": [5.25, 0],
									"uv_size": [1.75, 2.25]
								}
							}
						}
					]
				},
				{
					"name": "400",
					"parent": "hundreds",
					"pivot": [-5.5, 1.05, 0],
					"cubes": [
						{
							"origin": [-4.5, 0, 0],
							"size": [1.5, 2, 0],
							"uv": {
								"north": {
									"uv": [0, 2.25],
									"uv_size": [1.75, 2.25]
								}
							}
						}
					]
				},
				{
					"name": "500",
					"parent": "hundreds",
					"pivot": [-5.5, 1.05, 0],
					"cubes": [
						{
							"origin": [-4.5, 0, 0],
							"size": [1.5, 2, 0],
							"uv": {
								"north": {
									"uv": [1.75, 2.25],
									"uv_size": [1.75, 2.25]
								}
							}
						}
					]
				},
				{
					"name": "600",
					"parent": "hundreds",
					"pivot": [-5.5, 1.05, 0],
					"cubes": [
						{
							"origin": [-4.5, 0, 0],
							"size": [1.5, 2, 0],
							"uv": {
								"north": {
									"uv": [3.5, 2.25],
									"uv_size": [1.75, 2.25]
								}
							}
						}
					]
				},
				{
					"name": "700",
					"parent": "hundreds",
					"pivot": [-5.5, 1.05, 0],
					"cubes": [
						{
							"origin": [-4.5, 0, 0],
							"size": [1.5, 2, 0],
							"uv": {
								"north": {
									"uv": [5.25, 2.25],
									"uv_size": [1.75, 2.25]
								}
							}
						}
					]
				},
				{
					"name": "800",
					"parent": "hundreds",
					"pivot": [-5.5, 1.05, 0],
					"cubes": [
						{
							"origin": [-4.5, 0, 0],
							"size": [1.5, 2, 0],
							"uv": {
								"north": {
									"uv": [0, 4.5],
									"uv_size": [1.75, 2.25]
								}
							}
						}
					]
				},
				{
					"name": "900",
					"parent": "hundreds",
					"pivot": [-5.5, 1.05, 0],
					"cubes": [
						{
							"origin": [-4.5, 0, 0],
							"size": [1.5, 2, 0],
							"uv": {
								"north": {
									"uv": [1.75, 4.5],
									"uv_size": [1.75, 2.25]
								}
							}
						}
					]
				},
				{
					"name": "thousands",
					"parent": "forward",
					"pivot": [0, 0, 0]
				},
				{
					"name": "0000",
					"parent": "thousands",
					"pivot": [-8.25, 1.05, 0],
					"cubes": [
						{
							"origin": [-6, 0, 0],
							"size": [1.5, 2, 0],
							"uv": {
								"north": {
									"uv": [0, 0],
									"uv_size": [1.75, 2.25]
								}
							}
						}
					]
				},
				{
					"name": "1000",
					"parent": "thousands",
					"pivot": [-8.25, 1.05, 0],
					"cubes": [
						{
							"origin": [-6, 0, 0],
							"size": [1.5, 2, 0],
							"uv": {
								"north": {
									"uv": [1.75, 0],
									"uv_size": [1.75, 2.25]
								}
							}
						}
					]
				},
				{
					"name": "2000",
					"parent": "thousands",
					"pivot": [-8.25, 1.05, 0],
					"cubes": [
						{
							"origin": [-6, 0, 0],
							"size": [1.5, 2, 0],
							"uv": {
								"north": {
									"uv": [3.5, 0],
									"uv_size": [1.75, 2.25]
								}
							}
						}
					]
				},
				{
					"name": "3000",
					"parent": "thousands",
					"pivot": [-8.25, 1.05, 0],
					"cubes": [
						{
							"origin": [-6, 0, 0],
							"size": [1.5, 2, 0],
							"uv": {
								"north": {
									"uv": [5.25, 0],
									"uv_size": [1.75, 2.25]
								}
							}
						}
					]
				},
				{
					"name": "4000",
					"parent": "thousands",
					"pivot": [-8.25, 1.05, 0],
					"cubes": [
						{
							"origin": [-6, 0, 0],
							"size": [1.5, 2, 0],
							"uv": {
								"north": {
									"uv": [0, 2.25],
									"uv_size": [1.75, 2.25]
								}
							}
						}
					]
				},
				{
					"name": "5000",
					"parent": "thousands",
					"pivot": [-8.25, 1.05, 0],
					"cubes": [
						{
							"origin": [-6, 0, 0],
							"size": [1.5, 2, 0],
							"uv": {
								"north": {
									"uv": [1.75, 2.25],
									"uv_size": [1.75, 2.25]
								}
							}
						}
					]
				},
				{
					"name": "6000",
					"parent": "thousands",
					"pivot": [-8.25, 1.05, 0],
					"cubes": [
						{
							"origin": [-6, 0, 0],
							"size": [1.5, 2, 0],
							"uv": {
								"north": {
									"uv": [3.5, 2.25],
									"uv_size": [1.75, 2.25]
								}
							}
						}
					]
				},
				{
					"name": "7000",
					"parent": "thousands",
					"pivot": [-8.25, 1.05, 0],
					"cubes": [
						{
							"origin": [-6, 0, 0],
							"size": [1.5, 2, 0],
							"uv": {
								"north": {
									"uv": [5.25, 2.25],
									"uv_size": [1.75, 2.25]
								}
							}
						}
					]
				},
				{
					"name": "8000",
					"parent": "thousands",
					"pivot": [-8.25, 1.05, 0],
					"cubes": [
						{
							"origin": [-6, 0, 0],
							"size": [1.5, 2, 0],
							"uv": {
								"north": {
									"uv": [0, 4.5],
									"uv_size": [1.75, 2.25]
								}
							}
						}
					]
				},
				{
					"name": "9000",
					"parent": "thousands",
					"pivot": [-8.25, 1.05, 0],
					"cubes": [
						{
							"origin": [-6, 0, 0],
							"size": [1.5, 2, 0],
							"uv": {
								"north": {
									"uv": [1.75, 4.5],
									"uv_size": [1.75, 2.25]
								}
							}
						}
					]
				}
			]
		},
		{
			"description": {
				"identifier": "geometry.display_back",
				"texture_width": 8,
				"texture_height": 8,
				"visible_bounds_width": 5,
				"visible_bounds_height": 3.5,
				"visible_bounds_offset": [0, 1.25, 0]
			},
			"bones": [
				{
					"name": "numbers",
					"pivot": [0, 0, 0]
				},
				{
					"name": "backward",
					"parent": "numbers",
					"pivot": [0, 0, 0]
				},
				{
					"name": "units",
					"parent": "backward",
					"pivot": [0, 0, 0]
				},
				{
					"name": "0",
					"parent": "units",
					"pivot": [0, 1.05, 0],
					"cubes": [
						{
							"origin": [-1.5, 0, 0],
							"size": [1.5, 2, 0],
							"uv": {
								"north": {"uv": [0, 0], "uv_size": [1.75, 2.25]}
							}
						}
					]
				},
				{
					"name": "1",
					"parent": "units",
					"pivot": [0, 1.05, 0],
					"cubes": [
						{
							"origin": [-1.5, 0, 0],
							"size": [1.5, 2, 0],
							"uv": {
								"north": {"uv": [1.75, 0], "uv_size": [1.75, 2.25]}
							}
						}
					]
				},
				{
					"name": "2",
					"parent": "units",
					"pivot": [0, 1.05, 0],
					"cubes": [
						{
							"origin": [-1.5, 0, 0],
							"size": [1.5, 2, 0],
							"uv": {
								"north": {"uv": [3.5, 0], "uv_size": [1.75, 2.25]}
							}
						}
					]
				},
				{
					"name": "3",
					"parent": "units",
					"pivot": [0, 1.05, 0],
					"cubes": [
						{
							"origin": [-1.5, 0, 0],
							"size": [1.5, 2, 0],
							"uv": {
								"north": {"uv": [5.25, 0], "uv_size": [1.75, 2.25]}
							}
						}
					]
				},
				{
					"name": "4",
					"parent": "units",
					"pivot": [0, 1.05, 0],
					"cubes": [
						{
							"origin": [-1.5, 0, 0],
							"size": [1.5, 2, 0],
							"uv": {
								"north": {"uv": [0, 2.25], "uv_size": [1.75, 2.25]}
							}
						}
					]
				},
				{
					"name": "5",
					"parent": "units",
					"pivot": [0, 1.05, 0],
					"cubes": [
						{
							"origin": [-1.5, 0, 0],
							"size": [1.5, 2, 0],
							"uv": {
								"north": {"uv": [1.75, 2.25], "uv_size": [1.75, 2.25]}
							}
						}
					]
				},
				{
					"name": "6",
					"parent": "units",
					"pivot": [0, 1.05, 0],
					"cubes": [
						{
							"origin": [-1.5, 0, 0],
							"size": [1.5, 2, 0],
							"uv": {
								"north": {"uv": [3.5, 2.25], "uv_size": [1.75, 2.25]}
							}
						}
					]
				},
				{
					"name": "7",
					"parent": "units",
					"pivot": [0, 1.05, 0],
					"cubes": [
						{
							"origin": [-1.5, 0, 0],
							"size": [1.5, 2, 0],
							"uv": {
								"north": {"uv": [5.25, 2.25], "uv_size": [1.75, 2.25]}
							}
						}
					]
				},
				{
					"name": "8",
					"parent": "units",
					"pivot": [0, 1.05, 0],
					"cubes": [
						{
							"origin": [-1.5, 0, 0],
							"size": [1.5, 2, 0],
							"uv": {
								"north": {"uv": [0, 4.5], "uv_size": [1.75, 2.25]}
							}
						}
					]
				},
				{
					"name": "9",
					"parent": "units",
					"pivot": [0, 1.05, 0],
					"cubes": [
						{
							"origin": [-1.5, 0, 0],
							"size": [1.5, 2, 0],
							"uv": {
								"north": {"uv": [1.75, 4.5], "uv_size": [1.75, 2.25]}
							}
						}
					]
				},
				{
					"name": "tens",
					"parent": "backward",
					"pivot": [0, 0, 0]
				},
				{
					"name": "00",
					"parent": "tens",
					"pivot": [-2.75, 1.05, 0],
					"cubes": [
						{
							"origin": [-3, 0, 0],
							"size": [1.5, 2, 0],
							"uv": {
								"north": {"uv": [0, 0], "uv_size": [1.75, 2.25]}
							}
						}
					]
				},
				{
					"name": "10",
					"parent": "tens",
					"pivot": [-2.75, 1.05, 0],
					"cubes": [
						{
							"origin": [-3, 0, 0],
							"size": [1.5, 2, 0],
							"uv": {
								"north": {"uv": [1.75, 0], "uv_size": [1.75, 2.25]}
							}
						}
					]
				},
				{
					"name": "20",
					"parent": "tens",
					"pivot": [-2.75, 1.05, 0],
					"cubes": [
						{
							"origin": [-3, 0, 0],
							"size": [1.5, 2, 0],
							"uv": {
								"north": {"uv": [3.5, 0], "uv_size": [1.75, 2.25]}
							}
						}
					]
				},
				{
					"name": "30",
					"parent": "tens",
					"pivot": [-2.75, 1.05, 0],
					"cubes": [
						{
							"origin": [-3, 0, 0],
							"size": [1.5, 2, 0],
							"uv": {
								"north": {"uv": [5.25, 0], "uv_size": [1.75, 2.25]}
							}
						}
					]
				},
				{
					"name": "40",
					"parent": "tens",
					"pivot": [-2.75, 1.05, 0],
					"cubes": [
						{
							"origin": [-3, 0, 0],
							"size": [1.5, 2, 0],
							"uv": {
								"north": {"uv": [0, 2.25], "uv_size": [1.75, 2.25]}
							}
						}
					]
				},
				{
					"name": "50",
					"parent": "tens",
					"pivot": [-2.75, 1.05, 0],
					"cubes": [
						{
							"origin": [-3, 0, 0],
							"size": [1.5, 2, 0],
							"uv": {
								"north": {"uv": [1.75, 2.25], "uv_size": [1.75, 2.25]}
							}
						}
					]
				},
				{
					"name": "60",
					"parent": "tens",
					"pivot": [-2.75, 1.05, 0],
					"cubes": [
						{
							"origin": [-3, 0, 0],
							"size": [1.5, 2, 0],
							"uv": {
								"north": {"uv": [3.5, 2.25], "uv_size": [1.75, 2.25]}
							}
						}
					]
				},
				{
					"name": "70",
					"parent": "tens",
					"pivot": [-2.75, 1.05, 0],
					"cubes": [
						{
							"origin": [-3, 0, 0],
							"size": [1.5, 2, 0],
							"uv": {
								"north": {"uv": [5.25, 2.25], "uv_size": [1.75, 2.25]}
							}
						}
					]
				},
				{
					"name": "80",
					"parent": "tens",
					"pivot": [-2.75, 1.05, 0],
					"cubes": [
						{
							"origin": [-3, 0, 0],
							"size": [1.5, 2, 0],
							"uv": {
								"north": {"uv": [0, 4.5], "uv_size": [1.75, 2.25]}
							}
						}
					]
				},
				{
					"name": "90",
					"parent": "tens",
					"pivot": [-2.75, 1.05, 0],
					"cubes": [
						{
							"origin": [-3, 0, 0],
							"size": [1.5, 2, 0],
							"uv": {
								"north": {"uv": [1.75, 4.5], "uv_size": [1.75, 2.25]}
							}
						}
					]
				},
				{
					"name": "hundreds",
					"parent": "backward",
					"pivot": [0, 0, 0]
				},
				{
					"name": "000",
					"parent": "hundreds",
					"pivot": [-5, 1.05, 0],
					"cubes": [
						{
							"origin": [-4.5, 0, 0],
							"size": [1.5, 2, 0],
							"uv": {
								"north": {"uv": [0, 0], "uv_size": [1.75, 2.25]}
							}
						}
					]
				},
				{
					"name": "100",
					"parent": "hundreds",
					"pivot": [-5.75, 1.05, 0],
					"cubes": [
						{
							"origin": [-4.5, 0, 0],
							"size": [1.5, 2, 0],
							"uv": {
								"north": {"uv": [1.75, 0], "uv_size": [1.75, 2.25]}
							}
						}
					]
				},
				{
					"name": "200",
					"parent": "hundreds",
					"pivot": [-5.5, 1.05, 0],
					"cubes": [
						{
							"origin": [-4.5, 0, 0],
							"size": [1.5, 2, 0],
							"uv": {
								"north": {"uv": [3.5, 0], "uv_size": [1.75, 2.25]}
							}
						}
					]
				},
				{
					"name": "300",
					"parent": "hundreds",
					"pivot": [-5.5, 1.05, 0],
					"cubes": [
						{
							"origin": [-4.5, 0, 0],
							"size": [1.5, 2, 0],
							"uv": {
								"north": {"uv": [5.25, 0], "uv_size": [1.75, 2.25]}
							}
						}
					]
				},
				{
					"name": "400",
					"parent": "hundreds",
					"pivot": [-5.5, 1.05, 0],
					"cubes": [
						{
							"origin": [-4.5, 0, 0],
							"size": [1.5, 2, 0],
							"uv": {
								"north": {"uv": [0, 2.25], "uv_size": [1.75, 2.25]}
							}
						}
					]
				},
				{
					"name": "500",
					"parent": "hundreds",
					"pivot": [-5.5, 1.05, 0],
					"cubes": [
						{
							"origin": [-4.5, 0, 0],
							"size": [1.5, 2, 0],
							"uv": {
								"north": {"uv": [1.75, 2.25], "uv_size": [1.75, 2.25]}
							}
						}
					]
				},
				{
					"name": "600",
					"parent": "hundreds",
					"pivot": [-5.5, 1.05, 0],
					"cubes": [
						{
							"origin": [-4.5, 0, 0],
							"size": [1.5, 2, 0],
							"uv": {
								"north": {"uv": [3.5, 2.25], "uv_size": [1.75, 2.25]}
							}
						}
					]
				},
				{
					"name": "700",
					"parent": "hundreds",
					"pivot": [-5.5, 1.05, 0],
					"cubes": [
						{
							"origin": [-4.5, 0, 0],
							"size": [1.5, 2, 0],
							"uv": {
								"north": {"uv": [5.25, 2.25], "uv_size": [1.75, 2.25]}
							}
						}
					]
				},
				{
					"name": "800",
					"parent": "hundreds",
					"pivot": [-5.5, 1.05, 0],
					"cubes": [
						{
							"origin": [-4.5, 0, 0],
							"size": [1.5, 2, 0],
							"uv": {
								"north": {"uv": [0, 4.5], "uv_size": [1.75, 2.25]}
							}
						}
					]
				},
				{
					"name": "900",
					"parent": "hundreds",
					"pivot": [-5.5, 1.05, 0],
					"cubes": [
						{
							"origin": [-4.5, 0, 0],
							"size": [1.5, 2, 0],
							"uv": {
								"north": {"uv": [1.75, 4.5], "uv_size": [1.75, 2.25]}
							}
						}
					]
				},
				{
					"name": "thousands",
					"parent": "backward",
					"pivot": [0, 0, 0]
				},
				{
					"name": "0000",
					"parent": "thousands",
					"pivot": [-8.25, 1.05, 0],
					"cubes": [
						{
							"origin": [-6, 0, 0],
							"size": [1.5, 2, 0],
							"uv": {
								"north": {"uv": [0, 0], "uv_size": [1.75, 2.25]}
							}
						}
					]
				},
				{
					"name": "1000",
					"parent": "thousands",
					"pivot": [-8.25, 1.05, 0],
					"cubes": [
						{
							"origin": [-6, 0, 0],
							"size": [1.5, 2, 0],
							"uv": {
								"north": {"uv": [1.75, 0], "uv_size": [1.75, 2.25]}
							}
						}
					]
				},
				{
					"name": "2000",
					"parent": "thousands",
					"pivot": [-8.25, 1.05, 0],
					"cubes": [
						{
							"origin": [-6, 0, 0],
							"size": [1.5, 2, 0],
							"uv": {
								"north": {"uv": [3.5, 0], "uv_size": [1.75, 2.25]}
							}
						}
					]
				},
				{
					"name": "3000",
					"parent": "thousands",
					"pivot": [-8.25, 1.05, 0],
					"cubes": [
						{
							"origin": [-6, 0, 0],
							"size": [1.5, 2, 0],
							"uv": {
								"north": {"uv": [5.25, 0], "uv_size": [1.75, 2.25]}
							}
						}
					]
				},
				{
					"name": "4000",
					"parent": "thousands",
					"pivot": [-8.25, 1.05, 0],
					"cubes": [
						{
							"origin": [-6, 0, 0],
							"size": [1.5, 2, 0],
							"uv": {
								"north": {"uv": [0, 2.25], "uv_size": [1.75, 2.25]}
							}
						}
					]
				},
				{
					"name": "5000",
					"parent": "thousands",
					"pivot": [-8.25, 1.05, 0],
					"cubes": [
						{
							"origin": [-6, 0, 0],
							"size": [1.5, 2, 0],
							"uv": {
								"north": {"uv": [1.75, 2.25], "uv_size": [1.75, 2.25]}
							}
						}
					]
				},
				{
					"name": "6000",
					"parent": "thousands",
					"pivot": [-8.25, 1.05, 0],
					"cubes": [
						{
							"origin": [-6, 0, 0],
							"size": [1.5, 2, 0],
							"uv": {
								"north": {"uv": [3.5, 2.25], "uv_size": [1.75, 2.25]}
							}
						}
					]
				},
				{
					"name": "7000",
					"parent": "thousands",
					"pivot": [-8.25, 1.05, 0],
					"cubes": [
						{
							"origin": [-6, 0, 0],
							"size": [1.5, 2, 0],
							"uv": {
								"north": {"uv": [5.25, 2.25], "uv_size": [1.75, 2.25]}
							}
						}
					]
				},
				{
					"name": "8000",
					"parent": "thousands",
					"pivot": [-8.25, 1.05, 0],
					"cubes": [
						{
							"origin": [-6, 0, 0],
							"size": [1.5, 2, 0],
							"uv": {
								"north": {"uv": [0, 4.5], "uv_size": [1.75, 2.25]}
							}
						}
					]
				},
				{
					"name": "9000",
					"parent": "thousands",
					"pivot": [-8.25, 1.05, 0],
					"cubes": [
						{
							"origin": [-6, 0, 0],
							"size": [1.5, 2, 0],
							"uv": {
								"north": {"uv": [1.75, 4.5], "uv_size": [1.75, 2.25]}
							}
						}
					]
				}
			]
		}
	]
}