{
	"format_version": "1.12.0",
	"minecraft:geometry": [
		{
			"description": {
				"identifier": "geometry.lb_ta_drill",
				"texture_width": 256,
				"texture_height": 256,
				"visible_bounds_width": 7,
				"visible_bounds_height": 4.5,
				"visible_bounds_offset": [0, 1.75, 0]
			},
			"bones": [
				{
					"name": "train",
					"pivot": [0, 6, 0],
					"cubes": [
						{"origin": [8.5, 0.5, -20], "size": [1, 3, 8], "uv": [92, 110]},
						{"origin": [8.5, -2.5, -2], "size": [1, 3, 4], "pivot": [9, -1, 0], "rotation": [0, 180, 0], "uv": [0, 172]},
						{"origin": [8.5, -2.5, -17], "size": [1, 3, 4], "pivot": [9, -1, -15], "rotation": [0, 180, 0], "uv": [0, 172]},
						{"origin": [8.5, 0.5, -3], "size": [1, 3, 6], "uv": [92, 0]},
						{"origin": [-8.5, -1.5, -12], "size": [17, 5, 9], "uv": [0, 69]},
						{"origin": [-6.5, -0.5, -20], "size": [13, 4, 40], "uv": [92, 58]},
						{"origin": [-9.5, 0.5, -20], "size": [1, 3, 8], "uv": [110, 58]},
						{"origin": [-9.5, 0.5, -3], "size": [1, 3, 6], "uv": [39, 26]},
						{"origin": [-9.5, -1.5, -4], "size": [1, 5, 1], "uv": [77, 110]},
						{"origin": [-9.5, 2.5, -11], "size": [1, 1, 7], "uv": [102, 130]},
						{"origin": [-9.5, -1.5, -12], "size": [1, 5, 1], "uv": [110, 58]},
						{"origin": [-9.5, -1.5, -11], "size": [1, 2, 7], "uv": [124, 31]},
						{"origin": [-9.5, 0.5, -7], "size": [1, 2, 2], "uv": [48, 110]},
						{"origin": [-8.5, -1.5, 3], "size": [17, 5, 9], "uv": [0, 55]},
						{"origin": [-9.5, -1.5, 11], "size": [1, 5, 1], "uv": [0, 110]},
						{"origin": [-9.5, 2.5, 4], "size": [1, 1, 7], "uv": [86, 130]},
						{"origin": [-9.5, 0.5, 8], "size": [1, 2, 2], "uv": [16, 110]},
						{"origin": [-9.5, 0.5, 5], "size": [1, 2, 2], "uv": [100, 27]},
						{"origin": [-9.5, 0.5, -10], "size": [1, 2, 2], "uv": [100, 64]},
						{"origin": [-9.5, -1.5, 4], "size": [1, 2, 7], "uv": [0, 121]},
						{"origin": [-9.5, -1.5, 3], "size": [1, 5, 1], "uv": [4, 110]},
						{"origin": [8.5, -1.5, 3], "size": [1, 5, 1], "uv": [39, 26]},
						{"origin": [8.5, 2.5, 4], "size": [1, 1, 7], "uv": [128, 40]},
						{"origin": [8.5, 0.5, 5], "size": [1, 2, 2], "uv": [47, 26]},
						{"origin": [8.5, -1.5, 4], "size": [1, 2, 7], "uv": [115, 79]},
						{"origin": [8.5, 0.5, 8], "size": [1, 2, 2], "uv": [92, 0]},
						{"origin": [8.5, -1.5, 11], "size": [1, 5, 1], "uv": [92, 79]},
						{"origin": [8.5, 2.5, -11], "size": [1, 1, 7], "uv": [70, 130]},
						{"origin": [8.5, -1.5, -4], "size": [1, 5, 1], "uv": [96, 79]},
						{"origin": [8.5, -1.5, -11], "size": [1, 2, 7], "uv": [119, 45]},
						{"origin": [8.5, 0.5, -7], "size": [1, 2, 2], "uv": [98, 21]},
						{"origin": [8.5, 0.5, -10], "size": [1, 2, 2], "uv": [98, 58]},
						{"origin": [8.5, -1.5, -12], "size": [1, 5, 1], "uv": [100, 0]},
						{"origin": [-7.5, -1.5, -1], "size": [15, 2, 2], "uv": [110, 10]},
						{"origin": [8.5, -2.5, 13], "size": [1, 3, 4], "pivot": [9, -1, 15], "rotation": [0, 180, 0], "uv": [0, 172]},
						{"origin": [-9.5, -2.5, -17], "size": [1, 3, 4], "pivot": [-9, -1, -15], "rotation": [0, -180, 0], "uv": [0, 172], "mirror": true},
						{"origin": [-9.5, -2.5, -2], "size": [1, 3, 4], "pivot": [-9, -1, 0], "rotation": [0, -180, 0], "uv": [0, 172], "mirror": true},
						{"origin": [-9.5, -2.5, 13], "size": [1, 3, 4], "pivot": [-9, -1, 15], "rotation": [0, -180, 0], "uv": [0, 172], "mirror": true},
						{"origin": [8.5, 0.5, 12], "size": [1, 3, 8], "uv": [34, 95]},
						{"origin": [-9.5, 0.5, 12], "size": [1, 3, 8], "uv": [0, 110]},
						{"origin": [-7.5, -1.5, 14], "size": [15, 2, 2], "uv": [92, 102]},
						{"origin": [-7.5, -1.5, -16], "size": [15, 2, 2], "uv": [0, 103]},
						{"origin": [-1, 5.5, 26], "size": [2, 1, 3], "uv": [67, 79]},
						{"origin": [-2, 5.5, 29], "size": [4, 1, 1], "uv": [59, 105]},
						{"origin": [-2, 5.5, 32], "size": [4, 1, 1], "uv": [59, 103]},
						{"origin": [1, 5.5, 30], "size": [1, 1, 2], "uv": [65, 98]},
						{"origin": [-2, 5.5, 30], "size": [1, 1, 2], "uv": [65, 95]},
						{"origin": [-1, 3.5, 27], "size": [2, 1, 2], "uv": [54, 83]},
						{"origin": [-2, 3.5, 29], "size": [4, 1, 1], "uv": [60, 93]},
						{"origin": [-2, 3.5, 32], "size": [4, 1, 1], "uv": [59, 101]},
						{"origin": [1, 3.5, 30], "size": [1, 1, 2], "uv": [64, 86]},
						{"origin": [-2, 3.5, 30], "size": [1, 1, 2], "uv": [65, 83]},
						{"origin": [-1, 2.5, 32], "size": [1, 1, 4], "pivot": [0, 6, 34], "rotation": [-90, 0, 90], "uv": [54, 91]},
						{"origin": [-1, 2.5, 31], "size": [4, 1, 1], "pivot": [0, 6, 34], "rotation": [-90, 0, 90], "uv": [56, 98]},
						{"origin": [2, 2.5, 32], "size": [1, 1, 4], "pivot": [0, 6, 34], "rotation": [-90, 0, 90], "uv": [54, 86]},
						{"origin": [-1, 2.5, 36], "size": [4, 1, 1], "pivot": [0, 6, 34], "rotation": [-90, 0, 90], "uv": [54, 96]}
					]
				},
				{
					"name": "wheels3",
					"parent": "train",
					"pivot": [0, 0.07488, -15],
					"cubes": [
						{"origin": [6.51172, 1.73828, -16.5], "size": [2, 2, 3], "uv": [143, 118]},
						{"origin": [6.75781, -2.26172, -17], "size": [1.5, 4, 4], "uv": [44, 92]},
						{"origin": [6.50781, 1.62952, -16.23744], "size": [2, 2, 3], "pivot": [7.50781, 0.37952, -14.73744], "rotation": [-45, 0, 0], "uv": [40, 145]},
						{"origin": [6.51172, 1.36696, -16.12868], "size": [2, 2, 3], "pivot": [7.51172, 0.11696, -14.62868], "rotation": [-90, 0, 0], "uv": [30, 145]},
						{"origin": [6.51172, -3.50436, -16.5], "size": [2, 2, 3], "uv": [10, 145]},
						{"origin": [6.50781, 1.1044, -16.23744], "size": [2, 2, 3], "pivot": [7.50781, -0.1456, -14.73744], "rotation": [-135, 0, 0], "uv": [20, 145]},
						{"origin": [6.50781, -3.3956, -16.76256], "size": [2, 2, 3], "pivot": [7.50781, -0.1456, -15.26256], "rotation": [-45, 0, 0], "uv": [0, 145]},
						{"origin": [6.51172, -3.13304, -16.87132], "size": [2, 2, 3], "pivot": [7.51172, 0.11696, -15.37132], "rotation": [-90, 0, 0], "uv": [144, 143]},
						{"origin": [6.50781, -2.87048, -16.76256], "size": [2, 2, 3], "pivot": [7.50781, 0.37952, -15.26256], "rotation": [-135, 0, 0], "uv": [144, 138]},
						{"origin": [-8.51172, 1.36696, -16.12868], "size": [2, 2, 3], "pivot": [-7.51172, 0.11696, -14.62868], "rotation": [-90, 0, 0], "uv": [104, 145]},
						{"origin": [-8.50781, 1.62952, -16.23744], "size": [2, 2, 3], "pivot": [-7.50781, 0.37952, -14.73744], "rotation": [-45, 0, 0], "uv": [60, 145]},
						{"origin": [-8.51172, -3.50436, -16.5], "size": [2, 2, 3], "uv": [146, 123]},
						{"origin": [-8.25781, -2.26172, -17], "size": [1.5, 4, 4], "uv": [92, 58]},
						{"origin": [-8.50781, 1.1044, -16.23744], "size": [2, 2, 3], "pivot": [-7.50781, -0.1456, -14.73744], "rotation": [-135, 0, 0], "uv": [114, 146]},
						{"origin": [-8.50781, -3.3956, -16.76256], "size": [2, 2, 3], "pivot": [-7.50781, -0.1456, -15.26256], "rotation": [-45, 0, 0], "uv": [124, 146]},
						{"origin": [-8.51172, -3.13304, -16.87132], "size": [2, 2, 3], "pivot": [-7.51172, 0.11696, -15.37132], "rotation": [-90, 0, 0], "uv": [134, 146]},
						{"origin": [-8.50781, -2.87048, -16.76256], "size": [2, 2, 3], "pivot": [-7.50781, 0.37952, -15.26256], "rotation": [-135, 0, 0], "uv": [67, 148]},
						{"origin": [-8.51172, 1.73828, -16.5], "size": [2, 2, 3], "uv": [50, 145]}
					]
				},
				{
					"name": "wheels1",
					"parent": "train",
					"pivot": [0, 0.07488, 15],
					"cubes": [
						{"origin": [-8.51172, 1.73828, 13.5], "size": [2, 2, 3], "pivot": [0, 0.11696, 15], "rotation": [-90, 0, 0], "uv": [115, 136]},
						{"origin": [-8.50781, 1.73828, 13.5], "size": [2, 2, 3], "pivot": [0, 0.11696, 15], "rotation": [-45, 0, 0], "uv": [125, 136]},
						{"origin": [-8.51172, 1.73828, 13.5], "size": [2, 2, 3], "uv": [135, 136]},
						{"origin": [-8.50781, -3.50436, 13.5], "size": [2, 2, 3], "pivot": [0, 0.11696, 15], "rotation": [-135, 0, 0], "uv": [131, 131]},
						{"origin": [-8.51172, -3.50436, 13.5], "size": [2, 2, 3], "pivot": [0, 0.11696, 15], "rotation": [-90, 0, 0], "uv": [121, 131]},
						{"origin": [-8.51172, -3.50436, 13.5], "size": [2, 2, 3], "uv": [133, 118]},
						{"origin": [-8.50781, -3.50436, 13.5], "size": [2, 2, 3], "pivot": [0, 0.11696, 15], "rotation": [-45, 0, 0], "uv": [133, 31]},
						{"origin": [-8.25781, -2.26172, 13], "size": [1.5, 4, 4], "uv": [43, 55]},
						{"origin": [-8.50781, 1.73828, 13.5], "size": [2, 2, 3], "pivot": [0, 0.11696, 15], "rotation": [-135, 0, 0], "uv": [135, 48]},
						{"origin": [6.51172, 1.73828, 13.5], "size": [2, 2, 3], "uv": [131, 16]},
						{"origin": [6.51172, -3.50436, 13.5], "size": [2, 2, 3], "pivot": [0, 0.11696, 15], "rotation": [-90, 0, 0], "uv": [95, 130]},
						{"origin": [6.50781, -3.50436, 13.5], "size": [2, 2, 3], "pivot": [0, 0.11696, 15], "rotation": [-135, 0, 0], "uv": [111, 130]},
						{"origin": [6.75781, -2.26172, 13], "size": [1.5, 4, 4], "uv": [43, 0]},
						{"origin": [6.51172, -3.50436, 13.5], "size": [2, 2, 3], "uv": [124, 14]},
						{"origin": [6.50781, -3.50436, 13.5], "size": [2, 2, 3], "pivot": [0, 0.11696, 15], "rotation": [-45, 0, 0], "uv": [92, 9]},
						{"origin": [6.50781, 1.73828, 13.5], "size": [2, 2, 3], "pivot": [0, 0.11696, 15], "rotation": [-135, 0, 0], "uv": [92, 29]},
						{"origin": [6.51172, 1.73828, 13.5], "size": [2, 2, 3], "pivot": [0, 0.11696, 15], "rotation": [-90, 0, 0], "uv": [79, 130]},
						{"origin": [6.50781, 1.73828, 13.5], "size": [2, 2, 3], "pivot": [0, 0.11696, 15], "rotation": [-45, 0, 0], "uv": [92, 66]}
					]
				},
				{
					"name": "wheels2",
					"parent": "train",
					"pivot": [0, 0.07488, 0],
					"cubes": [
						{"origin": [6.51172, 1.73828, -1.5], "size": [2, 2, 3], "uv": [141, 131]},
						{"origin": [6.51172, -3.50436, -1.5], "size": [2, 2, 3], "pivot": [0, 0.11696, 0], "rotation": [-90, 0, 0], "uv": [67, 143]},
						{"origin": [6.50781, -3.50436, -1.5], "size": [2, 2, 3], "pivot": [0, 0.11696, 0], "rotation": [-135, 0, 0], "uv": [137, 141]},
						{"origin": [6.51172, -3.50436, -1.5], "size": [2, 2, 3], "uv": [87, 143]},
						{"origin": [6.50781, -3.50436, -1.5], "size": [2, 2, 3], "pivot": [0, 0.11696, 0], "rotation": [-45, 0, 0], "uv": [143, 112]},
						{"origin": [6.50781, 1.73828, -1.5], "size": [2, 2, 3], "pivot": [0, 0.11696, 0], "rotation": [-135, 0, 0], "uv": [143, 107]},
						{"origin": [6.50781, 1.73828, -1.5], "size": [2, 2, 3], "pivot": [0, 0.11696, 0], "rotation": [-45, 0, 0], "uv": [97, 143]},
						{"origin": [6.51172, 1.73828, -1.5], "size": [2, 2, 3], "pivot": [0, 0.11696, 0], "rotation": [-90, 0, 0], "uv": [77, 143]},
						{"origin": [6.75781, -2.26172, -2], "size": [1.5, 4, 4], "uv": [92, 21]},
						{"origin": [-8.51172, 1.73828, -1.5], "size": [2, 2, 3], "uv": [70, 138]},
						{"origin": [-8.50781, 1.73828, -1.5], "size": [2, 2, 3], "pivot": [0, 0.11696, 0], "rotation": [-45, 0, 0], "uv": [80, 138]},
						{"origin": [-8.51172, 1.73828, -1.5], "size": [2, 2, 3], "pivot": [0, 0.11696, 0], "rotation": [-90, 0, 0], "uv": [90, 138]},
						{"origin": [-8.50781, 1.73828, -1.5], "size": [2, 2, 3], "pivot": [0, 0.11696, 0], "rotation": [-135, 0, 0], "uv": [100, 138]},
						{"origin": [-8.51172, -3.50436, -1.5], "size": [2, 2, 3], "uv": [138, 102]},
						{"origin": [-8.50781, -3.50436, -1.5], "size": [2, 2, 3], "pivot": [0, 0.11696, 0], "rotation": [-45, 0, 0], "uv": [107, 140]},
						{"origin": [-8.51172, -3.50436, -1.5], "size": [2, 2, 3], "pivot": [0, 0.11696, 0], "rotation": [-90, 0, 0], "uv": [127, 141]},
						{"origin": [-8.50781, -3.50436, -1.5], "size": [2, 2, 3], "pivot": [0, 0.11696, 0], "rotation": [-135, 0, 0], "uv": [117, 141]},
						{"origin": [-8.25781, -2.26172, -2], "size": [1.5, 4, 4], "uv": [43, 69]}
					]
				},
				{
					"name": "wagon_main",
					"parent": "train",
					"pivot": [0, -3.5, 0.5],
					"cubes": [
						{"origin": [-8.5, 4.5, -26], "size": [17, 3, 52], "uv": [94, 3]},
						{"origin": [-9.5, 3.5, -27], "size": [19, 1, 54], "uv": [0, 0]},
						{"origin": [-5.5, 8.5, 25], "size": [1, 6, 1], "uv": [4, 69]},
						{"origin": [-4.5, 8.5, 25], "size": [9, 1, 1], "uv": [0, 52]},
						{"origin": [4.5, 8.5, 25], "size": [1, 6, 1], "uv": [0, 83]},
						{"origin": [-4.5, 13.5, 19], "size": [9, 1, 1], "pivot": [0, 14, 22.5], "rotation": [180, 0, 0], "uv": [20, 52]},
						{"origin": [-5.5, 14.5, 19], "size": [11, 1, 7], "uv": [48, 110]},
						{"origin": [-4.5, 8.5, 19], "size": [9, 1, 1], "uv": [31, 90]},
						{"origin": [-4.5, 13.5, 25], "size": [9, 1, 1], "pivot": [0, 14, 22.5], "rotation": [180, 0, 0], "uv": [92, 52]},
						{"origin": [-5.5, 8.5, 19], "size": [1, 6, 1], "uv": [0, 69]},
						{"origin": [4.5, 8.5, 19], "size": [1, 6, 1], "uv": [4, 83]},
						{"origin": [-9.5, 7.5, -27], "size": [19, 1, 54], "uv": [0, 55]},
						{"origin": [-6.5, 8.5, -9], "size": [13, 13, 22], "uv": [0, 110]},
						{"origin": [-8.5, 8.5, -14], "size": [17, 17, 9], "uv": [0, 0]},
						{"origin": [-8.5, 8.5, -12], "size": [17, 17, 5], "inflate": 0.2, "uv": [0, 150]},
						{"origin": [-8.5, 1.5, -25], "size": [2, 2, 1], "uv": [158, 62]},
						{"origin": [-1.5, 0.5, -25], "size": [3, 3, 1], "uv": [158, 58]},
						{"origin": [6.5, 1.5, -25], "size": [2, 2, 1], "uv": [158, 62]},
						{"origin": [-9.5, 0.5, -24], "size": [19, 3, 4], "uv": [158, 71]},
						{"origin": [-9.5, 0.5, 20], "size": [19, 3, 4], "pivot": [0, 2, 22], "rotation": [180, 0, 0], "uv": [158, 71]},
						{"origin": [6.5, 1.5, 24], "size": [2, 2, 1], "pivot": [7.5, 2.5, 24.5], "rotation": [180, 0, 0], "uv": [158, 62]},
						{"origin": [-1.5, 0.5, 24], "size": [3, 3, 1], "pivot": [0, 2, 24.5], "rotation": [180, 0, 0], "uv": [158, 58]},
						{"origin": [-8.5, 1.5, 24], "size": [2, 2, 1], "pivot": [-7.5, 2.5, 24.5], "rotation": [180, 0, 0], "uv": [158, 62]},
						{"origin": [6.5, 11.5, -5], "size": [2, 7, 14], "uv": [92, 58]},
						{"origin": [-9.5, 8.5, 17.5], "size": [4, 2, 4], "uv": [122, 102]},
						{"origin": [-8.5, 10.5, 18.5], "size": [2, 2, 2], "uv": [0, 26]},
						{"origin": [2.5, 30.5, -5], "size": [2, 7, 14], "pivot": [7.5, 26.5, 1.5], "rotation": [0, 0, -90], "uv": [92, 21]},
						{"origin": [-8.5, 11.5, -5], "size": [2, 7, 14], "uv": [92, 0]},
						{"origin": [-7.5, 14.5, 5], "size": [15, 8, 2], "uv": [110, 21]},
						{"origin": [-7.5, 14.5, 1], "size": [15, 8, 2], "uv": [92, 42]},
						{"origin": [-7.5, 14.5, -3], "size": [15, 8, 2], "uv": [110, 0]},
						{"origin": [-7.5, 25.5, -3], "size": [15, 8, 2], "pivot": [0, 18.5, 2], "rotation": [180, 0, 0], "uv": [110, 0]},
						{"origin": [-7.5, 25.5, 1], "size": [15, 8, 2], "pivot": [0, 18.5, 2], "rotation": [180, 0, 0], "uv": [92, 42]},
						{"origin": [-7.5, 25.5, 5], "size": [15, 8, 2], "pivot": [0, 18.5, 2], "rotation": [180, 0, 0], "uv": [110, 21]},
						{"origin": [-8.5, 18.5, 9], "size": [17, 1, 1], "pivot": [0, 19, 9.5], "rotation": [-45, 0, 0], "uv": [0, 50]},
						{"origin": [7.5, 19.5, 9], "size": [1, 6, 1], "pivot": [0, 19, 9.5], "rotation": [-45, 0, 0], "uv": [0, 55]},
						{"origin": [-8.5, 19.5, 9], "size": [1, 6, 1], "pivot": [0, 19, 9.5], "rotation": [-45, 0, 0], "uv": [4, 55]},
						{"origin": [-7.5, 24.5, 9], "size": [2, 1, 1], "pivot": [0, 19, 9.5], "rotation": [-45, 0, 0], "uv": [47, 30]},
						{"origin": [4.5, 24.5, 9], "size": [3, 1, 1], "pivot": [0, 19, 9.5], "rotation": [-45, 0, 0], "uv": [0, 30]},
						{"origin": [-5.5, 20.24264, 13.49264], "size": [10, 6, 1], "pivot": [-0.5, 23.24264, 14.74264], "rotation": [45, 0, 0], "uv": [31, 83]}
					]
				},
				{
					"name": "slant",
					"parent": "wagon_main",
					"pivot": [12.5, 20.74264, 14.74264],
					"rotation": [45, 0, 0],
					"cubes": [
						{
							"origin": [7, 18, 14],
							"size": [3, 5, 1],
							"uv": {
								"north": {"uv": [219, 19], "uv_size": [3, 5]},
								"east": {"uv": [218, 19], "uv_size": [1, 5]},
								"south": {"uv": [223, 19], "uv_size": [6, 10]},
								"west": {"uv": [222, 19], "uv_size": [1, 5]},
								"up": {"uv": [219, 18], "uv_size": [3, 1]},
								"down": {"uv": [222, 19], "uv_size": [3, -1]}
							}
						}
					]
				},
				{
					"name": "lights",
					"parent": "slant",
					"pivot": [8.8, 21.1, 13.8],
					"cubes": [
						{"origin": [8, 19, 14.5], "size": [1, 2, 1], "uv": [232, 27]}
					]
				},
				{
					"name": "light_L",
					"parent": "wagon_main",
					"pivot": [2, 2.5, 6],
					"cubes": [
						{"origin": [9.5, 13.5, -4], "size": [2, 3, 4], "uv": [238, 9]},
						{"origin": [8.5, 14.5, 1], "size": [1, 1, 9], "uv": [238, 21]},
						{"origin": [9.5, 16.5, -4], "size": [2, 1, 2], "uv": [246, 28]},
						{"origin": [11.5, 13.5, -4], "size": [1, 3, 2], "uv": [244, 24]},
						{"origin": [8.5, 13.5, -4], "size": [1, 3, 2], "uv": [244, 24]},
						{"origin": [9.5, 12.5, -4], "size": [2, 1, 2], "uv": [246, 28]},
						{"origin": [8.5, 12.5, -1], "size": [2, 5, 2], "uv": [245, 20]},
						{"origin": [8.6, 25.5, 14.5], "size": [1, 1, 7], "pivot": [2.1, 14.5, 25.5], "rotation": [45, 0, 0], "uv": [240, 23]}
					]
				},
				{
					"name": "light",
					"parent": "wagon_main",
					"pivot": [0, 3.5, 9]
				},
				{
					"name": "speed",
					"parent": "wagon_main",
					"pivot": [-7.5, 12.5, 19.5],
					"cubes": [
						{"origin": [-8.5, 20.5, 18.5], "size": [2, 4, 2], "uv": [0, 0]},
						{"origin": [-8, 11.5, 19], "size": [1, 12, 1], "uv": [48, 35]}
					]
				},
				{
					"name": "drill",
					"parent": "wagon_main",
					"pivot": [0, 17, -26.08333],
					"cubes": [
						{"origin": [-3.5, 22.5, -21], "size": [7, 1, 7], "pivot": [0, 17, -26], "rotation": [0, 0, -90], "uv": [125, 123]},
						{"origin": [-3.5, 10.5, -21], "size": [7, 1, 7], "pivot": [0, 17, -26], "rotation": [0, 0, -90], "uv": [122, 110]},
						{"origin": [-3.5, 22.5, -21], "size": [7, 1, 7], "uv": [104, 122]},
						{"origin": [-3.5, 14.5, -21], "size": [7, 6, 7], "pivot": [0, 17.5, -17.5], "rotation": [0, 0, 45], "uv": [48, 118]},
						{"origin": [-3.5, 10.5, -21], "size": [7, 1, 7], "uv": [76, 122]},
						{"origin": [-7.5, 9.5, -27], "size": [15, 15, 9], "uv": [0, 26]},
						{"origin": [-5.5, 11.5, -36], "size": [11, 11, 9], "uv": [0, 83]},
						{"origin": [-3.5, 13.5, -45], "size": [7, 7, 9], "uv": [92, 79]},
						{"origin": [-2, 16.5, -55], "size": [4, 1, 11], "uv": [103, 110]},
						{"origin": [-2, 16.5, -54.75], "size": [4, 1, 11], "pivot": [0, 17, -49.5], "rotation": [0, 0, 90], "uv": [73, 110]}
					]
				}
			]
		}
	]
}