{
	"format_version": "1.21.0",
	"minecraft:geometry": [
		{
			"description": {
				"identifier": "geometry.lb_ta_emdgp",
				"texture_width": 256,
				"texture_height": 256,
				"visible_bounds_width": 8,
				"visible_bounds_height": 6,
				"visible_bounds_offset": [0, 1, 0]
			},
			"bones": [
				{
					"name": "train",
					"pivot": [0, 1.5, 39],
					"cubes": [
						{"origin": [8.5, 0.5, -30], "size": [1, 3, 8], "uv": [147, 150]},
						{"origin": [8.5, -2.5, -14], "size": [1, 3, 4], "uv": [34, 161]},
						{"origin": [8.5, -2.5, -27], "size": [1, 3, 4], "uv": [24, 161]},
						{"origin": [8.5, 0.5, -15], "size": [1, 3, 8], "uv": [129, 150]},
						{"origin": [-8.5, -1.5, -22], "size": [17, 5, 7], "uv": [123, 0]},
						{"origin": [8.5, -1.5, -22], "size": [1, 5, 1], "uv": [78, 0]},
						{"origin": [8.5, -1.5, -16], "size": [1, 5, 1], "uv": [76, 53]},
						{"origin": [8.5, -1.5, -21], "size": [1, 1, 5], "uv": [111, 143]},
						{"origin": [8.5, 0.5, -21], "size": [1, 1, 5], "uv": [47, 142]},
						{"origin": [8.5, 2.5, -21], "size": [1, 1, 5], "uv": [131, 92]},
						{"origin": [-9.5, -2.5, -27], "size": [1, 3, 4], "uv": [14, 161]},
						{"origin": [-9.5, 0.5, -30], "size": [1, 3, 8], "uv": [150, 86]},
						{"origin": [-9.5, -2.5, -14], "size": [1, 3, 4], "uv": [160, 86]},
						{"origin": [-9.5, 0.5, -15], "size": [1, 3, 8], "uv": [54, 150]},
						{"origin": [-9.5, -1.5, -16], "size": [1, 5, 1], "uv": [69, 0]},
						{"origin": [-9.5, 2.5, -21], "size": [1, 1, 5], "uv": [131, 86]},
						{"origin": [-9.5, -1.5, -22], "size": [1, 5, 1], "uv": [18, 62]},
						{"origin": [-9.5, 0.5, -21], "size": [1, 1, 5], "uv": [78, 92]},
						{"origin": [-9.5, -1.5, -21], "size": [1, 1, 5], "uv": [63, 92]},
						{"origin": [8.5, 0.5, 6], "size": [1, 3, 8], "uv": [36, 150]},
						{"origin": [8.5, -2.5, 22], "size": [1, 3, 4], "uv": [120, 159]},
						{"origin": [8.5, -2.5, 9], "size": [1, 3, 4], "uv": [157, 150]},
						{"origin": [8.5, 0.5, 21], "size": [1, 3, 8], "uv": [18, 150]},
						{"origin": [-8.5, -1.5, 14], "size": [17, 5, 7], "uv": [0, 73]},
						{"origin": [8.5, -1.5, 14], "size": [1, 5, 1], "uv": [57, 61]},
						{"origin": [8.5, -1.5, 20], "size": [1, 5, 1], "uv": [48, 61]},
						{"origin": [8.5, -1.5, 15], "size": [1, 1, 5], "uv": [78, 86]},
						{"origin": [8.5, 0.5, 15], "size": [1, 1, 5], "uv": [63, 86]},
						{"origin": [8.5, 2.5, 15], "size": [1, 1, 5], "uv": [29, 86]},
						{"origin": [-9.5, -2.5, 9], "size": [1, 3, 4], "uv": [156, 141]},
						{"origin": [-9.5, 0.5, 6], "size": [1, 3, 8], "uv": [66, 53]},
						{"origin": [-9.5, -2.5, 22], "size": [1, 3, 4], "uv": [11, 49]},
						{"origin": [-9.5, 0.5, 21], "size": [1, 3, 8], "uv": [66, 34]},
						{"origin": [-9.5, -1.5, 20], "size": [1, 5, 1], "uv": [57, 53]},
						{"origin": [-9.5, 2.5, 15], "size": [1, 1, 5], "uv": [55, 6]},
						{"origin": [-9.5, -1.5, 14], "size": [1, 5, 1], "uv": [18, 56]},
						{"origin": [-9.5, 0.5, 15], "size": [1, 1, 5], "uv": [55, 0]},
						{"origin": [-9.5, -1.5, 15], "size": [1, 1, 5], "uv": [32, 49]},
						{"origin": [9.5, 3.5, -38], "size": [1, 1, 1], "uv": [11, 49]},
						{"origin": [9.5, 3.5, -31], "size": [1, 1, 1], "uv": [25, 9]},
						{"origin": [-6.5, -1.5, -15], "size": [13, 5, 29], "uv": [0, 0]},
						{"origin": [-9.5, 0.5, -7], "size": [3, 3, 13], "uv": [123, 65]},
						{"origin": [6.5, 0.5, -7], "size": [3, 3, 13], "uv": [131, 86]}
					]
				},
				{
					"name": "wheels1",
					"parent": "train",
					"pivot": [0, 0.07488, -25],
					"cubes": [
						{"origin": [-8.47265, -2.87048, -26.76256], "size": [2, 2, 3], "pivot": [-7.47265, 0.37952, -25.26256], "rotation": [-135, 0, 0], "uv": [82, 167]},
						{"origin": [-8.47265, -3.3956, -26.76256], "size": [2, 2, 3], "pivot": [-7.47265, -0.1456, -25.26256], "rotation": [-45, 0, 0], "uv": [102, 167]},
						{"origin": [-8.50781, -3.13304, -26.87132], "size": [2, 2, 3], "pivot": [-7.50781, 0.11696, -25.37132], "rotation": [-90, 0, 0], "uv": [92, 167]},
						{"origin": [-8.25781, -2.26172, -27], "size": [1.5, 4, 4], "uv": [104, 154]},
						{"origin": [-8.50781, 1.73828, -26.5], "size": [2, 2, 3], "uv": [168, 27]},
						{"origin": [-8.47265, 1.62952, -26.23744], "size": [2, 2, 3], "pivot": [-7.47265, 0.37952, -24.73744], "rotation": [-45, 0, 0], "uv": [24, 168]},
						{"origin": [-8.50781, 1.36696, -26.12868], "size": [2, 2, 3], "pivot": [-7.50781, 0.11696, -24.62868], "rotation": [-90, 0, 0], "uv": [14, 168]},
						{"origin": [-8.47265, 1.1044, -26.23744], "size": [2, 2, 3], "pivot": [-7.47265, -0.1456, -24.73744], "rotation": [-135, 0, 0], "uv": [167, 164]},
						{"origin": [-8.50781, -3.50436, -26.5], "size": [2, 2, 3], "uv": [167, 159]},
						{"origin": [6.46875, 1.62952, -26.23744], "size": [2, 2, 3], "pivot": [7.46875, 0.37952, -24.73744], "rotation": [-45, 0, 0], "uv": [34, 168]},
						{"origin": [6.51172, 1.36696, -26.12868], "size": [2, 2, 3], "pivot": [7.51172, 0.11696, -24.62868], "rotation": [-90, 0, 0], "uv": [168, 79]},
						{"origin": [6.46875, 1.1044, -26.23744], "size": [2, 2, 3], "pivot": [7.46875, -0.1456, -24.73744], "rotation": [-135, 0, 0], "uv": [168, 90]},
						{"origin": [6.46875, -3.3956, -26.76256], "size": [2, 2, 3], "pivot": [7.46875, -0.1456, -25.26256], "rotation": [-45, 0, 0], "uv": [112, 168]},
						{"origin": [6.75781, -2.26172, -27], "size": [1.5, 4, 4], "uv": [114, 155]},
						{"origin": [6.51172, 1.73828, -26.5], "size": [2, 2, 3], "uv": [168, 122]},
						{"origin": [6.46875, -2.87048, -26.76256], "size": [2, 2, 3], "pivot": [7.46875, 0.37952, -25.26256], "rotation": [-135, 0, 0], "uv": [168, 117]},
						{"origin": [6.51172, -3.13304, -26.87132], "size": [2, 2, 3], "pivot": [7.51172, 0.11696, -25.37132], "rotation": [-90, 0, 0], "uv": [168, 112]},
						{"origin": [6.51172, -3.50436, -26.5], "size": [2, 2, 3], "uv": [168, 107]}
					]
				},
				{
					"name": "wheels2",
					"parent": "train",
					"pivot": [0.00174, 0.07489, -12],
					"cubes": [
						{"origin": [6.46875, 1.73828, -13.5], "size": [2, 2, 3], "pivot": [-0.03711, 0.11696, -12], "rotation": [-45, 0, 0], "uv": [119, 166]},
						{"origin": [6.46875, -3.50436, -13.5], "size": [2, 2, 3], "pivot": [-0.03711, 0.11696, -12], "rotation": [-135, 0, 0], "uv": [165, 50]},
						{"origin": [6.75781, -2.26172, -14], "size": [1.5, 4, 4], "uv": [139, 150]},
						{"origin": [6.51172, 1.73828, -13.5], "size": [2, 2, 3], "uv": [7, 165]},
						{"origin": [6.51172, 1.73828, -13.5], "size": [2, 2, 3], "pivot": [0.00195, 0.11696, -12], "rotation": [-90, 0, 0], "uv": [166, 57]},
						{"origin": [6.46875, -3.50436, -13.5], "size": [2, 2, 3], "pivot": [-0.03711, 0.11696, -12], "rotation": [-45, 0, 0], "uv": [165, 154]},
						{"origin": [6.46875, 1.73828, -13.5], "size": [2, 2, 3], "pivot": [-0.03711, 0.11696, -12], "rotation": [-135, 0, 0], "uv": [52, 166]},
						{"origin": [6.51172, -3.50436, -13.5], "size": [2, 2, 3], "uv": [166, 42]},
						{"origin": [6.51172, -3.50436, -13.5], "size": [2, 2, 3], "pivot": [0.00195, 0.11696, -12], "rotation": [-90, 0, 0], "uv": [165, 73]},
						{"origin": [-8.47265, -3.50436, -13.5], "size": [2, 2, 3], "pivot": [0.03321, 0.11696, -12], "rotation": [-135, 0, 0], "uv": [72, 167]},
						{"origin": [-8.47265, -3.50436, -13.5], "size": [2, 2, 3], "pivot": [0.03321, 0.11696, -12], "rotation": [-45, 0, 0], "uv": [0, 167]},
						{"origin": [-8.50781, -3.50436, -13.5], "size": [2, 2, 3], "pivot": [0.00195, 0.11696, -12], "rotation": [-90, 0, 0], "uv": [62, 167]},
						{"origin": [-8.50781, -3.50436, -13.5], "size": [2, 2, 3], "uv": [159, 166]},
						{"origin": [-8.47265, 1.73828, -13.5], "size": [2, 2, 3], "pivot": [0.03321, 0.11696, -12], "rotation": [-135, 0, 0], "uv": [149, 166]},
						{"origin": [-8.50781, 1.73828, -13.5], "size": [2, 2, 3], "pivot": [0.00195, 0.11696, -12], "rotation": [-90, 0, 0], "uv": [139, 166]},
						{"origin": [-8.47265, 1.73828, -13.5], "size": [2, 2, 3], "pivot": [0.03321, 0.11696, -12], "rotation": [-45, 0, 0], "uv": [166, 133]},
						{"origin": [-8.50781, 1.73828, -13.5], "size": [2, 2, 3], "uv": [129, 166]},
						{"origin": [-8.25781, -2.26172, -14], "size": [1.5, 4, 4], "uv": [94, 154]}
					]
				},
				{
					"name": "train_base",
					"parent": "train",
					"pivot": [0.16981, -3.57118, -8.53503],
					"cubes": [
						{
							"origin": [4.5, 7.5, -11],
							"size": [1, 15, 9],
							"uv": {
								"north": {"uv": [88, 183], "uv_size": [1, 15]},
								"east": {"uv": [89, 183], "uv_size": [9, 15]},
								"south": {"uv": [98, 183], "uv_size": [1, 15]},
								"west": {"uv": [89, 183], "uv_size": [9, 15]},
								"up": {"uv": [88, 174], "uv_size": [1, 9]},
								"down": {"uv": [89, 183], "uv_size": [1, -9]}
							}
						},
						{
							"origin": [-5.5, 7.5, -11],
							"size": [1, 15, 9],
							"uv": {
								"north": {"uv": [88, 183], "uv_size": [1, 15]},
								"east": {"uv": [89, 183], "uv_size": [9, 15]},
								"south": {"uv": [98, 183], "uv_size": [1, 15]},
								"west": {"uv": [89, 183], "uv_size": [9, 15]},
								"up": {"uv": [88, 174], "uv_size": [1, 9]},
								"down": {"uv": [89, 183], "uv_size": [1, -9]}
							}
						},
						{"origin": [-5.5, 7.5, -2], "size": [11, 15, 41], "uv": [0, 86]},
						{"origin": [-5.5, 4.5, 19], "size": [11, 3, 20], "uv": [0, 223]},
						{"origin": [-12.5, -0.5, -37], "size": [5, 1, 6], "uv": [149, 75]},
						{"origin": [-10.5, 3.5, -31], "size": [1, 1, 1], "uv": [25, 7]},
						{"origin": [-10.5, 3.5, -38], "size": [1, 1, 1], "uv": [3, 24]},
						{"origin": [-11.5, 3.5, -38], "size": [1, 5, 1], "uv": [55, 19]},
						{"origin": [9.5, 3.5, 29], "size": [1, 1, 1], "uv": [60, 58]},
						{"origin": [9.5, 3.5, 36], "size": [1, 1, 1], "uv": [51, 66]},
						{"origin": [-12.5, -0.5, 30], "size": [5, 1, 6], "uv": [145, 119]},
						{"origin": [-11.5, 8.5, 29], "size": [2, 1, 1], "uv": [48, 46], "mirror": true},
						{"origin": [-11.5, 3.5, 29], "size": [1, 5, 1], "uv": [0, 49], "mirror": true},
						{
							"origin": [4.5, 16.5, -28],
							"size": [1, 6, 1],
							"uv": {
								"north": {"uv": [8, 50], "uv_size": [-1, 6]},
								"east": {"uv": [9, 50], "uv_size": [-1, 6]},
								"south": {"uv": [8, 50], "uv_size": [-1, 6]},
								"west": {"uv": [8, 50], "uv_size": [-1, 6]},
								"up": {"uv": [9, 49], "uv_size": [-1, 1]},
								"down": {"uv": [10, 50], "uv_size": [-1, -1]}
							}
						},
						{
							"origin": [-5.5, 16.5, -28],
							"size": [1, 6, 1],
							"uv": {
								"north": {"uv": [8, 50], "uv_size": [-1, 6]},
								"east": {"uv": [9, 50], "uv_size": [-1, 6]},
								"south": {"uv": [8, 50], "uv_size": [-1, 6]},
								"west": {"uv": [8, 50], "uv_size": [-1, 6]},
								"up": {"uv": [9, 49], "uv_size": [-1, 1]},
								"down": {"uv": [10, 50], "uv_size": [-1, -1]}
							}
						},
						{"origin": [-10.5, 3.5, 29], "size": [1, 1, 1], "uv": [51, 58]},
						{"origin": [-10.5, 3.5, 36], "size": [1, 1, 1], "uv": [58, 24]},
						{"origin": [-11.5, 3.5, 36], "size": [1, 5, 1], "uv": [24, 49], "mirror": true},
						{"origin": [-11.5, 8.5, 36], "size": [2, 1, 1], "uv": [8, 45], "mirror": true},
						{"origin": [-8.5, 0.5, 37], "size": [17, 3, 5], "uv": [123, 37]},
						{"origin": [-7.5, -0.5, 30], "size": [15, 4, 6], "uv": [123, 55]},
						{"origin": [-11.5, -1.5, 36], "size": [23, 5, 1], "uv": [123, 24]},
						{"origin": [7.5, -0.5, 30], "size": [5, 1, 6], "uv": [152, 126]},
						{"origin": [-11.5, -1.5, 29], "size": [23, 5, 1], "uv": [123, 18]},
						{"origin": [10.5, 3.5, 29], "size": [1, 5, 1], "uv": [0, 49]},
						{"origin": [9.5, 8.5, 29], "size": [2, 1, 1], "uv": [48, 46]},
						{"origin": [10.5, 3.5, 36], "size": [1, 5, 1], "uv": [24, 49]},
						{"origin": [9.5, 8.5, 36], "size": [2, 1, 1], "uv": [8, 45]},
						{"origin": [-11.5, 8.5, -38], "size": [2, 1, 1], "uv": [54, 46]},
						{"origin": [-11.5, 8.5, -31], "size": [2, 1, 1], "uv": [39, 52]},
						{"origin": [-11.5, 3.5, -31], "size": [1, 5, 1], "uv": [48, 53]},
						{"origin": [-9.54687, -1.97487, -44.26777], "size": [19, 5, 1], "pivot": [0, -1.97487, -43.76777], "rotation": [-45, 0, 0], "uv": [41, 73]},
						{"origin": [-1.5, -0.5, -43], "size": [3, 3, 1], "uv": [21, 19]},
						{"origin": [-9.5, 0.5, -42], "size": [19, 3, 4], "uv": [123, 30]},
						{"origin": [9.5, 8.5, -31], "size": [2, 1, 1], "uv": [8, 45]},
						{"origin": [-11.5, -1.5, -31], "size": [23, 5, 1], "uv": [63, 119]},
						{"origin": [10.5, 3.5, -31], "size": [1, 5, 1], "uv": [24, 49]},
						{"origin": [-7.5, -0.5, -37], "size": [15, 4, 6], "uv": [123, 45]},
						{"origin": [7.5, -0.5, -37], "size": [5, 1, 6], "uv": [76, 149]},
						{"origin": [-11.5, -1.5, -38], "size": [23, 5, 1], "uv": [123, 12]},
						{"origin": [10.5, 3.5, -38], "size": [1, 5, 1], "uv": [0, 49]},
						{"origin": [9.5, 8.5, -38], "size": [2, 1, 1], "uv": [48, 46]},
						{"origin": [9.5, 7.5, -24], "size": [1, 7, 12], "uv": [55, 0]},
						{"origin": [-2, 3.5, 46], "size": [1, 1, 2], "uv": [92, 63]},
						{"origin": [1, 3.5, 46], "size": [1, 1, 2], "uv": [93, 56]},
						{"origin": [-2, 3.5, 48], "size": [4, 1, 1], "uv": [93, 64]},
						{"origin": [-2, 3.5, 45], "size": [4, 1, 1], "uv": [93, 64]},
						{"origin": [-1, 3.5, 43], "size": [2, 1, 2], "uv": [92, 63]},
						{"origin": [-1, 5.5, 49], "size": [4, 1, 1], "pivot": [0, 6, 47], "rotation": [-90, 0, 90], "uv": [93, 64]},
						{"origin": [2, 5.5, 45], "size": [1, 1, 4], "pivot": [0, 6, 47], "rotation": [-90, 0, 90], "uv": [86, 61]},
						{"origin": [-1, 5.5, 44], "size": [4, 1, 1], "pivot": [0, 6, 47], "rotation": [-90, 0, 90], "uv": [93, 64]},
						{"origin": [-1, 5.5, 45], "size": [1, 1, 4], "pivot": [0, 6, 47], "rotation": [-90, 0, 90], "uv": [86, 61]},
						{"origin": [-2, 5.5, 46], "size": [1, 1, 2], "uv": [92, 63]},
						{"origin": [1, 5.5, 46], "size": [1, 1, 2], "uv": [93, 56]},
						{"origin": [-2, 5.5, 48], "size": [4, 1, 1], "uv": [93, 64]},
						{"origin": [-2, 5.5, 45], "size": [4, 1, 1], "uv": [93, 64]},
						{"origin": [-1, 5.5, 43], "size": [2, 1, 2], "uv": [92, 63]},
						{"origin": [-9.5, 4.5, -11], "size": [19, 3, 30], "uv": [63, 86]},
						{"origin": [-10.5, 4.5, -25], "size": [21, 3, 14], "uv": [188, 2]},
						{"origin": [-5.5, 7.5, -38], "size": [11, 9, 2], "uv": [0, 142]},
						{"origin": [-5.5, 4.5, -38], "size": [11, 3, 2], "uv": [48, 80]},
						{"origin": [5.5, 4.5, -31], "size": [4, 5, 6], "uv": [117, 144]},
						{"origin": [-9.5, 4.5, -31], "size": [4, 5, 6], "uv": [97, 143]},
						{"origin": [8.5, 11.74264, -2.82843], "size": [1, 1, 22], "uv": [24, 50]},
						{"origin": [8.5, 14.98528, -11.0006], "size": [1, 1, 5.34375], "uv": [82, 156]},
						{"origin": [8.5, 8.5, 22], "size": [1, 1, 8], "uv": [64, 153]},
						{"origin": [8.48828, 8.56066, 21.14645], "size": [1, 5, 1], "pivot": [9, 9.56066, 21.64645], "rotation": [45, 0, 0], "uv": [145, 119]},
						{"origin": [8.48828, 12.51041, -3.97487], "size": [1, 5, 1], "pivot": [9, 13.51041, -2.47487], "rotation": [45, 0, 0], "uv": [142, 65]},
						{"origin": [-5.5, 22.5, -11], "size": [11, 3, 8], "uv": [218, 20]},
						{"origin": [-5.5, 22.5, -3], "size": [11, 2, 6], "uv": [222, 32]},
						{"origin": [-3.5, 22.5, 23], "size": [7, 2, 7], "uv": [135, 141]},
						{"origin": [-3.5, 22.5, 31], "size": [7, 2, 7], "uv": [55, 19]},
						{"origin": [-2.5, 23.5, 16], "size": [5, 1, 5], "uv": [0, 65]},
						{"origin": [-1.5, 21.5, 17], "size": [3, 2, 3], "uv": [66, 45]},
						{"origin": [5.5, 19.5, 3], "size": [1, 3, 16], "uv": [48, 53]},
						{"origin": [-6.5, 19.5, 3], "size": [1, 3, 16], "uv": [48, 34]},
						{"origin": [-3.5, 22.5, 7], "size": [7, 2, 7], "uv": [0, 19]},
						{
							"origin": [5.5, 7.5, -12],
							"size": [5, 17, 1],
							"uv": {
								"north": {"uv": [35, 174], "uv_size": [5, 17]},
								"east": {"uv": [16, 174], "uv_size": [1, 17]},
								"south": {"uv": [2, 174], "uv_size": [5, 17]},
								"west": {"uv": [22, 174], "uv_size": [1, 17]},
								"up": {"uv": [17, 173], "uv_size": [5, 1]},
								"down": {"uv": [22, 174], "uv_size": [5, -1]}
							}
						},
						{
							"origin": [-10.5, 7.5, -12],
							"size": [5, 17, 1],
							"uv": {
								"north": {"uv": [27, 174], "uv_size": [5, 17]},
								"east": {"uv": [16, 174], "uv_size": [1, 17]},
								"south": {"uv": [17, 174], "uv_size": [5, 17]},
								"west": {"uv": [22, 174], "uv_size": [1, 17]},
								"up": {"uv": [17, 173], "uv_size": [5, 1]},
								"down": {"uv": [22, 174], "uv_size": [5, -1]}
							}
						},
						{"origin": [9.5, 22.5, -25], "size": [1, 2, 13], "uv": [63, 101]},
						{"origin": [9.5, 14.5, -14], "size": [1, 8, 2], "uv": [0, 106]},
						{"origin": [9.5, 14.5, -25], "size": [1, 8, 3], "uv": [44, 161]},
						{"origin": [-10.5, 14.5, -14], "size": [1, 8, 2], "uv": [0, 106], "mirror": true},
						{"origin": [-10.5, 14.5, -25], "size": [1, 8, 3], "uv": [44, 161], "mirror": true},
						{"origin": [-9.5, 22.5, -25], "size": [1, 2, 1], "uv": [44, 173], "mirror": true},
						{"origin": [8.5, 22.5, -25], "size": [1, 2, 1], "uv": [44, 173]},
						{"origin": [-10.5, 7.5, -25], "size": [21, 7, 1], "uv": [59, 217]},
						{"origin": [-5.5, 16.5, -25], "size": [1, 6, 1], "uv": [28, 34]},
						{"origin": [4.5, 16.5, -25], "size": [1, 6, 1], "uv": [28, 34]},
						{"origin": [-8.5, 22.5, -25], "size": [17, 2, 1], "uv": [0, 122]},
						{"origin": [-10.5, 24.5, -25], "size": [21, 1, 14], "uv": [7, 194]},
						{"origin": [-6.5, 25.5, -17], "size": [13, 2, 6], "uv": [134, 133]},
						{"origin": [-4.5, 25.5, -23], "size": [9, 2, 5], "uv": [75, 142]},
						{"origin": [-5.5, 22.5, -28], "size": [11, 3, 3], "uv": [131, 110]},
						{
							"origin": [5.5, 7.5, -11],
							"size": [2, 14, 7],
							"uv": {
								"north": {"uv": [30, 55], "uv_size": [2, 14]},
								"east": {"uv": [24, 55], "uv_size": [7, 14]},
								"south": {"uv": [29, 55], "uv_size": [2, 14]},
								"west": {"uv": [31, 55], "uv_size": [7, 14]},
								"up": {"uv": [22, 56], "uv_size": [2, 7]},
								"down": {"uv": [24, 63], "uv_size": [2, -7]}
							}
						},
						{
							"origin": [-7.5, 7.5, -11],
							"size": [2, 14, 7],
							"uv": {
								"north": {"uv": [31, 55], "uv_size": [-2, 14]},
								"east": {"uv": [38, 55], "uv_size": [-7, 14]},
								"south": {"uv": [31, 55], "uv_size": [-2, 14]},
								"west": {"uv": [29, 55], "uv_size": [-7, 14]},
								"up": {"uv": [24, 55], "uv_size": [-2, 7]},
								"down": {"uv": [28, 63], "uv_size": [-2, -7]}
							}
						},
						{"origin": [8.5, 4.5, 29], "size": [1, 4, 1], "uv": [29, 86]},
						{"origin": [8.5, 4.5, 22], "size": [1, 4, 1], "uv": [80, 64]},
						{"origin": [8.47656, 7.5, 15], "size": [1, 5, 1], "uv": [108, 133]},
						{"origin": [8.47656, 7.5, 6], "size": [1, 5, 1], "uv": [104, 133]},
						{"origin": [8.47656, 7.5, -3], "size": [1, 5, 1], "uv": [123, 55]},
						{"origin": [-6, 25.5, -19], "size": [1, 1, 1], "inflate": 0.2, "uv": [60, 46]},
						{"origin": [5, 25.5, -24], "size": [1, 1, 7], "uv": [28, 150]},
						{"origin": [-5, 25.5, -24], "size": [10, 1, 1], "uv": [24, 69]},
						{"origin": [-1.5, 16.5, -37], "size": [3, 1, 2], "uv": [0, 45]},
						{"origin": [-5.5, 14.5, -25], "size": [11, 2, 1], "uv": [123, 81]},
						{"origin": [-10.5, 22.5, -25], "size": [1, 2, 13], "uv": [63, 86]},
						{"origin": [-6, 25.5, -24], "size": [1, 1, 7], "uv": [69, 0]},
						{"origin": [-6, 25.5, -23], "size": [1, 1, 1], "inflate": 0.2, "uv": [3, 54]},
						{"origin": [5, 25.5, -19], "size": [1, 1, 1], "inflate": 0.2, "uv": [17, 51]},
						{"origin": [5, 25.5, -23], "size": [1, 1, 1], "inflate": 0.2, "uv": [11, 51]},
						{"origin": [-0.5, 25.5, -24], "size": [1, 1, 1], "inflate": 0.2, "uv": [17, 49]},
						{"origin": [-3.5, 22.5, 23], "size": [7, 1, 7], "inflate": 0.2, "uv": [142, 65]},
						{"origin": [-3.5, 22.5, 31], "size": [7, 1, 7], "inflate": 0.2, "uv": [54, 142]},
						{"origin": [-3.5, 22.5, 7], "size": [7, 1, 7], "inflate": 0.2, "uv": [26, 142]},
						{"origin": [-9.5, 4.5, 29], "size": [1, 4, 1], "uv": [76, 64]},
						{"origin": [-9.5, 4.5, 36], "size": [1, 4, 1], "uv": [76, 64]},
						{"origin": [-9.5, 8.5, 22], "size": [1, 1, 8], "uv": [0, 153]},
						{"origin": [-9.5, 4.5, 22], "size": [1, 4, 1], "uv": [0, 65]},
						{"origin": [-9.48828, 8.56066, 21.14645], "size": [1, 5, 1], "pivot": [-9, 9.56066, 21.64645], "rotation": [45, 0, 0], "uv": [88, 107]},
						{"origin": [-9.47656, 7.5, 15], "size": [1, 5, 1], "uv": [88, 101]},
						{"origin": [-9.47656, 7.5, 6], "size": [1, 5, 1], "uv": [89, 91]},
						{"origin": [-9.5, 11.74264, -2.82843], "size": [1, 1, 22], "uv": [0, 49]},
						{"origin": [-9.47656, 7.5, -3], "size": [1, 5, 1], "uv": [81, 71]},
						{"origin": [-9.48828, 12.51041, -3.97487], "size": [1, 5, 1], "pivot": [-9, 13.51041, -2.47487], "rotation": [45, 0, 0], "uv": [81, 14]},
						{"origin": [-9.5, 14.98528, -11.0006], "size": [1, 1, 5.34375], "uv": [46, 150]},
						{"origin": [8.47656, 9.5, -31], "size": [1, 3, 1], "uv": [8, 0]},
						{"origin": [8.46484, 12.56066, -30.14645], "size": [1, 5, 1], "pivot": [8.97656, 13.56066, -30.64645], "rotation": [-45, 0, 0], "uv": [81, 8]},
						{"origin": [8.57656, 15.03553, -27.46447], "size": [0.9, 1, 2.94375], "uv": [72, 10]},
						{"origin": [-9.47656, 15.03553, -27.46447], "size": [0.9, 1, 3.34375], "uv": [39, 64]},
						{"origin": [-9.46484, 12.56066, -30.14645], "size": [0.9, 5, 1], "pivot": [-8.97656, 13.56066, -30.64645], "rotation": [-45, 0, 0], "uv": [80, 53]},
						{"origin": [-9.47656, 9.5, -31], "size": [1, 3, 1], "uv": [0, 0]},
						{
							"origin": [-12.8, 22.5, -22],
							"size": [3, 1, 8],
							"pivot": [-9.8, 22.5, -18],
							"rotation": [0, 0, -45],
							"uv": {
								"north": {"uv": [20, 0], "uv_size": [3, 1]},
								"east": {"uv": [20, 0], "uv_size": [1, 8], "uv_rotation": 90},
								"south": {"uv": [20, 7], "uv_size": [3, 1]},
								"west": {"uv": [22, 0], "uv_size": [1, 8], "uv_rotation": 90},
								"up": {"uv": [20, 0], "uv_size": [3, 8]},
								"down": {"uv": [20, 8], "uv_size": [3, -8]}
							}
						},
						{"origin": [-10.5, 7.5, -24], "size": [1, 7, 12], "uv": [0, 0]},
						{
							"origin": [9.7, 22.5, -22],
							"size": [3, 1, 8],
							"pivot": [9.7, 22.5, -18],
							"rotation": [0, 0, 45],
							"uv": {
								"north": {"uv": [14, 0], "uv_size": [3, 1]},
								"east": {"uv": [14, 0], "uv_size": [1, 8], "uv_rotation": 90},
								"south": {"uv": [14, 7], "uv_size": [3, 1]},
								"west": {"uv": [16, 0], "uv_size": [1, 8], "uv_rotation": 90},
								"up": {"uv": [14, 0], "uv_size": [3, 8]},
								"down": {"uv": [14, 8], "uv_size": [3, -8]}
							}
						},
						{"origin": [-9.5, 8.5, -42], "size": [1, 1, 5], "uv": [0, 39]},
						{"origin": [-9.5, 4.5, -38], "size": [1, 4, 1], "uv": [62, 6]},
						{"origin": [-8.5, 8.5, -42], "size": [5, 1, 1], "uv": [14, 10]},
						{"origin": [8.5, 4.5, -42], "size": [1, 4, 1], "uv": [62, 0]},
						{"origin": [8.5, 8.5, -42], "size": [1, 1, 5], "uv": [0, 6]},
						{"origin": [-9.5, 4.5, -42], "size": [1, 4, 1], "uv": [55, 6]},
						{"origin": [-4.5, 4.5, -42], "size": [1, 4, 1], "uv": [55, 0]},
						{"origin": [3.5, 4.5, -42], "size": [1, 4, 1], "uv": [32, 49]},
						{"origin": [3.5, 8.5, -42], "size": [5, 1, 1], "uv": [14, 8]},
						{"origin": [-5.5, 7.5, -36], "size": [9, 9, 11], "uv": [0, 86]},
						{"origin": [-5.5, 4.5, -36], "size": [9, 3, 11], "uv": [0, 108]},
						{"origin": [3.5, 7.5, -32], "size": [2, 9, 7], "uv": [0, 49]},
						{"origin": [3.5, 4.5, -32], "size": [2, 3, 7], "uv": [56, 173]},
						{"origin": [3.5, 14.5, -36], "size": [2, 2, 4], "uv": [0, 0]},
						{"origin": [3, 4.75, -34.75], "size": [2, 9, 2], "inflate": 0.4, "uv": [48, 172]},
						{"origin": [3.5, 6.5, -36], "size": [1, 5, 1], "uv": [0, 19]},
						{"origin": [8.5, 8.5, 36], "size": [1, 1, 7], "uv": [48, 61]},
						{"origin": [-8.5, 8.5, 42], "size": [17, 1, 1], "uv": [220, 0]},
						{"origin": [8.5, 4.5, 42], "size": [1, 4, 1], "uv": [0, 39]},
						{"origin": [3.5, 4.5, 42], "size": [1, 4, 1], "uv": [0, 39]},
						{"origin": [-3.5, 4.5, 42], "size": [1, 4, 1], "uv": [0, 39]},
						{"origin": [8.5, 4.5, 36], "size": [1, 4, 1], "uv": [0, 39]},
						{"origin": [-9.5, 4.5, 42], "size": [1, 4, 1], "uv": [7, 6]},
						{"origin": [-9.5, 8.5, 36], "size": [1, 1, 7], "uv": [48, 53]},
						{"origin": [-3.5, 16.5, -30], "size": [1, 1, 3], "uv": [76, 35]},
						{"origin": [-9.5, 3.5, -42], "size": [19, 1, 85], "uv": [0, 0]},
						{"origin": [-8.5, 1.5, -43], "size": [2, 2, 1], "uv": [39, 49]},
						{"origin": [6.5, 1.5, -43], "size": [2, 2, 1], "uv": [39, 49]},
						{"origin": [7, 22.65, -16], "size": [0.5, 1.9, 0.5], "uv": [16, 76]}
					]
				},
				{
					"name": "bell",
					"parent": "train_base",
					"pivot": [7.3, 23, -15.8],
					"cubes": [
						{"origin": [6.75, 22.5, -16.25], "size": [1, 1, 1], "uv": [252, 68]},
						{"origin": [7, 23, -16], "size": [0.5, 1.95, 0.5], "uv": [16, 76]}
					]
				},
				{
					"name": "whistle",
					"parent": "train_base",
					"pivot": [1.275, 24.5, -21.775],
					"cubes": [
						{"origin": [4, 23.5, -22], "size": [0.5, 3, 0.5], "uv": [15, 74]},
						{"origin": [3.75, 22.5, -22.25], "size": [1, 1, 1], "uv": [252, 70]}
					]
				},
				{
					"name": "light",
					"parent": "train_base",
					"pivot": [0, 2.5, 0],
					"cubes": [
						{
							"origin": [6.5, 1.5, -43],
							"size": [2, 2, 1],
							"uv": {
								"north": {"uv": [22, 42], "uv_size": [2, 2]}
							}
						},
						{
							"origin": [-8.5, 1.5, -43],
							"size": [2, 2, 1],
							"uv": {
								"north": {"uv": [22, 42], "uv_size": [2, 2]}
							}
						},
						{
							"origin": [-4.50519, 23.47882, -28.08503],
							"size": [3, 2, 2],
							"uv": {
								"north": {"uv": [27, 45], "uv_size": [3, 2]}
							}
						},
						{
							"origin": [1.49481, 23.47882, -28.08503],
							"size": [3, 2, 2],
							"uv": {
								"north": {"uv": [27, 45], "uv_size": [3, 2]}
							}
						},
						{"origin": [-7.50519, 11.27882, -23.08503], "size": [1, 1.2, 2], "uv": [214, 75]}
					]
				},
				{
					"name": "window3",
					"parent": "train_base",
					"pivot": [7, -3.5, 0.5],
					"cubes": [
						{
							"origin": [-4.5, 16.5, -24.5],
							"size": [1, 6, 0.5],
							"uv": {
								"north": {"uv": [84, 198], "uv_size": [1, 6]},
								"east": {"uv": [84, 198], "uv_size": [1, 6]},
								"south": {"uv": [84, 198], "uv_size": [1, 5.9]},
								"west": {"uv": [84, 198], "uv_size": [1, 6]},
								"up": {"uv": [85, 199], "uv_size": [-1, -1]},
								"down": {"uv": [85, 204], "uv_size": [-1, -1]}
							}
						},
						{
							"origin": [-9.5, 14.5, -24.5],
							"size": [1, 8, 0.5],
							"uv": {
								"north": {"uv": [79, 198], "uv_size": [1, 8]},
								"east": {"uv": [79, 198], "uv_size": [1, 8]},
								"south": {"uv": [79, 198], "uv_size": [1, 7.9]},
								"west": {"uv": [79, 198], "uv_size": [1, 8]},
								"up": {"uv": [81, 199], "uv_size": [-1, -1]},
								"down": {"uv": [81, 206], "uv_size": [-1, -1]}
							}
						},
						{
							"origin": [-6.5, 14.5, -24.5],
							"size": [1, 8, 0.5],
							"uv": {
								"north": {"uv": [82, 198], "uv_size": [1, 8]},
								"east": {"uv": [82, 198], "uv_size": [1, 8]},
								"south": {"uv": [82, 198], "uv_size": [1, 7.9]},
								"west": {"uv": [82, 198], "uv_size": [1, 8]},
								"up": {"uv": [83, 199], "uv_size": [-1, -1]},
								"down": {"uv": [83, 206], "uv_size": [-1, -1]}
							}
						},
						{
							"origin": [5.5, 14.5, -24.5],
							"size": [1, 8, 0.5],
							"uv": {
								"north": {"uv": [94, 198], "uv_size": [1, 8]},
								"east": {"uv": [94, 198], "uv_size": [1, 8]},
								"south": {"uv": [94, 198], "uv_size": [1, 7.9]},
								"west": {"uv": [94, 198], "uv_size": [1, 8]},
								"up": {"uv": [95, 199], "uv_size": [-1, -1]},
								"down": {"uv": [95, 206], "uv_size": [-1, -1]}
							}
						},
						{
							"origin": [8.5, 14.5, -24.5],
							"size": [1, 8, 0.5],
							"uv": {
								"north": {"uv": [97, 198], "uv_size": [1, 8]},
								"east": {"uv": [97, 198], "uv_size": [1, 8]},
								"south": {"uv": [97, 198], "uv_size": [1, 7.9]},
								"west": {"uv": [97, 198], "uv_size": [1, 8]},
								"up": {"uv": [97, 199], "uv_size": [-1, -1]},
								"down": {"uv": [97, 206], "uv_size": [-1, -1]}
							}
						},
						{
							"origin": [3.5, 16.5, -24.5],
							"size": [1, 6, 0.5],
							"uv": {
								"north": {"uv": [92, 198], "uv_size": [1, 6]},
								"east": {"uv": [92, 198], "uv_size": [1, 6]},
								"south": {"uv": [92, 198], "uv_size": [1, 5.9]},
								"west": {"uv": [92, 198], "uv_size": [1, 6]},
								"up": {"uv": [93, 199], "uv_size": [-1, -1]},
								"down": {"uv": [93, 204], "uv_size": [-1, -1]}
							}
						},
						{
							"origin": [-8.5, 14.5, -24.5],
							"size": [2, 1, 0.5],
							"uv": {
								"north": {"uv": [80, 205], "uv_size": [2, 1]},
								"east": {"uv": [80, 205], "uv_size": [0, 1]},
								"south": {"uv": [80, 205], "uv_size": [2, 1]},
								"west": {"uv": [82, 205], "uv_size": [0, 1]},
								"up": {"uv": [80, 205], "uv_size": [2, 0]},
								"down": {"uv": [80, 205], "uv_size": [2, 0]}
							}
						},
						{
							"origin": [6.5, 14.5, -24.5],
							"size": [2, 1, 0.5],
							"uv": {
								"north": {"uv": [80, 205], "uv_size": [2, 1]},
								"east": {"uv": [80, 205], "uv_size": [0, 1]},
								"south": {"uv": [80, 205], "uv_size": [2, 1]},
								"west": {"uv": [82, 205], "uv_size": [0, 1]},
								"up": {"uv": [80, 205], "uv_size": [2, 0]},
								"down": {"uv": [80, 205], "uv_size": [2, 0]}
							}
						},
						{
							"origin": [6.5, 21.5, -24.5],
							"size": [2, 1, 0.5],
							"uv": {
								"north": {"uv": [80, 205], "uv_size": [2, 1]},
								"east": {"uv": [80, 205], "uv_size": [0, 1]},
								"south": {"uv": [80, 205], "uv_size": [2, 1]},
								"west": {"uv": [82, 205], "uv_size": [0, 1]},
								"up": {"uv": [80, 205], "uv_size": [2, 0]},
								"down": {"uv": [80, 205], "uv_size": [2, 0]}
							}
						},
						{
							"origin": [-3.5, 16.5, -24.5],
							"size": [2, 1, 0.5],
							"uv": {
								"north": {"uv": [80, 205], "uv_size": [2, 1]},
								"east": {"uv": [80, 205], "uv_size": [0, 1]},
								"south": {"uv": [80, 205], "uv_size": [2, 1]},
								"west": {"uv": [82, 205], "uv_size": [0, 1]},
								"up": {"uv": [80, 205], "uv_size": [2, 0]},
								"down": {"uv": [80, 205], "uv_size": [2, 0]}
							}
						},
						{
							"origin": [-3.5, 21.5, -24.5],
							"size": [2, 1, 0.5],
							"uv": {
								"north": {"uv": [80, 205], "uv_size": [2, 1]},
								"east": {"uv": [80, 205], "uv_size": [0, 1]},
								"south": {"uv": [80, 205], "uv_size": [2, 1]},
								"west": {"uv": [82, 205], "uv_size": [0, 1]},
								"up": {"uv": [80, 205], "uv_size": [2, 0]},
								"down": {"uv": [80, 205], "uv_size": [2, 0]}
							}
						},
						{
							"origin": [-8.5, 21.5, -24.5],
							"size": [2, 1, 0.5],
							"uv": {
								"north": {"uv": [80, 205], "uv_size": [2, 1]},
								"east": {"uv": [80, 205], "uv_size": [0, 1]},
								"south": {"uv": [80, 205], "uv_size": [2, 1]},
								"west": {"uv": [82, 205], "uv_size": [0, 1]},
								"up": {"uv": [80, 205], "uv_size": [2, 0]},
								"down": {"uv": [80, 205], "uv_size": [2, 0]}
							}
						},
						{
							"origin": [-1.5, 16.5, -24.5],
							"size": [5, 1, 0.5],
							"uv": {
								"north": {"uv": [87, 203], "uv_size": [5, 1]},
								"east": {"uv": [85, 203], "uv_size": [0, 1]},
								"south": {"uv": [87, 203], "uv_size": [5, 1]},
								"west": {"uv": [87, 203], "uv_size": [0, 1]},
								"up": {"uv": [84, 204], "uv_size": [5, 0]},
								"down": {"uv": [84, 204], "uv_size": [5, 0]}
							}
						},
						{
							"origin": [-1.5, 21.5, -24.5],
							"size": [5, 1, 0.5],
							"uv": {
								"north": {"uv": [84, 203], "uv_size": [5, 1]},
								"east": {"uv": [87, 203], "uv_size": [0, 1]},
								"south": {"uv": [84, 203], "uv_size": [5, 1]},
								"west": {"uv": [89, 203], "uv_size": [0, 1]},
								"up": {"uv": [84, 204], "uv_size": [5, 0]},
								"down": {"uv": [84, 204], "uv_size": [5, 0]}
							}
						}
					]
				},
				{
					"name": "window2",
					"parent": "train_base",
					"pivot": [-20, -9.5, 10],
					"cubes": [
						{
							"origin": [-10.5, 14.5, -22],
							"size": [0.5, 8, 1],
							"uv": {
								"north": {"uv": [55, 34], "uv_size": [1, 8]},
								"east": {"uv": [55, 34], "uv_size": [1, 8]},
								"south": {"uv": [55, 34], "uv_size": [1, 8]},
								"west": {"uv": [55, 34], "uv_size": [1, 8]},
								"up": {"uv": [56, 34], "uv_size": [-1, 1]},
								"down": {"uv": [56, 42], "uv_size": [-1, -1]}
							}
						},
						{
							"origin": [-10.5, 14.5, -15],
							"size": [0.5, 8, 1],
							"uv": {
								"north": {"uv": [48, 34], "uv_size": [1, 8]},
								"east": {"uv": [48, 34], "uv_size": [1, 8]},
								"south": {"uv": [48, 34], "uv_size": [1, 8]},
								"west": {"uv": [48, 34], "uv_size": [1, 8]},
								"up": {"uv": [49, 34], "uv_size": [-1, 1]},
								"down": {"uv": [49, 42], "uv_size": [-1, -1]}
							}
						},
						{
							"origin": [-10.5, 21.5, -21],
							"size": [0.5, 1, 6],
							"uv": {
								"north": {"uv": [48, 34], "uv_size": [1, 1]},
								"east": {"uv": [48, 34], "uv_size": [8, 1]},
								"south": {"uv": [55, 34], "uv_size": [1, 1]},
								"west": {"uv": [48, 34], "uv_size": [8, 1]},
								"up": {"uv": [56, 34], "uv_size": [-8, 1]},
								"down": {"uv": [56, 35], "uv_size": [-8, -1]}
							}
						},
						{
							"origin": [-10.5, 14.5, -21],
							"size": [0.5, 1, 6],
							"uv": {
								"north": {"uv": [48, 41], "uv_size": [1, 1]},
								"east": {"uv": [48, 41], "uv_size": [8, 1]},
								"south": {"uv": [55, 41], "uv_size": [1, 1]},
								"west": {"uv": [48, 41], "uv_size": [8, 1]},
								"up": {"uv": [56, 41], "uv_size": [-8, 1]},
								"down": {"uv": [56, 42], "uv_size": [-8, -1]}
							}
						},
						{
							"origin": [10, 21.5, -21],
							"size": [0.5, 1, 6],
							"uv": {
								"north": {"uv": [40, 34], "uv_size": [1, 1]},
								"east": {"uv": [40, 34], "uv_size": [8, 1]},
								"south": {"uv": [47, 34], "uv_size": [1, 1]},
								"west": {"uv": [40, 34], "uv_size": [8, 1]},
								"up": {"uv": [48, 34], "uv_size": [-8, 1]},
								"down": {"uv": [48, 35], "uv_size": [-8, -1]}
							}
						},
						{
							"origin": [10, 14.5, -21],
							"size": [0.5, 1, 6],
							"uv": {
								"north": {"uv": [40, 41], "uv_size": [1, 1]},
								"east": {"uv": [40, 41], "uv_size": [8, 1]},
								"south": {"uv": [47, 41], "uv_size": [1, 1]},
								"west": {"uv": [40, 41], "uv_size": [8, 1]},
								"up": {"uv": [48, 41], "uv_size": [-8, 1]},
								"down": {"uv": [48, 42], "uv_size": [-8, -1]}
							}
						},
						{
							"origin": [10, 14.5, -15],
							"size": [0.5, 8, 1],
							"uv": {
								"north": {"uv": [47, 34], "uv_size": [1, 8]},
								"east": {"uv": [47, 34], "uv_size": [1, 8]},
								"south": {"uv": [47, 34], "uv_size": [1, 8]},
								"west": {"uv": [47, 34], "uv_size": [1, 8]},
								"up": {"uv": [48, 34], "uv_size": [-1, 1]},
								"down": {"uv": [48, 42], "uv_size": [-1, -1]}
							}
						},
						{
							"origin": [10, 14.5, -22],
							"size": [0.5, 8, 1],
							"uv": {
								"north": {"uv": [40, 34], "uv_size": [1, 8]},
								"east": {"uv": [40, 34], "uv_size": [1, 8]},
								"south": {"uv": [40, 34], "uv_size": [1, 8]},
								"west": {"uv": [40, 34], "uv_size": [1, 8]},
								"up": {"uv": [41, 34], "uv_size": [-1, 1]},
								"down": {"uv": [41, 42], "uv_size": [-1, -1]}
							}
						}
					]
				},
				{
					"name": "window",
					"parent": "train_base",
					"pivot": [-0.5, -9.5, 10],
					"cubes": [
						{"origin": [3.8, 24, -22.3], "size": [1, 1, 1], "uv": [246, 70]},
						{"origin": [6.8, 24, -16.3], "size": [1, 1, 1], "uv": [246, 70]},
						{
							"origin": [-3.5, 6.5, -41.5],
							"size": [7, 3, 0],
							"uv": {
								"north": {"uv": [0, 34], "uv_size": [7, 3]}
							}
						},
						{
							"origin": [-16.5, 16.5, -47],
							"size": [1, 1, 3],
							"pivot": [-9, 18, -39.5],
							"rotation": [90, 0, -90],
							"uv": {
								"north": {"uv": [79, 22], "uv_size": [1, 1]},
								"south": {"uv": [79, 22], "uv_size": [1, 1]},
								"up": {"uv": [79, 19], "uv_size": [1, 3]}
							}
						},
						{
							"origin": [-10.5, 16.5, -47],
							"size": [1, 1, 3],
							"pivot": [-3, 18, -39.5],
							"rotation": [90, 0, -90],
							"uv": {
								"north": {"uv": [79, 22], "uv_size": [1, 1]},
								"south": {"uv": [79, 22], "uv_size": [1, 1]},
								"up": {"uv": [79, 19], "uv_size": [1, 3]}
							}
						},
						{
							"origin": [-5.5, 7.5, -24],
							"size": [10, 4, 4],
							"uv": {
								"north": {"uv": [232, 64], "uv_size": [10, 4]},
								"east": {"uv": [228, 64], "uv_size": [4, 4]},
								"south": {"uv": [246, 47], "uv_size": [10, 4]},
								"west": {"uv": [242, 64], "uv_size": [4, 4]},
								"up": {"uv": [232, 60], "uv_size": [10, 4]},
								"down": {"uv": [242, 64], "uv_size": [10, -4]}
							}
						},
						{
							"origin": [4.5, 7.5, -24],
							"size": [4, 4, 7],
							"uv": {
								"north": {"uv": [223, 64], "uv_size": [4, 4]},
								"east": {"uv": [249, 56], "uv_size": [7, 4]},
								"south": {"uv": [249, 51], "uv_size": [4, 4]},
								"west": {"uv": [227, 64], "uv_size": [7, 4]},
								"up": {"uv": [234, 61], "uv_size": [4, 7]},
								"down": {"uv": [227, 64], "uv_size": [4, -7]}
							}
						},
						{
							"origin": [5, 9.7, -22],
							"size": [3, 4.3, 4.9],
							"pivot": [6.2, 13, -21.1],
							"rotation": [-35, 0, 0],
							"uv": {
								"north": {"uv": [246, 62], "uv_size": [3, 4]},
								"east": {"uv": [252, 64], "uv_size": [4, 4]},
								"south": {"uv": [252, 64], "uv_size": [3, 4]},
								"west": {"uv": [252, 64], "uv_size": [4, 4]},
								"up": {"uv": [246, 62], "uv_size": [3, 4]},
								"down": {"uv": [246, 66], "uv_size": [3, -4]}
							}
						},
						{
							"origin": [-6.5, 9.5, -20],
							"size": [1, 2, 4],
							"uv": {
								"north": {"uv": [220, 65], "uv_size": [1, 2]},
								"east": {"uv": [252, 64], "uv_size": [4, 2]},
								"south": {"uv": [251, 66], "uv_size": [1, 2]},
								"west": {"uv": [252, 66], "uv_size": [4, 2]},
								"up": {"uv": [250, 64], "uv_size": [1, 4]},
								"down": {"uv": [221, 65], "uv_size": [1, -4]}
							}
						},
						{
							"origin": [-8.5, 9.5, -20],
							"size": [1, 2, 4],
							"uv": {
								"north": {"uv": [220, 65], "uv_size": [1, 2]},
								"east": {"uv": [252, 64], "uv_size": [4, 2]},
								"south": {"uv": [251, 66], "uv_size": [1, 2]},
								"west": {"uv": [252, 66], "uv_size": [4, 2]},
								"up": {"uv": [250, 64], "uv_size": [1, 4]},
								"down": {"uv": [221, 65], "uv_size": [1, -4]}
							}
						},
						{"origin": [-8.5, 7.5, -20], "size": [3, 2, 4], "uv": [233, 62]},
						{
							"origin": [-8.5, 7.5, -24],
							"size": [3, 5, 4],
							"uv": {
								"north": {"uv": [231, 63], "uv_size": [3, 5]},
								"east": {"uv": [227, 63], "uv_size": [4, 5]},
								"south": {"uv": [253, 55], "uv_size": [3, 5]},
								"west": {"uv": [234, 63], "uv_size": [4, 5]},
								"up": {"uv": [253, 51], "uv_size": [3, 4]},
								"down": {"uv": [234, 63], "uv_size": [3, -4]}
							}
						},
						{
							"origin": [-3.5, 8.5, -7],
							"size": [7, 7, 1],
							"uv": {
								"north": {"uv": [219, 21], "uv_size": [7, 7]},
								"east": {"uv": [210, 21], "uv_size": [1, 7]},
								"south": {"uv": [219, 21], "uv_size": [7, 7]},
								"west": {"uv": [218, 21], "uv_size": [1, 7]},
								"up": {"uv": [211, 20], "uv_size": [7, 1]},
								"down": {"uv": [218, 21], "uv_size": [7, -1]}
							}
						},
						{
							"origin": [-3.5, 7.5, -14],
							"size": [7, 1, 7],
							"uv": {
								"north": {"uv": [211, 20], "uv_size": [7, 1]},
								"east": {"uv": [211, 20], "uv_size": [7, 1]},
								"south": {"uv": [219, 20], "uv_size": [7, 1]},
								"west": {"uv": [211, 20], "uv_size": [7, 1]},
								"up": {"uv": [219, 21], "uv_size": [7, 7]},
								"down": {"uv": [219, 28], "uv_size": [7, -7]}
							}
						},
						{
							"origin": [-37.5, 50.5, -37],
							"size": [1, 1, 3],
							"pivot": [-3, -19, -30.5],
							"rotation": [-90, 0, 90],
							"uv": {
								"north": {"uv": [79, 37], "uv_size": [1, 1]},
								"south": {"uv": [83, 37], "uv_size": [1, 1]},
								"up": {"uv": [79, 34], "uv_size": [1, 3]}
							}
						},
						{
							"origin": [-37.5, 47.5, -37],
							"size": [1, 1, 3],
							"pivot": [-3, -22, -30.5],
							"rotation": [-90, 0, 90],
							"uv": {
								"north": {"uv": [79, 37], "uv_size": [1, 1]},
								"south": {"uv": [83, 37], "uv_size": [1, 1]},
								"up": {"uv": [79, 34], "uv_size": [1, 3]}
							}
						},
						{
							"origin": [-37.5, 44.5, -37],
							"size": [1, 1, 3],
							"pivot": [-3, -25, -30.5],
							"rotation": [-90, 0, 90],
							"uv": {
								"north": {"uv": [79, 37], "uv_size": [1, 1]},
								"south": {"uv": [83, 37], "uv_size": [1, 1]},
								"up": {"uv": [79, 34], "uv_size": [1, 3]}
							}
						},
						{
							"origin": [-37.5, 41.5, -37],
							"size": [1, 1, 3],
							"pivot": [-3, -28, -30.5],
							"rotation": [-90, 0, 90],
							"uv": {
								"north": {"uv": [79, 37], "uv_size": [1, 1]},
								"south": {"uv": [83, 37], "uv_size": [1, 1]},
								"up": {"uv": [79, 34], "uv_size": [1, 3]}
							}
						},
						{
							"origin": [-3.5, 17.5, -24.5],
							"size": [7, 4, 0],
							"uv": {
								"north": {"uv": [85, 199], "uv_size": [7, 4]}
							}
						},
						{
							"origin": [6.5, 15.5, -24.5],
							"size": [2, 6, 0],
							"uv": {
								"north": {"uv": [80, 199], "uv_size": [2, 6]}
							}
						},
						{
							"origin": [-8.5, 15.5, -24.5],
							"size": [2, 6, 0],
							"uv": {
								"north": {"uv": [80, 199], "uv_size": [2, 6]}
							}
						},
						{
							"origin": [10.5, 15.5, -21],
							"size": [0, 6, 6],
							"uv": {
								"east": {"uv": [41, 35], "uv_size": [6, 6]}
							}
						},
						{
							"origin": [-10.5, 15.5, -21],
							"size": [0, 6, 6],
							"uv": {
								"east": {"uv": [41, 35], "uv_size": [6, 6]}
							}
						}
					]
				},
				{
					"name": "dial_case",
					"parent": "window",
					"pivot": [1, 12.5, -23.1],
					"rotation": [-35, 0, 0],
					"cubes": [
						{
							"origin": [-5.5, 11.2, -24.9],
							"size": [10, 2.3, 4.9],
							"uv": {
								"north": {"uv": [230, 66], "uv_size": [10, 2]},
								"east": {"uv": [226, 66], "uv_size": [4, 2]},
								"south": {"uv": [244, 66], "uv_size": [10, 2]},
								"west": {"uv": [240, 66], "uv_size": [4, 2]},
								"up": {"uv": [246, 43], "uv_size": [10, 4]},
								"down": {"uv": [240, 66], "uv_size": [10, -4]}
							}
						},
						{"origin": [-5.5, 13.5, -25.1], "size": [10, 1, 1], "uv": [234, 72]},
						{"origin": [-5.5, 13.5, -21.1], "size": [10, 1, 1], "uv": [234, 72]},
						{"origin": [3.5, 13.5, -24.1], "size": [1, 1, 3], "uv": [248, 73]},
						{"origin": [-5.5, 13.5, -24.1], "size": [1, 1, 3], "uv": [248, 73]}
					]
				},
				{
					"name": "dial",
					"parent": "dial_case",
					"pivot": [-0.5, 14, -10.8],
					"rotation": [0, -15, 0],
					"cubes": [
						{
							"origin": [-1, 14, -23.3],
							"size": [1, 0, 2.25],
							"uv": {
								"up": {"uv": [243, 69], "uv_size": [1, 2]}
							}
						}
					]
				},
				{
					"name": "lights",
					"parent": "window",
					"pivot": [7.4, 12.8, -19.9],
					"rotation": [-35, 0, 0],
					"cubes": [
						{
							"origin": [6, 12.5, -20.2],
							"size": [1, 1.5, 2],
							"uv": {
								"north": {"uv": [249, 64], "uv_size": [1, 3]},
								"east": {"uv": [249, 64], "uv_size": [1, 3]},
								"south": {"uv": [249, 64], "uv_size": [1, 3]},
								"west": {"uv": [249, 64], "uv_size": [1, 3]},
								"up": {"uv": [249, 63], "uv_size": [1, 1]},
								"down": {"uv": [249, 64], "uv_size": [1, -1]}
							}
						}
					]
				},
				{
					"name": "speed",
					"parent": "window",
					"pivot": [-7, 9.5, -17.5],
					"rotation": [-60, 0, 0],
					"cubes": [
						{
							"origin": [-7.5, 8.5, -18],
							"size": [1, 6, 1],
							"uv": {
								"north": {"uv": [249, 63], "uv_size": [1, 5]},
								"east": {"uv": [249, 63], "uv_size": [1, 5]},
								"south": {"uv": [249, 63], "uv_size": [1, 5]},
								"west": {"uv": [249, 63], "uv_size": [1, 5]},
								"up": {"uv": [249, 62], "uv_size": [1, 1]},
								"down": {"uv": [249, 63], "uv_size": [1, -1]}
							}
						}
					]
				},
				{
					"name": "wheels3",
					"parent": "train",
					"pivot": [0, 0.07488, 11],
					"cubes": [
						{"origin": [-8.47265, -2.87048, 9.23744], "size": [2, 2, 3], "pivot": [-7.47265, 0.37952, 10.73744], "rotation": [-135, 0, 0], "uv": [140, 161]},
						{"origin": [-8.47265, -3.3956, 9.23744], "size": [2, 2, 3], "pivot": [-7.47265, -0.1456, 10.73744], "rotation": [-45, 0, 0], "uv": [160, 161]},
						{"origin": [-8.50781, -3.13304, 9.12868], "size": [2, 2, 3], "pivot": [-7.50781, 0.11696, 10.62868], "rotation": [-90, 0, 0], "uv": [150, 161]},
						{"origin": [-8.50781, -3.50436, 9.5], "size": [2, 2, 3], "uv": [0, 162]},
						{"origin": [-8.47265, 1.1044, 9.76256], "size": [2, 2, 3], "pivot": [-7.47265, -0.1456, 11.26256], "rotation": [-135, 0, 0], "uv": [162, 37]},
						{"origin": [-8.50781, 1.36696, 9.87132], "size": [2, 2, 3], "pivot": [-7.50781, 0.11696, 11.37132], "rotation": [-90, 0, 0], "uv": [62, 162]},
						{"origin": [-8.47265, 1.62952, 9.76256], "size": [2, 2, 3], "pivot": [-7.47265, 0.37952, 11.26256], "rotation": [-45, 0, 0], "uv": [72, 162]},
						{"origin": [-8.50781, 1.73828, 9.5], "size": [2, 2, 3], "uv": [82, 162]},
						{"origin": [-8.25781, -2.26172, 9], "size": [1.5, 4, 4], "uv": [78, 101]},
						{"origin": [6.46875, 1.62952, 9.76256], "size": [2, 2, 3], "pivot": [7.46875, 0.37952, 11.26256], "rotation": [-45, 0, 0], "uv": [92, 162]},
						{"origin": [6.51172, 1.36696, 9.87132], "size": [2, 2, 3], "pivot": [7.51172, 0.11696, 11.37132], "rotation": [-90, 0, 0], "uv": [102, 162]},
						{"origin": [6.46875, 1.1044, 9.76256], "size": [2, 2, 3], "pivot": [7.46875, -0.1456, 11.26256], "rotation": [-135, 0, 0], "uv": [163, 62]},
						{"origin": [6.75781, -2.26172, 9], "size": [1.5, 4, 4], "uv": [123, 65]},
						{"origin": [6.51172, -3.50436, 9.5], "size": [2, 2, 3], "uv": [163, 67]},
						{"origin": [6.46875, -3.3956, 9.23744], "size": [2, 2, 3], "pivot": [7.46875, -0.1456, 10.73744], "rotation": [-45, 0, 0], "uv": [163, 97]},
						{"origin": [6.46875, -2.87048, 9.23744], "size": [2, 2, 3], "pivot": [7.46875, 0.37952, 10.73744], "rotation": [-135, 0, 0], "uv": [163, 145]},
						{"origin": [6.51172, 1.73828, 9.5], "size": [2, 2, 3], "uv": [164, 0]},
						{"origin": [6.51172, -3.13304, 9.12868], "size": [2, 2, 3], "pivot": [7.51172, 0.11696, 10.62868], "rotation": [-90, 0, 0], "uv": [112, 163]}
					]
				},
				{
					"name": "wheels4",
					"parent": "train",
					"pivot": [0, 0.07488, 24],
					"cubes": [
						{"origin": [-8.47265, 1.73828, 22.5], "size": [2, 2, 3], "pivot": [0.03321, 0.11696, 24], "rotation": [-135, 0, 0], "uv": [159, 110]},
						{"origin": [-8.25781, -2.26172, 22], "size": [1.5, 4, 4], "uv": [63, 101]},
						{"origin": [-8.50781, -3.50436, 22.5], "size": [2, 2, 3], "uv": [52, 161]},
						{"origin": [-8.47265, -3.50436, 22.5], "size": [2, 2, 3], "pivot": [0.03321, 0.11696, 24], "rotation": [-45, 0, 0], "uv": [161, 115]},
						{"origin": [-8.47265, -3.50436, 22.5], "size": [2, 2, 3], "pivot": [0.03321, 0.11696, 24], "rotation": [-135, 0, 0], "uv": [130, 161]},
						{"origin": [-8.50781, -3.50436, 22.5], "size": [2, 2, 3], "pivot": [0.00195, 0.11696, 24], "rotation": [-90, 0, 0], "uv": [161, 120]},
						{"origin": [-8.50781, 1.73828, 22.5], "size": [2, 2, 3], "uv": [74, 156]},
						{"origin": [-8.47265, 1.73828, 22.5], "size": [2, 2, 3], "pivot": [0.03321, 0.11696, 24], "rotation": [-45, 0, 0], "uv": [159, 45]},
						{"origin": [-8.50781, 1.73828, 22.5], "size": [2, 2, 3], "pivot": [0.00195, 0.11696, 24], "rotation": [-90, 0, 0], "uv": [159, 55]},
						{"origin": [6.51172, -3.50436, 22.5], "size": [2, 2, 3], "pivot": [0.00195, 0.11696, 24], "rotation": [-90, 0, 0], "uv": [63, 109]},
						{"origin": [6.46875, -3.50436, 22.5], "size": [2, 2, 3], "pivot": [-0.03711, 0.11696, 24], "rotation": [-135, 0, 0], "uv": [29, 92]},
						{"origin": [6.46875, 1.73828, 22.5], "size": [2, 2, 3], "pivot": [-0.03711, 0.11696, 24], "rotation": [-45, 0, 0], "uv": [10, 153]},
						{"origin": [6.51172, 1.73828, 22.5], "size": [2, 2, 3], "uv": [66, 64]},
						{"origin": [6.46875, 1.73828, 22.5], "size": [2, 2, 3], "pivot": [-0.03711, 0.11696, 24], "rotation": [-135, 0, 0], "uv": [142, 73]},
						{"origin": [6.51172, 1.73828, 22.5], "size": [2, 2, 3], "pivot": [0.00195, 0.11696, 24], "rotation": [-90, 0, 0], "uv": [131, 143]},
						{"origin": [6.51172, -3.50436, 22.5], "size": [2, 2, 3], "uv": [123, 73]},
						{"origin": [6.46875, -3.50436, 22.5], "size": [2, 2, 3], "pivot": [-0.03711, 0.11696, 24], "rotation": [-45, 0, 0], "uv": [78, 109]},
						{"origin": [6.75781, -2.26172, 22], "size": [1.5, 4, 4], "uv": [0, 86]}
					]
				}
			]
		}
	]
}