{
	"format_version": "1.12.0",
	"minecraft:geometry": [
		{
			"description": {
				"identifier": "geometry.lb_ta_gpls",
				"texture_width": 64,
				"texture_height": 64,
				"visible_bounds_width": 2,
				"visible_bounds_height": 2.5,
				"visible_bounds_offset": [0, 0.75, 0]
			},
			"bones": [
				{
					"name": "body",
					"pivot": [0, 0, 0],
					"cubes": [
						{"origin": [-4, 0, -4], "size": [2, 2, 8], "uv": [0, 19]},
						{"origin": [-6, 3, -2], "size": [12, 7, 4], "uv": [0, 0]},
						{"origin": [-5, 10, -2], "size": [7, 4, 4], "uv": [0, 11]},
						{"origin": [-3, 10, -3], "size": [3, 3, 1], "uv": [20, 21]},
						{"origin": [-3, 10, -2], "size": [3, 3, 1], "inflate": 0.5, "uv": [26, 15]},
						{"origin": [-5, 5, -2], "size": [3, 3, 1], "inflate": 0.5, "uv": [26, 15]},
						{"origin": [2, 5, -2], "size": [3, 3, 1], "inflate": 0.5, "uv": [26, 15]},
						{"origin": [-5, 5, -3], "size": [3, 3, 1], "uv": [12, 21]},
						{"origin": [2, 5, -3], "size": [3, 3, 1], "uv": [0, 19]},
						{"origin": [2, 0, -4], "size": [2, 2, 8], "uv": [14, 11]},
						{"origin": [-4, 2, -1], "size": [2, 2, 2], "uv": [0, 23]},
						{"origin": [2, 2, -1], "size": [2, 2, 2], "uv": [20, 25]}
					]
				},
				{
					"name": "lights",
					"parent": "body",
					"pivot": [0, 4, -5.03906]
				},
				{
					"name": "red",
					"parent": "lights",
					"pivot": [-3.5, 6.5, -2.03906],
					"cubes": [
						{"origin": [-5, 5, -2.03906], "size": [3, 3, 0], "uv": [28, 24]}
					]
				},
				{
					"name": "white",
					"parent": "lights",
					"pivot": [-1.5, 11.5, -3.03906],
					"cubes": [
						{"origin": [-3, 10, -3.03906], "size": [3, 3, 0], "uv": [28, 21]}
					]
				},
				{
					"name": "white_2",
					"parent": "lights",
					"pivot": [3.5, 6.5, -3.03906],
					"cubes": [
						{"origin": [2, 5, -3.03906], "size": [3, 3, 0], "uv": [28, 21]}
					]
				},
				{
					"name": "red_2",
					"parent": "lights",
					"pivot": [3.5, 6.5, -2.03906],
					"cubes": [
						{"origin": [2, 5, -2.03906], "size": [3, 3, 0], "uv": [28, 24]}
					]
				}
			]
		}
	]
}