{
	"format_version": "1.21.0",
	"minecraft:geometry": [
		{
			"description": {
				"identifier": "geometry.lb_ta_handcar",
				"texture_width": 256,
				"texture_height": 256,
				"visible_bounds_width": 5,
				"visible_bounds_height": 3.5,
				"visible_bounds_offset": [0, 1.25, 0]
			},
			"bones": [
				{
					"name": "train",
					"pivot": [1.25859, 9.39153, 0.48075],
					"cubes": [
						{"origin": [-1, 5.5, 24], "size": [2, 1, 2], "uv": [10, 8]},
						{"origin": [-2, 5.5, 26], "size": [4, 1, 1], "uv": [80, 18]},
						{"origin": [-2, 5.5, 29], "size": [4, 1, 1], "uv": [58, 70]},
						{"origin": [1, 5.5, 27], "size": [1, 1, 2], "uv": [50, 22]},
						{"origin": [-2, 5.5, 27], "size": [1, 1, 2], "uv": [50, 8]},
						{"origin": [-1, 3.5, 25], "size": [2, 1, 1], "uv": [33, 3]},
						{"origin": [-2, 3.5, 26], "size": [4, 1, 1], "uv": [66, 23]},
						{"origin": [-2, 3.5, 29], "size": [4, 1, 1], "uv": [66, 0]},
						{"origin": [1, 3.5, 27], "size": [1, 1, 2], "uv": [33, 6]},
						{"origin": [-2, 3.5, 27], "size": [1, 1, 2], "uv": [33, 0]},
						{"origin": [-1, 2.5, 29], "size": [1, 1, 4], "pivot": [0, 6, 31], "rotation": [-90, 0, 90], "uv": [86, 38]},
						{"origin": [-1, 2.5, 28], "size": [4, 1, 1], "pivot": [0, 6, 31], "rotation": [-90, 0, 90], "uv": [38, 54]},
						{"origin": [2, 2.5, 29], "size": [1, 1, 4], "pivot": [0, 6, 31], "rotation": [-90, 0, 90], "uv": [31, 86]},
						{"origin": [-1, 2.5, 33], "size": [4, 1, 1], "pivot": [0, 6, 31], "rotation": [-90, 0, 90], "uv": [41, 22]},
						{"origin": [-4.5, 5.5, -5.25], "size": [3.75, 1, 1], "uv": [0, 22]},
						{"origin": [6.5, -0.5, -5], "size": [2, 5, 2], "uv": [8, 81]},
						{"origin": [6.5, 2.25, -0.5], "size": [6, 1, 1], "uv": [26, 12]},
						{"origin": [11.5, 3.25, -0.5], "size": [1, 9, 1], "uv": [12, 25]},
						{"origin": [10.5, 12.25, -1.5], "size": [3, 1, 3], "uv": [78, 78]},
						{"origin": [11.5, 4.25, -0.5], "size": [1, 5, 1], "inflate": 0.1, "uv": [0, 8]},
						{"origin": [7, 1.5, -5], "size": [1, 1, 5], "pivot": [7.5, 2, -2], "rotation": [22.5, 0, 0], "uv": [26, 6]},
						{"origin": [7, 1.5, 0], "size": [1, 1, 5], "pivot": [7.5, 2, 2], "rotation": [-22.5, 0, 0], "uv": [26, 0]},
						{"origin": [6.5, -0.5, 3], "size": [2, 5, 2], "uv": [16, 81]}
					]
				},
				{
					"name": "main",
					"parent": "train",
					"pivot": [0.00039, -3.49063, 0.11488],
					"cubes": [
						{"origin": [-11.5, 7.5, -26], "size": [7, 1, 52], "uv": [116, 0]},
						{"origin": [4.5, 7.5, -26], "size": [7, 1, 52], "uv": [0, 115]},
						{"origin": [-4.5, 7.5, 9], "size": [9, 1, 17], "uv": [0, 57]},
						{"origin": [-5.5, 5.5, -28], "size": [1, 1, 56], "uv": [58, 58]},
						{"origin": [-4.48047, 7.5, -10], "size": [1, 15, 2], "pivot": [-3.48047, 8.5, -9.5], "rotation": [-15, 0, 0], "uv": [41, 25]},
						{"origin": [3.47656, 7.5, -10], "size": [1, 15, 2], "pivot": [-3.52344, 8.5, -9.5], "rotation": [-15, 0, 0], "uv": [35, 25]},
						{"origin": [3.47656, 7.5, 8], "size": [1, 15, 2], "pivot": [-3.52344, 8.5, 9.5], "rotation": [15, 0, 0], "uv": [6, 25]},
						{"origin": [-4.48047, 7.5, 8], "size": [1, 15, 2], "pivot": [-3.48047, 8.5, 9.5], "rotation": [15, 0, 0], "uv": [0, 25]},
						{"origin": [-3.5, 17, -9.5], "size": [7, 1, 1], "pivot": [-3.5, 8.5, -9.5], "rotation": [-15, 0, 0], "uv": [36, 52]},
						{"origin": [-3.5, 8, -9.5], "size": [7, 4, 1], "pivot": [-3.5, 8.5, -9.5], "rotation": [-15, 0, 0], "uv": [35, 57]},
						{"origin": [-3.5, 17, 8.5], "size": [7, 1, 1], "pivot": [-3.5, 8.5, 9.5], "rotation": [15, 0, 0], "uv": [26, 21]},
						{"origin": [-3.5, 8, 8.5], "size": [7, 4, 1], "pivot": [-3.5, 8.5, 9.5], "rotation": [15, 0, 0], "uv": [0, 57]},
						{"origin": [-4.5, 20.5, -7], "size": [1, 2, 14], "uv": [58, 58]},
						{"origin": [3.5, 20.5, -7], "size": [1, 2, 14], "uv": [26, 0]},
						{"origin": [-5.5, 8.5, -10], "size": [1, 3, 20], "uv": [58, 0]},
						{"origin": [3.5, 22.5, -2], "size": [1, 1, 4], "uv": [85, 83]},
						{"origin": [-4.5, 22.5, -2], "size": [1, 1, 4], "uv": [82, 67]},
						{"origin": [-5, 23, -0.5], "size": [10, 1, 1], "uv": [0, 6]},
						{
							"origin": [4.25, 21, -3],
							"size": [2, 1, 6],
							"uv": {
								"north": {"uv": [6, 21], "uv_size": [2, 1]},
								"east": {"uv": [0, 21], "uv_size": [6, 1]},
								"south": {"uv": [14, 21], "uv_size": [2, 1]},
								"west": {"uv": [8, 21], "uv_size": [6, 1]},
								"up": {"uv": [8, 21], "uv_size": [6, 1], "uv_rotation": 90},
								"down": {"uv": [14, 21], "uv_size": [-6, 1], "uv_rotation": 90}
							}
						},
						{
							"origin": [-6.25, 21, -3],
							"size": [2, 1, 6],
							"uv": {
								"north": {"uv": [6, 14], "uv_size": [2, 1]},
								"east": {"uv": [0, 14], "uv_size": [6, 1]},
								"south": {"uv": [14, 14], "uv_size": [2, 1]},
								"west": {"uv": [8, 14], "uv_size": [6, 1]},
								"up": {"uv": [0, 14], "uv_size": [6, 1], "uv_rotation": 90},
								"down": {"uv": [6, 14], "uv_size": [-6, 1], "uv_rotation": 90}
							}
						},
						{"origin": [-4.5, 7.5, -26], "size": [9, 1, 17], "uv": [0, 25]},
						{"origin": [-11.5, 6.5, -25], "size": [23, 1, 2], "inflate": 0.2, "uv": [0, 49]},
						{"origin": [-11.5, 6.5, 23], "size": [23, 1, 2], "inflate": 0.2, "uv": [0, 46]},
						{"origin": [4.5, 5.5, -28], "size": [1, 1, 56], "uv": [58, 1]},
						{"origin": [-12.5, 6.5, 2.75], "size": [25, 1, 2], "uv": [0, 43]},
						{"origin": [-11.5, 5.5, -28], "size": [1, 1, 56], "uv": [0, 57]},
						{"origin": [-11.5, 8.5, -26], "size": [1, 1, 52], "uv": [66, 116]},
						{"origin": [10.5, 8.5, -26], "size": [1, 1, 52], "uv": [116, 58]},
						{"origin": [-3.5, 2.5, 23], "size": [7, 4, 2], "uv": [0, 0]},
						{"origin": [-6.5, 12.5, 17], "size": [13, 1, 7], "uv": [58, 46]},
						{"origin": [-5.5, 11.5, -18], "size": [11, 1, 1], "pivot": [0, 12, -20.5], "rotation": [180, 0, 0], "uv": [58, 107]},
						{"origin": [-5.5, 8.5, -24], "size": [11, 1, 1], "uv": [58, 107]},
						{"origin": [5.5, 8.5, -18], "size": [1, 4, 1], "uv": [88, 66]},
						{"origin": [-5.5, 8.5, -18], "size": [11, 1, 1], "uv": [58, 107]},
						{"origin": [5.5, 8.5, -24], "size": [1, 4, 1], "uv": [88, 66]},
						{"origin": [-5.5, 11.5, -24], "size": [11, 1, 1], "pivot": [0, 12, -20.5], "rotation": [180, 0, 0], "uv": [58, 107]},
						{"origin": [-6.5, 8.5, -18], "size": [1, 4, 1], "uv": [88, 66]},
						{"origin": [-6.5, 8.5, -24], "size": [1, 4, 1], "uv": [88, 66]},
						{"origin": [-6.5, 12.5, -24], "size": [13, 1, 7], "uv": [58, 46]},
						{"origin": [-6.5, 8.5, 17], "size": [1, 4, 1], "uv": [88, 66]},
						{"origin": [5.5, 8.5, 17], "size": [1, 4, 1], "uv": [88, 66]},
						{"origin": [-6.5, 8.5, 23], "size": [1, 4, 1], "uv": [88, 66]},
						{"origin": [5.5, 8.5, 23], "size": [1, 4, 1], "uv": [88, 66]},
						{"origin": [-5.5, 8.5, 23], "size": [11, 1, 1], "uv": [58, 107]},
						{"origin": [-5.5, 8.5, 17], "size": [11, 1, 1], "uv": [58, 107]},
						{"origin": [-5.5, 11.5, 23], "size": [11, 1, 1], "pivot": [0, 12, 20.5], "rotation": [180, 0, 0], "uv": [58, 107]},
						{"origin": [-5.5, 11.5, 17], "size": [11, 1, 1], "pivot": [0, 12, 20.5], "rotation": [180, 0, 0], "uv": [58, 107]},
						{"origin": [10.5, 5.5, -28], "size": [1, 1, 56], "uv": [0, 0]},
						{"origin": [4.5, 8.5, -10], "size": [1, 3, 20], "uv": [58, 23]}
					]
				},
				{
					"name": "handle",
					"parent": "main",
					"pivot": [0, 23.50223, 0.01674],
					"cubes": [
						{"origin": [-1.5, 23, -13], "size": [1, 1, 2], "uv": [12, 18]},
						{"origin": [-7.5, 23, -14], "size": [15, 1, 1], "uv": [58, 54]},
						{"origin": [0.5, 23, -13], "size": [1, 1, 2], "uv": [18, 3]},
						{"origin": [-0.5, 23, -12], "size": [1, 1, 24], "uv": [0, 0]},
						{"origin": [-7.5, 23, 13], "size": [15, 1, 1], "uv": [74, 58]},
						{"origin": [-1.5, 23, 11], "size": [1, 1, 2], "uv": [18, 0]},
						{"origin": [0.5, 23, 11], "size": [1, 1, 2], "uv": [10, 11]},
						{"origin": [-0.5, 23, -0.5], "size": [1, 1, 1], "inflate": 0.3, "uv": [14, 15]},
						{"origin": [-0.5, 23, 4.5], "size": [1, 1, 1], "inflate": 0.3, "uv": [14, 11]},
						{"origin": [-0.5, 19, 4.5], "size": [1, 4, 1], "uv": [10, 15]}
					]
				},
				{
					"name": "hand",
					"parent": "handle",
					"pivot": [0.02344, 18.99554, 5.47749],
					"cubes": [
						{"origin": [-0.47656, 4.89848, 3.44327], "size": [1, 14.75, 1], "pivot": [0, 17.64848, 3.94327], "rotation": [-36.75, 0, 0], "uv": [19, 8]},
						{"origin": [-0.47656, 2.89848, 3.44327], "size": [1, 4.75, 1], "inflate": 0.2, "pivot": [0, 17.64848, 3.94327], "rotation": [-36.75, 0, 0], "uv": [0, 15]}
					]
				},
				{
					"name": "wheels1",
					"parent": "train",
					"pivot": [-0.00192, 1.32532, -10.5],
					"cubes": [
						{"origin": [-8.5, 0.16016, -11.5], "size": [17, 2, 2], "uv": [58, 74]},
						{"origin": [7.01953, -2.49384, -11], "size": [1, 7.654, 1], "uv": [88, 29]},
						{"origin": [7, -2.49384, -11], "size": [1, 7.654, 1], "pivot": [7, 1.33316, -10.5], "rotation": [-135, 0, 0], "uv": [15, 88]},
						{"origin": [7, -2.49384, -11], "size": [1, 7.654, 1], "pivot": [7, 1.33316, -10.5], "rotation": [-45, 0, 0], "uv": [11, 88]},
						{"origin": [6.494, -3.16827, -12.82843], "size": [2, 2, 4], "pivot": [7.49609, 1.33173, -10.82843], "rotation": [-90, 0, 0], "uv": [80, 23]},
						{"origin": [6.47838, -3.4005, -12.73224], "size": [2, 2, 4], "pivot": [7.47838, 1.0995, -10.73224], "rotation": [-45, 0, 0], "uv": [80, 12]},
						{"origin": [6.494, -3.4967, -12.5], "size": [2, 2, 4], "uv": [80, 6]},
						{"origin": [6.47838, 3.5995, -12.26778], "size": [2, 2, 4], "pivot": [7.47838, 1.0995, -10.26778], "rotation": [-135, 0, 0], "uv": [80, 0]},
						{"origin": [6.494, 3.83173, -12.17157], "size": [2, 2, 4], "pivot": [7.49609, 1.33173, -10.17157], "rotation": [-90, 0, 0], "uv": [70, 78]},
						{"origin": [6.47838, 4.06396, -12.26778], "size": [2, 2, 4], "pivot": [7.47838, 1.56396, -10.26778], "rotation": [-45, 0, 0], "uv": [58, 78]},
						{"origin": [6.494, 4.16016, -12.5], "size": [2, 2, 4], "uv": [44, 77]},
						{"origin": [6.47838, -2.93604, -12.73224], "size": [2, 2, 4], "pivot": [7.47838, 1.56396, -10.73224], "rotation": [-135, 0, 0], "uv": [36, 75]},
						{"origin": [-8, -2.49384, -11], "size": [1, 7.654, 1], "pivot": [-7, 1.33316, -10.5], "rotation": [-45, 0, 0], "uv": [7, 88]},
						{"origin": [-8.48437, -3.40051, -12.73223], "size": [2, 2, 4], "pivot": [-7.48437, 1.09949, -10.73223], "rotation": [-45, 0, 0], "uv": [24, 75]},
						{"origin": [-8.01953, -2.49384, -11], "size": [1, 7.654, 1], "uv": [82, 87]},
						{"origin": [7.01953, -2.49384, -11], "size": [1, 7.654, 1], "pivot": [0, 1.33316, -10.5], "rotation": [90, 0, 0], "uv": [88, 29]},
						{"origin": [-8.01953, -2.49384, -11], "size": [1, 7.654, 1], "pivot": [0, 1.33316, -10.5], "rotation": [90, 0, 0], "uv": [82, 87]},
						{"origin": [-8, -2.49384, -11], "size": [1, 7.654, 1], "pivot": [-7, 1.33316, -10.5], "rotation": [-135, 0, 0], "uv": [78, 87]},
						{"origin": [-8.48437, 3.59949, -12.26777], "size": [2, 2, 4], "pivot": [-7.48437, 1.09949, -10.26777], "rotation": [-135, 0, 0], "uv": [12, 75]},
						{"origin": [-8.5, -3.4967, -12.5], "size": [2, 2, 4], "uv": [0, 75]},
						{"origin": [-8.5, -3.16827, -12.82843], "size": [2, 2, 4], "pivot": [-7.5, 1.33173, -10.82843], "rotation": [-90, 0, 0], "uv": [74, 65]},
						{"origin": [-8.48437, -2.93605, -12.73223], "size": [2, 2, 4], "pivot": [-7.48437, 1.56395, -10.73223], "rotation": [-135, 0, 0], "uv": [35, 68]},
						{"origin": [-8.5, 4.16016, -12.5], "size": [2, 2, 4], "uv": [0, 68]},
						{"origin": [-8.48437, 4.06395, -12.26777], "size": [2, 2, 4], "pivot": [-7.48437, 1.56395, -10.26777], "rotation": [-45, 0, 0], "uv": [66, 37]},
						{"origin": [-8.5, 3.83173, -12.17157], "size": [2, 2, 4], "pivot": [-7.5, 1.33173, -10.17157], "rotation": [-90, 0, 0], "uv": [66, 31]}
					]
				},
				{
					"name": "cog2",
					"parent": "wheels1",
					"pivot": [-1.50879, 1.24564, -10.5],
					"cubes": [
						{"origin": [-2.51562, -1.75, -11.75], "size": [2, 6, 2.5], "uv": [0, 81]},
						{"origin": [-2.50781, -1.75, -11.75], "size": [2, 6, 2.5], "pivot": [-1.50781, 1.24564, -10.5], "rotation": [-90, 0, 0], "uv": [80, 29]},
						{"origin": [-2.5, -1.75, -11.75], "size": [2, 6, 2.5], "pivot": [-1.50781, 1.24564, -10.5], "rotation": [-135, 0, 0], "uv": [47, 25]},
						{"origin": [-2.51172, -1.75, -11.75], "size": [2, 6, 2.5], "pivot": [-1.50781, 1.24564, -10.5], "rotation": [-45, 0, 0], "uv": [47, 33]}
					]
				},
				{
					"name": "wheels2",
					"parent": "train",
					"pivot": [-0.00192, 1.32532, 10.5],
					"cubes": [
						{"origin": [-8.5, 0.16016, 9.5], "size": [17, 2, 2], "uv": [0, 52]},
						{"origin": [7.01953, -2.49384, 10], "size": [1, 7.654, 1], "uv": [51, 83]},
						{"origin": [7, -2.49384, 10], "size": [1, 7.654, 1], "pivot": [7, 1.33316, 10.5], "rotation": [135, 0, 0], "uv": [52, 70]},
						{"origin": [7, -2.49384, 10], "size": [1, 7.654, 1], "pivot": [7, 1.33316, 10.5], "rotation": [45, 0, 0], "uv": [12, 62]},
						{"origin": [6.494, -3.16827, 8.82843], "size": [2, 2, 4], "pivot": [7.49609, 1.33173, 10.82843], "rotation": [90, 0, 0], "uv": [66, 25]},
						{"origin": [6.47838, -3.4005, 8.73222], "size": [2, 2, 4], "pivot": [7.47838, 1.0995, 10.73222], "rotation": [45, 0, 0], "uv": [66, 14]},
						{"origin": [6.494, -3.4967, 8.5], "size": [2, 2, 4], "uv": [66, 8]},
						{"origin": [6.47838, 3.5995, 8.26776], "size": [2, 2, 4], "pivot": [7.47838, 1.0995, 10.26776], "rotation": [135, 0, 0], "uv": [66, 2]},
						{"origin": [6.494, 3.83173, 8.17157], "size": [2, 2, 4], "pivot": [7.49609, 1.33173, 10.17157], "rotation": [90, 0, 0], "uv": [58, 64]},
						{"origin": [6.47838, 4.06396, 8.26776], "size": [2, 2, 4], "pivot": [7.47838, 1.56396, 10.26776], "rotation": [45, 0, 0], "uv": [43, 64]},
						{"origin": [6.494, 4.16016, 8.5], "size": [2, 2, 4], "uv": [35, 62]},
						{"origin": [6.47838, -2.93604, 8.73222], "size": [2, 2, 4], "pivot": [7.47838, 1.56396, 10.73222], "rotation": [135, 0, 0], "uv": [0, 62]},
						{"origin": [-8, -2.49384, 10], "size": [1, 7.654, 1], "pivot": [-7, 1.33316, 10.5], "rotation": [45, 0, 0], "uv": [51, 57]},
						{"origin": [-8.48437, -3.40051, 8.73223], "size": [2, 2, 4], "pivot": [-7.48437, 1.09949, 10.73223], "rotation": [45, 0, 0], "uv": [58, 58]},
						{"origin": [-8.01953, -2.49384, 10], "size": [1, 7.654, 1], "uv": [52, 46]},
						{"origin": [-8.01953, -2.49384, 10], "size": [1, 7.654, 1], "pivot": [0, 1.33316, 10.5], "rotation": [90, 0, 0], "uv": [52, 46]},
						{"origin": [7.01953, -2.49384, 10], "size": [1, 7.654, 1], "pivot": [0, 1.33316, 10.5], "rotation": [90, 0, 0], "uv": [51, 83]},
						{"origin": [-8, -2.49384, 10], "size": [1, 7.654, 1], "pivot": [-7, 1.33316, 10.5], "rotation": [135, 0, 0], "uv": [52, 0]},
						{"origin": [-8.48437, 3.59949, 8.26777], "size": [2, 2, 4], "pivot": [-7.48437, 1.09949, 10.26777], "rotation": [135, 0, 0], "uv": [58, 35]},
						{"origin": [-8.5, -3.4967, 8.5], "size": [2, 2, 4], "uv": [58, 29]},
						{"origin": [-8.5, -3.16827, 8.82843], "size": [2, 2, 4], "pivot": [-7.5, 1.33173, 10.82843], "rotation": [90, 0, 0], "uv": [58, 23]},
						{"origin": [-8.48437, -2.93605, 8.73223], "size": [2, 2, 4], "pivot": [-7.48437, 1.56395, 10.73223], "rotation": [135, 0, 0], "uv": [58, 12]},
						{"origin": [-8.5, 4.16016, 8.5], "size": [2, 2, 4], "uv": [58, 6]},
						{"origin": [-8.48437, 4.06395, 8.26777], "size": [2, 2, 4], "pivot": [-7.48437, 1.56395, 10.26777], "rotation": [45, 0, 0], "uv": [58, 0]},
						{"origin": [-8.5, 3.83173, 8.17157], "size": [2, 2, 4], "pivot": [-7.5, 1.33173, 10.17157], "rotation": [90, 0, 0], "uv": [42, 8]}
					]
				},
				{
					"name": "cog1",
					"parent": "train",
					"pivot": [-1.50608, 5.82488, -4.75],
					"cubes": [
						{"origin": [-2.50781, 7.48828, -6.25], "size": [1.75, 2, 3], "uv": [21, 86]},
						{"origin": [-2.50391, 7.37952, -5.98744], "size": [1.75, 2, 3], "pivot": [-1.50391, 6.12952, -4.48744], "rotation": [-45, 0, 0], "uv": [68, 84]},
						{"origin": [-2.25781, 3.48828, -6.75], "size": [1.25, 4, 4], "uv": [42, 0]},
						{"origin": [-2.50781, 7.11696, -5.87868], "size": [1.75, 2, 3], "pivot": [-1.50781, 5.86696, -4.37868], "rotation": [-90, 0, 0], "uv": [58, 84]},
						{"origin": [-2.50391, 6.8544, -5.98744], "size": [1.75, 2, 3], "pivot": [-1.50391, 5.6044, -4.48744], "rotation": [-135, 0, 0], "uv": [41, 83]},
						{"origin": [-2.50781, 2.24564, -6.25], "size": [1.75, 2, 3], "uv": [79, 82]},
						{"origin": [-2.50391, 2.3544, -6.51256], "size": [1.75, 2, 3], "pivot": [-1.50391, 5.6044, -5.01256], "rotation": [-45, 0, 0], "uv": [34, 81]},
						{"origin": [-2.50781, 2.61696, -6.62132], "size": [1.75, 2, 3], "pivot": [-1.50781, 5.86696, -5.12132], "rotation": [-90, 0, 0], "uv": [24, 81]},
						{"origin": [-2.50391, 2.87952, -6.51256], "size": [1.75, 2, 3], "pivot": [-1.50391, 6.12952, -5.01256], "rotation": [-135, 0, 0], "uv": [80, 37]}
					]
				}
			]
		}
	]
}