{
	"format_version": "1.12.0",
	"minecraft:geometry": [
		{
			"description": {
				"identifier": "geometry.lb_ta.book",
				"texture_width": 768,
				"texture_height": 512,
				"visible_bounds_width": 5,
				"visible_bounds_height": 5,
				"visible_bounds_offset": [0, 1.5, 0]
			},
			"bones": [
				{
					"name": "bone",
					"pivot": [0, 7, 1],
					"rotation": [45, 0, 0]
				},
				{
					"name": "left",
					"parent": "bone",
					"pivot": [0, 11, 13],
					"rotation": [0, 0, -22.5],
					"cubes": [
						{
							"origin": [0, 7, 1],
							"size": [24, 4, 24],
							"uv": {
								"north": {"uv": [48, 52], "uv_size": [24, 4]},
								"east": {"uv": [24, 52], "uv_size": [24, 4]},
								"south": {"uv": [72, 52], "uv_size": [24, 4]},
								"west": {"uv": [72, 52], "uv_size": [24, 4]},
								"up": {"uv": [384, 128], "uv_size": [384, 384]},
								"down": {"uv": [40, 52], "uv_size": [24, -24]}
							}
						}
					]
				},
				{
					"name": "pg2",
					"parent": "left",
					"pivot": [0, 11, 13],
					"rotation": [0, 0, 10],
					"cubes": [
						{"origin": [0, 11, 1], "size": [24, 0, 24], "pivot": [0, 0, 0], "rotation": [0, 0, -2.5], "uv": [48, 0]}
					]
				},
				{
					"name": "right",
					"parent": "bone",
					"pivot": [0, 11, 13],
					"rotation": [0, 0, 22.5],
					"cubes": [
						{
							"origin": [-24, 7, 1],
							"size": [24, 4, 24],
							"uv": {
								"north": {"uv": [25, 24], "uv_size": [24, 4]},
								"east": {"uv": [1, 24], "uv_size": [24, 4]},
								"south": {"uv": [24, 52], "uv_size": [24, 4]},
								"west": {"uv": [48, 52], "uv_size": [24, 4]},
								"up": {"uv": [0, 128], "uv_size": [384, 384]},
								"down": {"uv": [40, 24], "uv_size": [24, -24]}
							}
						}
					]
				},
				{
					"name": "pg1",
					"parent": "right",
					"pivot": [0, 11, 13],
					"rotation": [0, 0, -7.5],
					"cubes": [
						{"origin": [-24, 11, 1], "size": [24, 0, 24], "uv": [48, 28], "mirror": true}
					]
				},
				{
					"name": "bookmark2",
					"parent": "bone",
					"pivot": [0.08558, 10.86542, -0.3],
					"cubes": [
						{
							"origin": [-19.0288, 13.44321, -5],
							"size": [6, 0, 6],
							"pivot": [-12.11442, 12.96542, -2],
							"rotation": [180, 180, -157.5],
							"uv": {
								"down": {"uv": [350, 75], "uv_size": [77, -75]}
							}
						}
					]
				},
				{
					"name": "bookmark",
					"parent": "bone",
					"pivot": [0, 11, 0],
					"cubes": [
						{
							"origin": [4.9712, 15.04321, -5],
							"size": [6, 0, 6],
							"pivot": [11.88558, 14.56542, -2],
							"rotation": [180, 180, 157.5],
							"uv": {
								"down": {"uv": [190, 75], "uv_size": [77, -75]}
							}
						},
						{
							"origin": [10.9712, 16.44321, -5],
							"size": [6, 0, 6],
							"pivot": [17.88558, 15.96542, -2],
							"rotation": [180, 180, 157.5],
							"uv": {
								"down": {"uv": [270, 75], "uv_size": [77, -75]}
							}
						}
					]
				}
			]
		}
	]
}