{
	"format_version": "1.12.0",
	"minecraft:geometry": [
		{
			"description": {
				"identifier": "geometry.lb_ta_lights_2",
				"texture_width": 64,
				"texture_height": 64,
				"visible_bounds_width": 3,
				"visible_bounds_height": 7,
				"visible_bounds_offset": [0, 1.5, 0]
			},
			"bones": [
				{
					"name": "body",
					"pivot": [0, 0, 0],
					"cubes": [
						{"origin": [-1, 2, -1], "size": [2, 59, 2], "uv": [0, 0]},
						{"origin": [-3, 48, -2], "size": [6, 1, 1], "uv": [14, 29]},
						{"origin": [-3, 41, -2], "size": [6, 1, 1], "uv": [14, 29]},
						{"origin": [-3, 27, -2], "size": [6, 1, 1], "uv": [14, 29]},
						{"origin": [-3, 34, -2], "size": [6, 1, 1], "uv": [14, 29]},
						{"origin": [-3, 13, -2], "size": [6, 1, 1], "uv": [14, 29]},
						{"origin": [-3, 20, -2], "size": [6, 1, 1], "uv": [14, 29]},
						{"origin": [-5, 0, -5], "size": [10, 2, 10], "uv": [8, 0]},
						{"origin": [-8, 31, -1], "size": [7, 2, 2], "uv": [26, 25]},
						{"origin": [-8, 33, -1], "size": [2, 11, 2], "uv": [8, 29]},
						{"origin": [-9, 42, 0], "size": [4, 1, 2], "uv": [16, 35]},
						{"origin": [-2, 59, 0], "size": [4, 1, 2], "uv": [16, 35]}
					]
				},
				{
					"name": "top_light",
					"parent": "body",
					"pivot": [0.5, 57, -3],
					"cubes": [
						{"origin": [-4.5, 51, -2], "size": [7, 15, 2], "pivot": [-0.5, 55, -1], "rotation": [0, 180, 0], "uv": [8, 12]},
						{"origin": [-0.5, 61, -3.5], "size": [3, 3, 1], "pivot": [0.5, 65, -2.5], "rotation": [0, 180, 0], "uv": [8, 4]},
						{"origin": [-0.5, 57, -3.5], "size": [3, 3, 1], "pivot": [0.5, 61, -2.5], "rotation": [0, 180, 0], "uv": [38, 4]},
						{"origin": [-0.5, 53, -3.5], "size": [3, 3, 1], "pivot": [0.5, 57, -2.5], "rotation": [0, 180, 0], "uv": [8, 0]}
					]
				},
				{
					"name": "red_top",
					"parent": "top_light",
					"pivot": [0, 54.5, -3.02734],
					"cubes": [
						{"origin": [-0.5, 53, -4.52734], "size": [3, 3, 0], "pivot": [0.5, 57, -3.52734], "rotation": [0, 180, 0], "uv": [36, 38]}
					]
				},
				{
					"name": "yellow_top",
					"parent": "top_light",
					"pivot": [0, 58.5, -2.02734],
					"cubes": [
						{"origin": [-0.5, 57, -4.02734], "size": [3, 3, 0], "pivot": [0.5, 61, -3.02734], "rotation": [0, 180, 0], "uv": [40, 35]}
					]
				},
				{
					"name": "green_top",
					"parent": "top_light",
					"pivot": [0, 62.5, -2.02734],
					"cubes": [
						{"origin": [-0.5, 61, -4.02734], "size": [3, 3, 0], "pivot": [0.5, 65, -3.02734], "rotation": [0, 180, 0], "uv": [24, 41]}
					]
				},
				{
					"name": "bot_light",
					"parent": "body",
					"pivot": [-6.5, 39, -3],
					"cubes": [
						{"origin": [-11.5, 37, -2], "size": [7, 11, 2], "pivot": [-7.5, 37, -1], "rotation": [0, 180, 0], "uv": [26, 12]},
						{"origin": [-7.5, 43, -3.5], "size": [3, 3, 1], "pivot": [-6.5, 47, -2.5], "rotation": [0, 180, 0], "uv": [8, 4]},
						{"origin": [-7.5, 39, -3.5], "size": [3, 3, 1], "pivot": [-6.5, 43, -2.5], "rotation": [0, 180, 0], "uv": [8, 0]}
					]
				},
				{
					"name": "red_bot",
					"parent": "bot_light",
					"pivot": [-7, 40.5, -2.02734],
					"cubes": [
						{"origin": [-7.5, 39, -4.02734], "size": [3, 3, 0], "pivot": [-6.5, 43, -3.02734], "rotation": [0, 180, 0], "uv": [39, 38]}
					]
				},
				{
					"name": "green_bot",
					"parent": "bot_light",
					"pivot": [-7, 44.5, -3.02734],
					"cubes": [
						{"origin": [-7.5, 43, -4.52734], "size": [3, 3, 0], "pivot": [-6.5, 47, -3.52734], "rotation": [0, 180, 0], "uv": [27, 41]}
					]
				}
			]
		}
	]
}