{
	"format_version": "1.12.0",
	"minecraft:geometry": [
		{
			"description": {
				"identifier": "geometry.lb_ta_lights_3",
				"texture_width": 64,
				"texture_height": 64,
				"visible_bounds_width": 2,
				"visible_bounds_height": 4.5,
				"visible_bounds_offset": [0, 1.75, 0]
			},
			"bones": [
				{
					"name": "body",
					"pivot": [0, 0, 0],
					"cubes": [
						{"origin": [-1, 2, -1], "size": [2, 42, 2], "uv": [0, 12]},
						{"origin": [-3, 33, -2], "size": [6, 1, 4], "uv": [22, 25]},
						{"origin": [1, 34, -2], "size": [1, 1, 3], "uv": [0, 4]},
						{"origin": [-2, 34, -2], "size": [1, 1, 3], "uv": [0, 0]},
						{"origin": [-1, 34, -2], "size": [2, 1, 1], "uv": [0, 8]},
						{"origin": [-2, 40, 0], "size": [4, 1, 2], "uv": [26, 22]},
						{"origin": [-3, 25, -2], "size": [6, 3, 1], "uv": [26, 12]},
						{"origin": [-5, 0, -5], "size": [10, 2, 10], "uv": [0, 0]}
					]
				},
				{
					"name": "top_light",
					"parent": "body",
					"pivot": [0.5, 41, -3],
					"cubes": [
						{"origin": [-4.5, 35, -2], "size": [7, 15, 2], "pivot": [-0.5, 39, -1], "rotation": [0, 180, 0], "uv": [8, 12]},
						{"origin": [-3.5, 40, -4], "size": [5, 1, 2], "pivot": [-0.5, 37, -3], "rotation": [0, 180, 0], "uv": [26, 19]},
						{"origin": [-3.5, 45, -4], "size": [5, 1, 2], "pivot": [-0.5, 42, -3], "rotation": [0, 180, 0], "uv": [26, 16]},
						{"origin": [-0.5, 42, -3.5], "size": [3, 3, 1], "pivot": [0.5, 46, -2.5], "rotation": [0, 180, 0], "uv": [30, 0]},
						{"origin": [-0.5, 37, -3.5], "size": [3, 3, 1], "pivot": [0.5, 41, -2.5], "rotation": [0, 180, 0], "uv": [8, 29]}
					]
				},
				{
					"name": "red_top",
					"parent": "top_light",
					"pivot": [0, 38.5, -2.52734],
					"cubes": [
						{"origin": [-0.5, 37, -4.52734], "size": [3, 3, 0], "pivot": [0.5, 41, -3.52734], "rotation": [0, 180, 0], "uv": [30, 4]}
					]
				},
				{
					"name": "green_top",
					"parent": "top_light",
					"pivot": [0, 43.5, -1.52734],
					"cubes": [
						{"origin": [-0.5, 42, -3.52734], "size": [3, 3, 0], "pivot": [0.5, 46, -2.52734], "rotation": [0, 180, 0], "uv": [16, 29]}
					]
				}
			]
		}
	]
}