{
	"format_version": "1.12.0",
	"minecraft:geometry": [
		{
			"description": {
				"identifier": "geometry.lb_ta_lights_1",
				"texture_width": 64,
				"texture_height": 64,
				"visible_bounds_width": 2,
				"visible_bounds_height": 4.5,
				"visible_bounds_offset": [0, 1.75, 0]
			},
			"bones": [
				{
					"name": "body",
					"pivot": [0, 0, 0],
					"cubes": [
						{"origin": [-1, 2, -1], "size": [2, 49, 2], "uv": [0, 0]},
						{"origin": [-2, 25, -1], "size": [4, 1, 3], "uv": [8, 22]},
						{"origin": [-2, 34, -1], "size": [4, 1, 3], "uv": [8, 22]},
						{"origin": [-2, 43, -1], "size": [4, 1, 3], "uv": [8, 22]},
						{"origin": [-1, 50, -1], "size": [2, 2, 2], "inflate": 0.5, "uv": [8, 0]},
						{"origin": [-0.5, 52, -0.5], "size": [1, 3, 1], "uv": [14, 4]},
						{"origin": [-5, 0, -5], "size": [10, 2, 10], "uv": [8, 0]},
						{"origin": [0.5, 43.5, -1.5], "size": [2, 2, 1], "pivot": [0, 43, -1.5], "rotation": [0, 180, 0], "uv": [28, 22]},
						{"origin": [-2.5, 43.5, -1.5], "size": [2, 2, 1], "pivot": [0, 43, -1.5], "rotation": [0, 180, 0], "uv": [8, 7]},
						{"origin": [-1, 40.5, -1.5], "size": [2, 2, 1], "pivot": [0, 43, -1.5], "rotation": [0, 180, 0], "uv": [8, 4]},
						{"origin": [0.5, 34.5, -1.5], "size": [2, 2, 1], "pivot": [0, 34, -1.5], "rotation": [0, 180, 0], "uv": [28, 22]},
						{"origin": [-2.5, 34.5, -1.5], "size": [2, 2, 1], "pivot": [0, 34, -1.5], "rotation": [0, 180, 0], "uv": [8, 7]},
						{"origin": [-1, 31.5, -1.5], "size": [2, 2, 1], "pivot": [0, 34, -1.5], "rotation": [0, 180, 0], "uv": [8, 4]},
						{"origin": [0.5, 25.5, -1.5], "size": [2, 2, 1], "pivot": [0, 25, -1.5], "rotation": [0, 180, 0], "uv": [28, 22]},
						{"origin": [-2.5, 25.5, -1.5], "size": [2, 2, 1], "pivot": [0, 25, -1.5], "rotation": [0, 180, 0], "uv": [8, 7]},
						{"origin": [0.5, 22.5, -1.5], "size": [2, 2, 1], "pivot": [1.5, 25, -1.5], "rotation": [0, 180, 0], "uv": [8, 4]},
						{"origin": [-2.5, 22.5, -1.5], "size": [2, 2, 1], "pivot": [-1.5, 25, -1.5], "rotation": [0, 180, 0], "uv": [28, 19]},
						{"origin": [-4, 39, -2], "size": [8, 8, 2], "pivot": [0, 43, -1], "rotation": [0, 180, 0], "uv": [8, 12]},
						{"origin": [-4, 30, -2], "size": [8, 8, 2], "pivot": [0, 34, -1], "rotation": [0, 180, 0], "uv": [8, 12]},
						{"origin": [-4, 21, -2], "size": [8, 8, 2], "pivot": [0, 25, -1], "rotation": [0, 180, 0], "uv": [8, 12]}
					]
				},
				{
					"name": "top_lights",
					"parent": "body",
					"pivot": [0, 0, 0]
				},
				{
					"name": "red_top",
					"parent": "top_lights",
					"pivot": [-1.5, 44.5, -2.52344],
					"cubes": [
						{"origin": [0.5, 43.5, -4.52344], "size": [2, 2, 0], "pivot": [0, 43, -3.52344], "rotation": [0, 180, 0], "uv": [6, 0]}
					]
				},
				{
					"name": "yellow_top",
					"parent": "top_lights",
					"pivot": [1.5, 44.5, -1.52344],
					"cubes": [
						{"origin": [-2.5, 43.5, -3.52344], "size": [2, 2, 0], "pivot": [0, 43, -2.52344], "rotation": [0, 180, 0], "uv": [14, 0]}
					]
				},
				{
					"name": "green_top",
					"parent": "top_lights",
					"pivot": [0, 41.5, -1.52344],
					"cubes": [
						{"origin": [-1, 40.5, -3.52344], "size": [2, 2, 0], "pivot": [0, 43, -2.52344], "rotation": [0, 180, 0], "uv": [14, 8]}
					]
				},
				{
					"name": "mid_lights",
					"parent": "body",
					"pivot": [0, 34, -0.5]
				},
				{
					"name": "red_mid",
					"parent": "mid_lights",
					"pivot": [-1.5, 35.5, -2.52344],
					"cubes": [
						{"origin": [0.5, 34.5, -4.52344], "size": [2, 2, 0], "pivot": [0, 34, -3.52344], "rotation": [0, 180, 0], "uv": [6, 0]}
					]
				},
				{
					"name": "yellow_mid",
					"parent": "mid_lights",
					"pivot": [1.5, 35.5, -1.52344],
					"cubes": [
						{"origin": [-2.5, 34.5, -3.52344], "size": [2, 2, 0], "pivot": [0, 34, -2.52344], "rotation": [0, 180, 0], "uv": [14, 0]}
					]
				},
				{
					"name": "green_mid",
					"parent": "mid_lights",
					"pivot": [0, 32.5, -1.52344],
					"cubes": [
						{"origin": [-1, 31.5, -3.52344], "size": [2, 2, 0], "pivot": [0, 34, -2.52344], "rotation": [0, 180, 0], "uv": [14, 8]}
					]
				},
				{
					"name": "bottom_lights",
					"parent": "body",
					"pivot": [0, 25, -0.5]
				},
				{
					"name": "red_bot",
					"parent": "bottom_lights",
					"pivot": [-1.5, 26.5, -2.52344],
					"cubes": [
						{"origin": [0.5, 25.5, -4.52344], "size": [2, 2, 0], "pivot": [0, 25, -3.52344], "rotation": [0, 180, 0], "uv": [6, 0]}
					]
				},
				{
					"name": "yellow_bot",
					"parent": "bottom_lights",
					"pivot": [1.5, 26.5, -1.52344],
					"cubes": [
						{"origin": [-2.5, 25.5, -3.52344], "size": [2, 2, 0], "pivot": [0, 25, -2.52344], "rotation": [0, 180, 0], "uv": [14, 0]}
					]
				},
				{
					"name": "green_bot",
					"parent": "bottom_lights",
					"pivot": [1.5, 23.5, -1.52344],
					"cubes": [
						{"origin": [0.5, 22.5, -3.52344], "size": [2, 2, 0], "pivot": [1.5, 25, -2.52344], "rotation": [0, 180, 0], "uv": [14, 8]}
					]
				},
				{
					"name": "white",
					"parent": "bottom_lights",
					"pivot": [-1.5, 23.5, -1.52344],
					"cubes": [
						{"origin": [-2.5, 22.5, -3.52344], "size": [2, 2, 0], "pivot": [-1.5, 25, -2.52344], "rotation": [0, 180, 0], "uv": [19, 22]}
					]
				}
			]
		}
	]
}