{
	"format_version": "1.12.0",
	"minecraft:geometry": [
		{
			"description": {
				"identifier": "geometry.lb_ta_liquid",
				"texture_width": 512,
				"texture_height": 512,
				"visible_bounds_width": 6,
				"visible_bounds_height": 4,
				"visible_bounds_offset": [0, 1, 0]
			},
			"bones": [
				{
					"name": "train",
					"pivot": [0, 8, 0],
					"cubes": [
						{"origin": [8.5, -1, -29], "size": [1, 3, 8], "uv": [38, 35]},
						{"origin": [8.5, -4, -13], "size": [1, 3, 4], "uv": [56, 10]},
						{"origin": [8.5, -4, -26], "size": [1, 3, 4], "uv": [55, 0]},
						{"origin": [8.5, -1, -14], "size": [1, 3, 8], "uv": [28, 38]},
						{"origin": [-8.5, -3, -21], "size": [17, 5, 7], "uv": [0, 12]},
						{"origin": [-6.5, -2, -29], "size": [13, 4, 58], "uv": [8, 147]},
						{"origin": [8.5, -3, -21], "size": [1, 5, 1], "uv": [64, 30]},
						{"origin": [8.5, -3, -15], "size": [1, 5, 1], "uv": [64, 18]},
						{"origin": [8.5, 1, -20], "size": [1, 1, 5], "uv": [48, 20]},
						{"origin": [-9.5, -4, -26], "size": [1, 3, 4], "uv": [54, 54]},
						{"origin": [-9.5, -1, -29], "size": [1, 3, 8], "uv": [38, 24]},
						{"origin": [-9.5, -4, -13], "size": [1, 3, 4], "uv": [54, 31]},
						{"origin": [-9.5, -1, -14], "size": [1, 3, 8], "uv": [18, 35]},
						{"origin": [-9.5, -3, -15], "size": [1, 5, 1], "uv": [62, 47]},
						{"origin": [-9.5, 1, -20], "size": [1, 1, 5], "uv": [48, 14]},
						{"origin": [-9.5, -3, -21], "size": [1, 5, 1], "uv": [42, 25]},
						{"origin": [-9.5, -3, -20], "size": [1, 2, 5], "uv": [41, 12]},
						{"origin": [-9.5, -1, -19], "size": [1, 2, 3], "uv": [0, 35]},
						{"origin": [8.5, -3, -20], "size": [1, 2, 5], "uv": [41, 0]},
						{"origin": [8.5, -1, -19], "size": [1, 2, 3], "uv": [28, 24]},
						{"origin": [8.5, -1, 6], "size": [1, 3, 8], "uv": [38, 35]},
						{"origin": [8.5, -4, 22], "size": [1, 3, 4], "uv": [56, 10]},
						{"origin": [-7.5, -3, 23], "size": [15, 2, 2], "uv": [107, 0]},
						{"origin": [-7.5, -3, 10], "size": [15, 2, 2], "uv": [107, 0]},
						{"origin": [-7.5, -3, -12], "size": [15, 2, 2], "uv": [107, 0]},
						{"origin": [-7.5, -3, -25], "size": [15, 2, 2], "uv": [107, 0]},
						{"origin": [8.5, -4, 9], "size": [1, 3, 4], "uv": [55, 0]},
						{"origin": [8.5, -1, 21], "size": [1, 3, 8], "uv": [28, 38]},
						{"origin": [-8.5, -3, 14], "size": [17, 5, 7], "uv": [0, 12]},
						{"origin": [8.5, -3, 14], "size": [1, 5, 1], "uv": [64, 30]},
						{"origin": [8.5, -3, 20], "size": [1, 5, 1], "uv": [64, 18]},
						{"origin": [8.5, 1, 15], "size": [1, 1, 5], "uv": [48, 20]},
						{"origin": [-9.5, -4, 9], "size": [1, 3, 4], "uv": [54, 54]},
						{"origin": [-9.5, -1, 6], "size": [1, 3, 8], "uv": [38, 24]},
						{"origin": [-9.5, -4, 22], "size": [1, 3, 4], "uv": [54, 31]},
						{"origin": [-9.5, -1, 21], "size": [1, 3, 8], "uv": [18, 35]},
						{"origin": [-9.5, -3, 20], "size": [1, 5, 1], "uv": [62, 47]},
						{"origin": [-9.5, 1, 15], "size": [1, 1, 5], "uv": [48, 14]},
						{"origin": [-9.5, -3, 14], "size": [1, 5, 1], "uv": [42, 25]},
						{"origin": [-9.5, -3, 15], "size": [1, 2, 5], "uv": [41, 12]},
						{"origin": [-9.5, -1, 16], "size": [1, 2, 3], "uv": [0, 35]},
						{"origin": [8.5, -3, 15], "size": [1, 2, 5], "uv": [41, 0]},
						{"origin": [8.5, -1, 16], "size": [1, 2, 3], "uv": [28, 24]},
						{"origin": [-1, 4, 33], "size": [2, 1, 3], "uv": [54, 50]},
						{"origin": [-2, 4, 36], "size": [4, 1, 1], "uv": [58, 45]},
						{"origin": [-2, 4, 39], "size": [4, 1, 1], "uv": [58, 43]},
						{"origin": [1, 4, 37], "size": [1, 1, 2], "uv": [0, 40]},
						{"origin": [-2, 4, 37], "size": [1, 1, 2], "uv": [38, 38]},
						{"origin": [-1, 2, 34], "size": [2, 1, 2], "uv": [0, 29]},
						{"origin": [-2, 2, 36], "size": [4, 1, 1], "uv": [55, 17]},
						{"origin": [-2, 2, 39], "size": [4, 1, 1], "uv": [55, 8]},
						{"origin": [1, 2, 37], "size": [1, 1, 2], "uv": [28, 38]},
						{"origin": [-2, 2, 37], "size": [1, 1, 2], "uv": [20, 29]},
						{"origin": [-1, 3, -35], "size": [2, 1, 2], "uv": [0, 29]},
						{"origin": [-2, 3, -36], "size": [4, 1, 1], "uv": [55, 17]},
						{"origin": [1, 3, -38], "size": [1, 1, 2], "uv": [28, 38]},
						{"origin": [-2, 3, -39], "size": [4, 1, 1], "uv": [55, 8]},
						{"origin": [-2, 3, -38], "size": [1, 1, 2], "uv": [20, 29]},
						{"origin": [-1, 1, 39], "size": [1, 1, 4], "pivot": [0, 4.5, 41], "rotation": [-90, 0, 90], "uv": [55, 20]},
						{"origin": [-1, 1, 38], "size": [4, 1, 1], "pivot": [0, 4.5, 41], "rotation": [-90, 0, 90], "uv": [48, 0]},
						{"origin": [2, 1, 39], "size": [1, 1, 4], "pivot": [0, 4.5, 41], "rotation": [-90, 0, 90], "uv": [48, 26]},
						{"origin": [-1, 1, 43], "size": [4, 1, 1], "pivot": [0, 4.5, 41], "rotation": [-90, 0, 90], "uv": [33, 24]}
					]
				},
				{
					"name": "wheels1",
					"parent": "train",
					"pivot": [0, -1.42511, -24],
					"cubes": [
						{"origin": [-8.50781, -4.37048, -25.76256], "size": [2, 2, 3], "pivot": [-7.50781, -1.12048, -24.26256], "rotation": [-135, 0, 0], "uv": [10, 104], "mirror": true},
						{"origin": [-8.51172, -4.63304, -25.87132], "size": [2, 2, 3], "pivot": [-7.51172, -1.38304, -24.37132], "rotation": [-90, 0, 0], "uv": [0, 104], "mirror": true},
						{"origin": [-8.50781, -4.8956, -25.76256], "size": [2, 2, 3], "pivot": [-7.50781, -1.6456, -24.26256], "rotation": [-45, 0, 0], "uv": [57, 101], "mirror": true},
						{"origin": [-8.51172, -5.00436, -25.5], "size": [2, 2, 3], "uv": [50, 99], "mirror": true},
						{"origin": [-8.50781, -0.3956, -25.23744], "size": [2, 2, 3], "pivot": [-7.50781, -1.6456, -23.73744], "rotation": [-135, 0, 0], "uv": [40, 99], "mirror": true},
						{"origin": [-8.51172, -0.13304, -25.12868], "size": [2, 2, 3], "pivot": [-7.51172, -1.38304, -23.62868], "rotation": [-90, 0, 0], "uv": [30, 99], "mirror": true},
						{"origin": [-8.25781, -3.76172, -26], "size": [1.5, 4, 4], "uv": [36, 53], "mirror": true},
						{"origin": [-8.50781, 0.12952, -25.23744], "size": [2, 2, 3], "pivot": [-7.50781, -1.12048, -23.73744], "rotation": [-45, 0, 0], "uv": [20, 99], "mirror": true},
						{"origin": [-8.51172, 0.23828, -25.5], "size": [2, 2, 3], "uv": [20, 104], "mirror": true},
						{"origin": [6.50781, 0.12952, -25.23744], "size": [2, 2, 3], "pivot": [7.50781, -1.12048, -23.73744], "rotation": [-45, 0, 0], "uv": [20, 99]},
						{"origin": [6.51172, -0.13304, -25.12868], "size": [2, 2, 3], "pivot": [7.51172, -1.38304, -23.62868], "rotation": [-90, 0, 0], "uv": [30, 99]},
						{"origin": [6.75781, -3.76172, -26], "size": [1.5, 4, 4], "uv": [36, 53]},
						{"origin": [6.50781, -0.3956, -25.23744], "size": [2, 2, 3], "pivot": [7.50781, -1.6456, -23.73744], "rotation": [-135, 0, 0], "uv": [40, 99]},
						{"origin": [6.51172, -5.00436, -25.5], "size": [2, 2, 3], "uv": [50, 99]},
						{"origin": [6.50781, -4.8956, -25.76256], "size": [2, 2, 3], "pivot": [7.50781, -1.6456, -24.26256], "rotation": [-45, 0, 0], "uv": [57, 101]},
						{"origin": [6.51172, -4.63304, -25.87132], "size": [2, 2, 3], "pivot": [7.51172, -1.38304, -24.37132], "rotation": [-90, 0, 0], "uv": [0, 104]},
						{"origin": [6.50781, -4.37048, -25.76256], "size": [2, 2, 3], "pivot": [7.50781, -1.12048, -24.26256], "rotation": [-135, 0, 0], "uv": [10, 104]},
						{"origin": [6.51172, 0.23828, -25.5], "size": [2, 2, 3], "uv": [20, 104]}
					]
				},
				{
					"name": "wheels2",
					"parent": "train",
					"pivot": [0, -1.42511, -11],
					"cubes": [
						{"origin": [6.50781, -5.00436, -12.5], "size": [2, 2, 3], "pivot": [0, -1.38304, -11], "rotation": [-45, 0, 0], "uv": [20, 84]},
						{"origin": [6.50781, 0.23828, -12.5], "size": [2, 2, 3], "pivot": [0, -1.38304, -11], "rotation": [-135, 0, 0], "uv": [40, 84]},
						{"origin": [6.50781, 0.23828, -12.5], "size": [2, 2, 3], "pivot": [0, -1.38304, -11], "rotation": [-45, 0, 0], "uv": [57, 86]},
						{"origin": [6.51172, -5.00436, -12.5], "size": [2, 2, 3], "uv": [30, 84]},
						{"origin": [6.51172, 0.23828, -12.5], "size": [2, 2, 3], "pivot": [0, -1.38304, -11], "rotation": [-90, 0, 0], "uv": [50, 84]},
						{"origin": [6.51172, -5.00436, -12.5], "size": [2, 2, 3], "pivot": [0, -1.38304, -11], "rotation": [-90, 0, 0], "uv": [10, 84]},
						{"origin": [6.75781, -3.76172, -13], "size": [1.5, 4, 4], "uv": [48, 35]},
						{"origin": [6.50781, -5.00436, -12.5], "size": [2, 2, 3], "pivot": [0, -1.38304, -11], "rotation": [-135, 0, 0], "uv": [0, 84]},
						{"origin": [6.51172, 0.23828, -12.5], "size": [2, 2, 3], "uv": [57, 81]},
						{"origin": [-8.51172, -5.00436, -12.5], "size": [2, 2, 3], "pivot": [0, -1.38304, -11], "rotation": [-90, 0, 0], "uv": [10, 84], "mirror": true},
						{"origin": [-8.50781, -5.00436, -12.5], "size": [2, 2, 3], "pivot": [0, -1.38304, -11], "rotation": [-135, 0, 0], "uv": [0, 84], "mirror": true},
						{"origin": [-8.25781, -3.76172, -13], "size": [1.5, 4, 4], "uv": [48, 35], "mirror": true},
						{"origin": [-8.50781, -5.00436, -12.5], "size": [2, 2, 3], "pivot": [0, -1.38304, -11], "rotation": [-45, 0, 0], "uv": [20, 84], "mirror": true},
						{"origin": [-8.51172, -5.00436, -12.5], "size": [2, 2, 3], "uv": [30, 84], "mirror": true},
						{"origin": [-8.50781, 0.23828, -12.5], "size": [2, 2, 3], "pivot": [0, -1.38304, -11], "rotation": [-135, 0, 0], "uv": [40, 84], "mirror": true},
						{"origin": [-8.51172, 0.23828, -12.5], "size": [2, 2, 3], "pivot": [0, -1.38304, -11], "rotation": [-90, 0, 0], "uv": [50, 84], "mirror": true},
						{"origin": [-8.50781, 0.23828, -12.5], "size": [2, 2, 3], "pivot": [0, -1.38304, -11], "rotation": [-45, 0, 0], "uv": [57, 86], "mirror": true},
						{"origin": [-8.51172, 0.23828, -12.5], "size": [2, 2, 3], "uv": [57, 81], "mirror": true}
					]
				},
				{
					"name": "wheels4",
					"parent": "train",
					"pivot": [0, -1.42511, 24],
					"cubes": [
						{"origin": [-8.51172, 0.23828, 22.5], "size": [2, 2, 3], "pivot": [0, -1.38304, 24], "rotation": [-90, 0, 0], "uv": [50, 84], "mirror": true},
						{"origin": [-8.50781, 0.23828, 22.5], "size": [2, 2, 3], "pivot": [0, -1.38304, 24], "rotation": [-135, 0, 0], "uv": [40, 84], "mirror": true},
						{"origin": [-8.51172, -5.00436, 22.5], "size": [2, 2, 3], "uv": [30, 84], "mirror": true},
						{"origin": [-8.50781, -5.00436, 22.5], "size": [2, 2, 3], "pivot": [0, -1.38304, 24], "rotation": [-45, 0, 0], "uv": [20, 84], "mirror": true},
						{"origin": [-8.51172, -5.00436, 22.5], "size": [2, 2, 3], "pivot": [0, -1.38304, 24], "rotation": [-90, 0, 0], "uv": [10, 84], "mirror": true},
						{"origin": [-8.25781, -3.76172, 22], "size": [1.5, 4, 4], "uv": [48, 35], "mirror": true},
						{"origin": [-8.50781, -5.00436, 22.5], "size": [2, 2, 3], "pivot": [0, -1.38304, 24], "rotation": [-135, 0, 0], "uv": [0, 84], "mirror": true},
						{"origin": [-8.51172, 0.23828, 22.5], "size": [2, 2, 3], "uv": [57, 81], "mirror": true},
						{"origin": [-8.50781, 0.23828, 22.5], "size": [2, 2, 3], "pivot": [0, -1.38304, 24], "rotation": [-45, 0, 0], "uv": [57, 86], "mirror": true},
						{"origin": [6.51172, 0.23828, 22.5], "size": [2, 2, 3], "pivot": [0, -1.38304, 24], "rotation": [-90, 0, 0], "uv": [50, 84]},
						{"origin": [6.50781, 0.23828, 22.5], "size": [2, 2, 3], "pivot": [0, -1.38304, 24], "rotation": [-135, 0, 0], "uv": [40, 84]},
						{"origin": [6.51172, -5.00436, 22.5], "size": [2, 2, 3], "uv": [30, 84]},
						{"origin": [6.75781, -3.76172, 22], "size": [1.5, 4, 4], "uv": [48, 35]},
						{"origin": [6.50781, 0.23828, 22.5], "size": [2, 2, 3], "pivot": [0, -1.38304, 24], "rotation": [-45, 0, 0], "uv": [57, 86]},
						{"origin": [6.50781, -5.00436, 22.5], "size": [2, 2, 3], "pivot": [0, -1.38304, 24], "rotation": [-135, 0, 0], "uv": [0, 84]},
						{"origin": [6.50781, -5.00436, 22.5], "size": [2, 2, 3], "pivot": [0, -1.38304, 24], "rotation": [-45, 0, 0], "uv": [20, 84]},
						{"origin": [6.51172, -5.00436, 22.5], "size": [2, 2, 3], "pivot": [0, -1.38304, 24], "rotation": [-90, 0, 0], "uv": [10, 84]},
						{"origin": [6.51172, 0.23828, 22.5], "size": [2, 2, 3], "uv": [57, 81]}
					]
				},
				{
					"name": "wheels3",
					"parent": "train",
					"pivot": [0, -1.42511, 11],
					"cubes": [
						{"origin": [6.50781, -4.8956, 9.23744], "size": [2, 2, 3], "pivot": [7.50781, -1.6456, 10.73744], "rotation": [-45, 0, 0], "uv": [57, 101]},
						{"origin": [6.51172, -4.63304, 9.12868], "size": [2, 2, 3], "pivot": [7.51172, -1.38304, 10.62868], "rotation": [-90, 0, 0], "uv": [0, 104]},
						{"origin": [6.75781, -3.76172, 9], "size": [1.5, 4, 4], "uv": [36, 53]},
						{"origin": [6.50781, -4.37048, 9.23744], "size": [2, 2, 3], "pivot": [7.50781, -1.12048, 10.73744], "rotation": [-135, 0, 0], "uv": [10, 104]},
						{"origin": [6.51172, 0.23828, 9.5], "size": [2, 2, 3], "uv": [20, 104]},
						{"origin": [6.50781, 0.12952, 9.76256], "size": [2, 2, 3], "pivot": [7.50781, -1.12048, 11.26256], "rotation": [-45, 0, 0], "uv": [20, 99]},
						{"origin": [6.51172, -0.13304, 9.87132], "size": [2, 2, 3], "pivot": [7.51172, -1.38304, 11.37132], "rotation": [-90, 0, 0], "uv": [30, 99]},
						{"origin": [6.50781, -0.3956, 9.76256], "size": [2, 2, 3], "pivot": [7.50781, -1.6456, 11.26256], "rotation": [-135, 0, 0], "uv": [40, 99]},
						{"origin": [6.51172, -5.00436, 9.5], "size": [2, 2, 3], "uv": [50, 99]},
						{"origin": [-8.25781, -3.76172, 9], "size": [1.5, 4, 4], "uv": [36, 53], "mirror": true},
						{"origin": [-8.51172, -4.63304, 9.12868], "size": [2, 2, 3], "pivot": [-7.51172, -1.38304, 10.62868], "rotation": [-90, 0, 0], "uv": [0, 104], "mirror": true},
						{"origin": [-8.50781, -4.8956, 9.23744], "size": [2, 2, 3], "pivot": [-7.50781, -1.6456, 10.73744], "rotation": [-45, 0, 0], "uv": [57, 101], "mirror": true},
						{"origin": [-8.50781, -4.37048, 9.23744], "size": [2, 2, 3], "pivot": [-7.50781, -1.12048, 10.73744], "rotation": [-135, 0, 0], "uv": [10, 104], "mirror": true},
						{"origin": [-8.51172, -5.00436, 9.5], "size": [2, 2, 3], "uv": [50, 99], "mirror": true},
						{"origin": [-8.50781, -0.3956, 9.76256], "size": [2, 2, 3], "pivot": [-7.50781, -1.6456, 11.26256], "rotation": [-135, 0, 0], "uv": [40, 99], "mirror": true},
						{"origin": [-8.51172, -0.13304, 9.87132], "size": [2, 2, 3], "pivot": [-7.51172, -1.38304, 11.37132], "rotation": [-90, 0, 0], "uv": [30, 99], "mirror": true},
						{"origin": [-8.50781, 0.12952, 9.76256], "size": [2, 2, 3], "pivot": [-7.50781, -1.12048, 11.26256], "rotation": [-45, 0, 0], "uv": [20, 99], "mirror": true},
						{"origin": [-8.51172, 0.23828, 9.5], "size": [2, 2, 3], "uv": [20, 104], "mirror": true}
					]
				},
				{
					"name": "wagon_main",
					"parent": "train",
					"pivot": [0, -5, 0.5],
					"cubes": [
						{"origin": [-8.5, 3, -33], "size": [17, 3, 66], "uv": [108, 3]},
						{"origin": [-9.5, 2, -34], "size": [19, 1, 68], "uv": [0, 69]},
						{"origin": [-9.5, 5, -34], "size": [19, 1, 68], "uv": [0, 0]},
						{"origin": [-9.5, 6, -34], "size": [19, 14, 68], "uv": [0, 209]},
						{"origin": [-9.5, 6, -31], "size": [19, 14, 1], "inflate": 0.3, "uv": [85, 295]},
						{"origin": [-9.5, 6, 30], "size": [19, 14, 1], "inflate": 0.3, "uv": [85, 295]},
						{"origin": [-6.5, 19, -28.5], "size": [13, 3, 14], "uv": [106, 256]},
						{"origin": [6.5, 24, -28.5], "size": [1, 1, 25], "uv": [10, 295]},
						{"origin": [6.5, 20, -28.5], "size": [1, 1, 25], "uv": [10, 321]},
						{"origin": [-7.5, 21, 3.5], "size": [1, 3, 1], "pivot": [0, 7.5, 0], "rotation": [0, 180, 0], "uv": [27, 321]},
						{"origin": [6.5, 21, -28.5], "size": [1, 3, 1], "uv": [31, 321]},
						{"origin": [6.5, 21, -20.5], "size": [1, 3, 1], "uv": [31, 315]},
						{"origin": [6.5, 21, -12.5], "size": [1, 3, 1], "uv": [31, 315]},
						{"origin": [6.5, 20, 3.5], "size": [1, 1, 25], "uv": [10, 321]},
						{"origin": [6.5, 21, 3.5], "size": [1, 3, 1], "uv": [27, 321]},
						{"origin": [6.5, 24, 3.5], "size": [1, 1, 25], "uv": [10, 295]},
						{"origin": [6.5, 21, 11.5], "size": [1, 3, 1], "uv": [31, 315]},
						{"origin": [6.5, 21, 19.5], "size": [1, 3, 1], "uv": [31, 315]},
						{"origin": [-7.5, 21, -28.5], "size": [1, 3, 1], "pivot": [0, 7.5, 0], "rotation": [0, 180, 0], "uv": [31, 321]},
						{"origin": [-7.5, 21, 3.5], "size": [1, 3, 1], "uv": [27, 321]},
						{"origin": [-7.5, 20, 3.5], "size": [1, 1, 25], "uv": [10, 321]},
						{"origin": [-7.5, 24, 3.5], "size": [1, 1, 25], "uv": [10, 295]},
						{"origin": [-7.5, 21, 11.5], "size": [1, 3, 1], "uv": [31, 315]},
						{"origin": [-7.5, 21, 19.5], "size": [1, 3, 1], "uv": [31, 315]},
						{"origin": [6.5, 21, -28.5], "size": [1, 3, 1], "pivot": [0, 7.5, 0], "rotation": [0, 180, 0], "uv": [31, 321]},
						{"origin": [-7.5, 21, -12.5], "size": [1, 3, 1], "uv": [31, 315]},
						{"origin": [-7.5, 20, -28.5], "size": [1, 1, 25], "uv": [10, 321]},
						{"origin": [-7.5, 24, -28.5], "size": [1, 1, 25], "uv": [10, 295]},
						{"origin": [-6.5, 24, -28.5], "size": [13, 1, 1], "uv": [37, 318]},
						{"origin": [-6.5, 24, 27.5], "size": [13, 1, 1], "uv": [37, 318]},
						{"origin": [6.5, 21, 3.5], "size": [1, 3, 1], "pivot": [0, 7.5, 0], "rotation": [0, 180, 0], "uv": [27, 321]},
						{"origin": [-7.5, 21, -20.5], "size": [1, 3, 1], "uv": [31, 315]},
						{"origin": [-7.5, 21, -28.5], "size": [1, 3, 1], "uv": [31, 321]},
						{"origin": [-4.5, 22, -26.5], "size": [9, 2, 10], "uv": [106, 244]},
						{"origin": [-4.5, 23, -26.5], "size": [9, 1, 10], "inflate": 0.2, "uv": [0, 266]},
						{"origin": [-3.5, 24, -19.375], "size": [7, 1, 1], "uv": [10, 264]},
						{"origin": [-3.5, 24, -24.625], "size": [7, 1, 1], "uv": [10, 264]},
						{"origin": [-3.5, 24, 23.625], "size": [7, 1, 1], "uv": [10, 264]},
						{"origin": [-3.5, 24, 18.375], "size": [7, 1, 1], "uv": [10, 264]},
						{"origin": [-6.5, 19, 14.5], "size": [13, 3, 14], "uv": [106, 256], "mirror": true},
						{"origin": [-4.5, 22, 16.5], "size": [9, 2, 10], "uv": [106, 244], "mirror": true},
						{"origin": [-4.5, 23, 16.5], "size": [9, 1, 10], "inflate": 0.2, "uv": [0, 266], "mirror": true},
						{"origin": [-6.5, 20, -14.5], "size": [13, 1, 12], "pivot": [0, 20.5, -8.5], "rotation": [0, 180, 0], "uv": [108, 192]},
						{"origin": [-6.5, 17, -36], "size": [13, 1, 12], "pivot": [0, 23.5, -40.5], "rotation": [90, 0, 180], "uv": [108, 179]},
						{"origin": [-6.5, 17, 24], "size": [13, 1, 12], "pivot": [0, 23.5, 40.5], "rotation": [-90, 0, 180], "uv": [108, 179]},
						{"origin": [-6.5, 20, 2.5], "size": [13, 1, 12], "uv": [108, 192]}
					]
				},
				{
					"name": "ladder",
					"parent": "wagon_main",
					"pivot": [0, -5, 0],
					"cubes": [
						{"origin": [8.5, -3, -2.5], "size": [3, 1, 5], "uv": [10, 309]},
						{"origin": [9.5, -3, -3.5], "size": [1, 23, 1], "uv": [6, 303]},
						{"origin": [9.5, 2, -2.5], "size": [1, 1, 5], "uv": [10, 303]},
						{"origin": [9.5, 7, -2.5], "size": [1, 1, 5], "uv": [10, 303]},
						{"origin": [9.5, -3, 2.5], "size": [1, 23, 1], "uv": [6, 303], "mirror": true},
						{"origin": [9.5, 12, -2.5], "size": [1, 1, 5], "uv": [10, 303]},
						{"origin": [9.5, 17, -2.5], "size": [1, 1, 5], "uv": [10, 303]},
						{"origin": [6.5, 20, -3.5], "size": [4, 1, 1], "uv": [6, 301]},
						{"origin": [6.5, 20, 2.5], "size": [4, 1, 1], "uv": [6, 301], "mirror": true},
						{"origin": [-10.5, -3, -3.5], "size": [1, 23, 1], "uv": [6, 303], "mirror": true},
						{"origin": [-11.5, -3, -2.5], "size": [3, 1, 5], "uv": [10, 309], "mirror": true},
						{"origin": [-10.5, -3, 2.5], "size": [1, 23, 1], "uv": [6, 303], "mirror": true},
						{"origin": [-10.5, 2, -2.5], "size": [1, 1, 5], "uv": [10, 303], "mirror": true},
						{"origin": [-10.5, 7, -2.5], "size": [1, 1, 5], "uv": [10, 303], "mirror": true},
						{"origin": [-10.5, 12, -2.5], "size": [1, 1, 5], "uv": [10, 303], "mirror": true},
						{"origin": [-10.5, 17, -2.5], "size": [1, 1, 5], "uv": [10, 303], "mirror": true},
						{"origin": [-10.5, 20, -3.5], "size": [4, 1, 1], "uv": [6, 301], "mirror": true},
						{"origin": [-10.5, 20, 2.5], "size": [4, 1, 1], "uv": [6, 301], "mirror": true}
					]
				},
				{
					"name": "tanklevel",
					"parent": "wagon_main",
					"pivot": [-8.5, 8, 22],
					"cubes": [
						{
							"origin": [-9.525, 6, 21],
							"size": [0, 14, 7],
							"uv": {
								"north": {"uv": [16, 258], "uv_size": [0, 0]},
								"east": {"uv": [6, 277], "uv_size": [7, 14]},
								"south": {"uv": [20, 264], "uv_size": [0, 0]},
								"west": {"uv": [18, 259], "uv_size": [0, 0]},
								"up": {"uv": [23, 261], "uv_size": [0, 0]},
								"down": {"uv": [25, 261], "uv_size": [0, 0]}
							}
						},
						{
							"origin": [9.525, 6, 21],
							"size": [0, 14, 7],
							"uv": {
								"north": {"uv": [16, 258], "uv_size": [0, 0]},
								"east": {"uv": [13, 277], "uv_size": [-7, 14]},
								"south": {"uv": [20, 264], "uv_size": [0, 0]},
								"west": {"uv": [18, 259], "uv_size": [0, 0]},
								"up": {"uv": [23, 261], "uv_size": [0, 0]},
								"down": {"uv": [25, 261], "uv_size": [0, 0]}
							}
						}
					]
				}
			]
		}
	]
}