{
	"format_version": "1.12.0",
	"minecraft:geometry": [
		{
			"description": {
				"identifier": "geometry.lb_ta_searchlight_signal",
				"texture_width": 64,
				"texture_height": 64,
				"visible_bounds_width": 2,
				"visible_bounds_height": 4.5,
				"visible_bounds_offset": [0, 1.75, 0]
			},
			"bones": [
				{
					"name": "body",
					"pivot": [0, 0, 0],
					"cubes": [
						{"origin": [-1, 2, -1], "size": [2, 42, 2], "uv": [0, 12]},
						{"origin": [-2, 40, 0], "size": [4, 1, 2], "uv": [22, 22]},
						{"origin": [-3, 25, -2], "size": [6, 3, 1], "uv": [8, 22]},
						{"origin": [-6, 36, -1], "size": [5, 1, 1], "uv": [8, 26]},
						{"origin": [-4, 33, -1], "size": [1, 3, 1], "uv": [0, 6]},
						{"origin": [-4, 32, -1], "size": [3, 1, 1], "uv": [0, 4]},
						{"origin": [-6, 37, -2], "size": [8, 8, 2], "pivot": [-2, 41, -1], "rotation": [0, 180, 0], "uv": [8, 12]},
						{"origin": [-4, 42.5, -4], "size": [4, 1, 2], "pivot": [-2, 43.5, -3], "rotation": [0, 180, 0], "uv": [20, 25]},
						{"origin": [-4.5, 39.5, -3.5], "size": [3, 3, 1], "pivot": [-2.5, 42.5, -2.5], "rotation": [0, 180, 0], "uv": [0, 0]},
						{"origin": [-5, 0, -5], "size": [10, 2, 10], "uv": [0, 0]}
					]
				},
				{
					"name": "color_signal",
					"parent": "body",
					"pivot": [-7.5, 42.5, -3.53125]
				},
				{
					"name": "red",
					"parent": "color_signal",
					"pivot": [-2, 41, -2.53125],
					"cubes": [
						{"origin": [-4.5, 39.5, -4.53125], "size": [3, 3, 0], "pivot": [-2.5, 42.5, -3.53125], "rotation": [0, 180, 0], "uv": [8, 28]}
					]
				},
				{
					"name": "green",
					"parent": "color_signal",
					"pivot": [-2, 41, -1.53125],
					"cubes": [
						{"origin": [-4.5, 39.5, -3.53125], "size": [3, 3, 0], "pivot": [-2.5, 42.5, -2.53125], "rotation": [0, 180, 0], "uv": [8, 34]}
					]
				},
				{
					"name": "yellow",
					"parent": "color_signal",
					"pivot": [-2, 41, -1.53125],
					"cubes": [
						{"origin": [-4.5, 39.5, -3.53125], "size": [3, 3, 0], "pivot": [-2.5, 42.5, -2.53125], "rotation": [0, 180, 0], "uv": [8, 31]}
					]
				}
			]
		}
	]
}