{
	"format_version": "1.12.0",
	"minecraft:geometry": [
		{
			"description": {
				"identifier": "geometry.lb_ta_semaphore_disc",
				"texture_width": 64,
				"texture_height": 64,
				"visible_bounds_width": 2,
				"visible_bounds_height": 2.5,
				"visible_bounds_offset": [0, 0.75, 0]
			},
			"bones": [
				{
					"name": "body",
					"pivot": [0, 0, 0],
					"cubes": [
						{"origin": [-4, 0, -1], "size": [8, 1, 3], "uv": [0, 15]},
						{"origin": [-4, 1, -1], "size": [1, 13, 3], "uv": [0, 19]},
						{"origin": [-4, 14, -1], "size": [8, 1, 3], "uv": [0, 11]},
						{"origin": [-3, 9, -1], "size": [6, 5, 2], "uv": [8, 19]},
						{"origin": [3, 1, -1], "size": [1, 13, 1], "uv": [24, 12]},
						{"origin": [-3, 4, -1], "size": [6, 1, 3], "uv": [19, 8]},
						{"origin": [3, 1, 1], "size": [1, 13, 1], "uv": [8, 26]}
					]
				},
				{
					"name": "disc",
					"parent": "body",
					"pivot": [0, 11, -1.5],
					"cubes": [
						{"origin": [-5, 6, -2], "size": [10, 10, 1], "uv": [0, 0]}
					]
				},
				{
					"name": "lights_dark",
					"parent": "disc",
					"pivot": [2, 13.33333, -2.01172],
					"cubes": [
						{"origin": [2.5, 10.5, -2.01172], "size": [2, 2, 0], "uv": [19, 15]},
						{"origin": [1.5, 13, -2.01172], "size": [2, 2, 0], "uv": [19, 12]},
						{"origin": [-1, 13.5, -2.01172], "size": [2, 2, 0], "uv": [5, 19]}
					]
				},
				{
					"name": "lights",
					"parent": "disc",
					"pivot": [0, 0, -1]
				},
				{
					"name": "green_light",
					"parent": "lights",
					"pivot": [3.5, 11.5, -1.03125],
					"cubes": [
						{"origin": [2.5, 10.5, -1.03125], "size": [2, 2, 0], "uv": [22, 0]}
					]
				},
				{
					"name": "yellow_light",
					"parent": "lights",
					"pivot": [2.5, 14, -1.03125],
					"cubes": [
						{"origin": [1.5, 13, -1.03125], "size": [2, 2, 0], "uv": [22, 2]}
					]
				},
				{
					"name": "red_light",
					"parent": "lights",
					"pivot": [0, 14.5, -2.03125],
					"cubes": [
						{"origin": [-1, 13.5, -2.03125], "size": [2, 2, 0], "uv": [22, 4]}
					]
				}
			]
		}
	]
}