{
	"format_version": "1.12.0",
	"minecraft:geometry": [
		{
			"description": {
				"identifier": "geometry.lb_ta_semaphore",
				"texture_width": 128,
				"texture_height": 128,
				"visible_bounds_width": 5,
				"visible_bounds_height": 6.5,
				"visible_bounds_offset": [0, 2.75, 0]
			},
			"bones": [
				{
					"name": "body",
					"pivot": [0, 0, 0],
					"cubes": [
						{"origin": [-1, 2, -1], "size": [2, 69, 2], "uv": [0, 0]},
						{"origin": [-8, 54, -1], "size": [5, 8, 2], "uv": [8, 19]},
						{"origin": [-8, 53, -0.5], "size": [7, 1, 1], "uv": [20, 19]},
						{"origin": [-2, 48, -0.5], "size": [1, 5, 1], "uv": [8, 29]},
						{"origin": [-3, 61, -0.5], "size": [2, 1, 1], "uv": [12, 29]},
						{"origin": [-3, 58, -0.5], "size": [2, 1, 1], "uv": [28, 25]},
						{"origin": [-5, 0, -5], "size": [10, 2, 10], "uv": [8, 7]},
						{"origin": [-0.5, 71, -0.5], "size": [1, 3, 1], "uv": [18, 29]},
						{"origin": [-1, 69, -1], "size": [2, 2, 2], "inflate": 0.5, "uv": [22, 25]}
					]
				},
				{
					"name": "arm",
					"parent": "body",
					"pivot": [0, 64, -1.5],
					"cubes": [
						{"origin": [-30.5, 54, -2], "size": [33, 6, 1], "uv": [8, 0]},
						{"origin": [-1.5, 60, -2], "size": [3, 4, 1], "uv": [8, 7]}
					]
				},
				{
					"name": "red_light",
					"parent": "arm",
					"pivot": [-5.5, 57, -2.02344],
					"cubes": [
						{"origin": [-7.5, 55, -2.02344], "size": [4, 4, 0], "uv": [8, 12]}
					]
				},
				{
					"name": "green_light",
					"parent": "arm",
					"pivot": [-0.5, 57, -1.02344],
					"cubes": [
						{"origin": [-2.5, 55, -1.02344], "size": [4, 4, 0], "uv": [22, 21]}
					]
				}
			]
		}
	]
}