{
	"format_version": "1.12.0",
	"minecraft:geometry": [
		{
			"description": {
				"identifier": "geometry.lifeboat_ta.speed_sign",
				"texture_width": 32,
				"texture_height": 32,
				"visible_bounds_width": 2,
				"visible_bounds_height": 3.5,
				"visible_bounds_offset": [0, 1.25, 0]
			},
			"bones": [
				{
					"name": "main",
					"pivot": [0, 0, 0],
					"cubes": [
						{"origin": [-1, 1, -0.5], "size": [2, 23, 1], "uv": [26, 6]},
						{
							"origin": [-4, 0, -4],
							"size": [8, 1, 8],
							"uv": {
								"north": {"uv": [8, 31], "uv_size": [8, 1]},
								"east": {"uv": [0, 31], "uv_size": [8, 1]},
								"south": {"uv": [24, 31], "uv_size": [8, 1]},
								"west": {"uv": [16, 31], "uv_size": [8, 1]},
								"up": {"uv": [8, 23], "uv_size": [8, 8]},
								"down": {"uv": [8, 23], "uv_size": [8, -8]}
							}
						},
						{
							"origin": [-4, 24, -0.25],
							"size": [8, 8, 0.5],
							"uv": {
								"north": {"uv": [0, 0], "uv_size": [8, 8]},
								"east": {"uv": [0, 0], "uv_size": [1, 8]},
								"south": {"uv": [0, 0], "uv_size": [8, 8]},
								"west": {"uv": [7, 0], "uv_size": [1, 8]},
								"up": {"uv": [0, 0], "uv_size": [8, 1]},
								"down": {"uv": [8, 7], "uv_size": [-8, 1]}
							}
						}
					]
				}
			]
		}
	]
}