{
	"format_version": "1.12.0",
	"minecraft:geometry": [
		{
			"description": {
				"identifier": "geometry.lb_ta_subway_car",
				"texture_width": 512,
				"texture_height": 512,
				"visible_bounds_width": 10,
				"visible_bounds_height": 4,
				"visible_bounds_offset": [0, 1, 0]
			},
			"bones": [
				{
					"name": "train",
					"pivot": [0, 0, 34],
					"cubes": [
						{"origin": [-1, 4, 42.5], "size": [2, 1, 2], "uv": [270, 170]},
						{"origin": [-2, 4, 44.5], "size": [4, 1, 1], "uv": [250, 170]},
						{"origin": [-2, 4, 47.5], "size": [4, 1, 1], "uv": [260, 170]},
						{"origin": [1, 4, 45.5], "size": [1, 1, 2], "uv": [84, 285]},
						{"origin": [-2, 4, 45.5], "size": [1, 1, 2], "uv": [118, 289]},
						{"origin": [-1, 4, 44.5], "size": [1, 1, 4], "pivot": [0, 4.5, 46.5], "rotation": [-90, 0, 90], "uv": [108, 289]},
						{"origin": [-1, 4, 43.5], "size": [4, 1, 1], "pivot": [0, 4.5, 46.5], "rotation": [-90, 0, 90], "uv": [170, 266]},
						{"origin": [2, 4, 44.5], "size": [1, 1, 4], "pivot": [0, 4.5, 46.5], "rotation": [-90, 0, 90], "uv": [294, 27]},
						{"origin": [-1, 4, 48.5], "size": [4, 1, 1], "pivot": [0, 4.5, 46.5], "rotation": [-90, 0, 90], "uv": [180, 266]},
						{"origin": [-1, 2, 42.5], "size": [2, 1, 2], "uv": [272, 266]},
						{"origin": [-2, 2, 44.5], "size": [4, 1, 1], "uv": [190, 266]},
						{"origin": [-2, 2, 47.5], "size": [4, 1, 1], "uv": [284, 155]},
						{"origin": [1, 2, 45.5], "size": [1, 1, 2], "uv": [118, 292]},
						{"origin": [-2, 2, 45.5], "size": [1, 1, 2], "uv": [294, 155]},
						{"origin": [-7.5, -4, 12.5], "size": [15, 6, 24], "uv": [214, 32]},
						{"origin": [-7.5, -4, -34.5], "size": [15, 6, 24], "uv": [214, 62]},
						{"origin": [-6.5, -3, -12.5], "size": [13, 5, 27], "uv": [214, 0]},
						{"origin": [-7.5, -4, -1.5], "size": [15, 6, 5], "uv": [124, 274]},
						{"origin": [-7.5, -4, 5.5], "size": [15, 6, 5], "uv": [278, 170]},
						{"origin": [-7.5, -4, -8.5], "size": [15, 6, 5], "uv": [278, 181]},
						{"origin": [-6.5, -2, -39.5], "size": [13, 4, 6], "uv": [284, 145]},
						{"origin": [-6.5, -2, 34.5], "size": [13, 4, 6], "uv": [124, 285]},
						{"origin": [-9.5, -3, 27.5], "size": [1, 4, 6], "uv": [90, 310]},
						{"origin": [-9.5, -3, 15.5], "size": [1, 4, 6], "uv": [310, 286]},
						{"origin": [-8.5, -2, 20.5], "size": [1, 2, 8], "uv": [304, 232]},
						{"origin": [-9.5, -3, 23.5], "size": [3, 5, 2], "uv": [72, 303]},
						{"origin": [7.5, -2, 20.5], "size": [1, 2, 8], "uv": [308, 266]},
						{"origin": [8.5, -3, 27.5], "size": [1, 4, 6], "uv": [310, 296]},
						{"origin": [6.5, -3, 23.5], "size": [3, 5, 2], "uv": [318, 111]},
						{"origin": [8.5, -3, 15.5], "size": [1, 4, 6], "uv": [310, 306]},
						{"origin": [-9.5, -3, -19.5], "size": [1, 4, 6], "uv": [238, 311]},
						{"origin": [-8.5, -2, -26.5], "size": [1, 2, 8], "uv": [308, 276]},
						{"origin": [-9.5, -3, -23.5], "size": [3, 5, 2], "uv": [318, 169]},
						{"origin": [-9.5, -3, -31.5], "size": [1, 4, 6], "uv": [312, 122]},
						{"origin": [8.5, -3, -19.5], "size": [1, 4, 6], "uv": [312, 132]},
						{"origin": [7.5, -2, -26.5], "size": [1, 2, 8], "uv": [72, 310]},
						{"origin": [6.5, -3, -23.5], "size": [3, 5, 2], "uv": [318, 176]},
						{"origin": [8.5, -3, -31.5], "size": [1, 4, 6], "uv": [188, 312]},
						{"origin": [-9.5, -2, -7.5], "size": [19, 4, 17], "uv": [200, 248]}
					]
				},
				{
					"name": "train_base",
					"parent": "train",
					"pivot": [0.16981, -5.07118, -13.53503],
					"cubes": [
						{"origin": [-11.5, 2, -41.5], "size": [23, 3, 84], "uv": [0, 0]},
						{"origin": [-8.5, 23, -15.5], "size": [17, 1, 1], "uv": [214, 170]},
						{"origin": [7.5, 17, 42.5], "size": [1, 7, 1], "uv": [326, 134]},
						{"origin": [-8.5, 17, 42.5], "size": [1, 7, 1], "uv": [326, 134]},
						{"origin": [7.5, 17, -42.5], "size": [1, 7, 1], "uv": [326, 134]},
						{"origin": [-8.5, 17, -42.5], "size": [1, 7, 1], "uv": [326, 134]},
						{"origin": [-3.5, 5, -15.5], "size": [1, 18, 1], "uv": [124, 224]},
						{"origin": [2.5, 5, -15.5], "size": [1, 18, 1], "uv": [234, 312]},
						{"origin": [2.5, 5, 15.5], "size": [1, 18, 1], "uv": [120, 315]},
						{"origin": [-8.5, 23, 15.5], "size": [17, 1, 1], "uv": [278, 214]},
						{"origin": [-3.5, 5, 15.5], "size": [1, 18, 1], "uv": [124, 315]},
						{"origin": [-11.5, 24, -41.5], "size": [23, 2, 84], "uv": [0, 87]},
						{"origin": [-8.5, 26, -23.5], "size": [17, 3, 48], "uv": [0, 173]},
						{"origin": [-8.5, 26, 34.5], "size": [17, 3, 8], "uv": [214, 159]},
						{"origin": [-8.5, 26, -41.5], "size": [17, 3, 8], "uv": [264, 159]},
						{"origin": [5.5, 26, 24.5], "size": [3, 3, 10], "uv": [292, 79]},
						{"origin": [-8.5, 26, 24.5], "size": [3, 3, 10], "uv": [294, 14]},
						{
							"origin": [-3.5, 28, -29.5],
							"size": [1, 0.5, 1],
							"uv": {
								"north": {"uv": [282, 265], "uv_size": [1, 1]},
								"east": {"uv": [282, 265], "uv_size": [1, 1]},
								"south": {"uv": [282, 265], "uv_size": [1, 1]},
								"west": {"uv": [282, 265], "uv_size": [1, 1]},
								"up": {"uv": [282, 256], "uv_size": [1, 1]},
								"down": {"uv": [282, 257], "uv_size": [1, -1]}
							}
						},
						{
							"origin": [-4.5, 28, -28.5],
							"size": [1, 0.5, 1],
							"uv": {
								"north": {"uv": [282, 265], "uv_size": [1, 1]},
								"east": {"uv": [282, 265], "uv_size": [1, 1]},
								"south": {"uv": [282, 265], "uv_size": [1, 1]},
								"west": {"uv": [282, 265], "uv_size": [1, 1]},
								"up": {"uv": [282, 256], "uv_size": [1, 1]},
								"down": {"uv": [282, 257], "uv_size": [1, -1]}
							}
						},
						{
							"origin": [-3.5, 28, -27.5],
							"size": [1, 0.5, 1],
							"uv": {
								"north": {"uv": [282, 265], "uv_size": [1, 1]},
								"east": {"uv": [282, 265], "uv_size": [1, 1]},
								"south": {"uv": [282, 265], "uv_size": [1, 1]},
								"west": {"uv": [282, 265], "uv_size": [1, 1]},
								"up": {"uv": [282, 256], "uv_size": [1, 1]},
								"down": {"uv": [282, 257], "uv_size": [1, -1]}
							}
						},
						{
							"origin": [-4.5, 28, -26.5],
							"size": [1, 0.5, 1],
							"uv": {
								"north": {"uv": [282, 265], "uv_size": [1, 1]},
								"east": {"uv": [282, 265], "uv_size": [1, 1]},
								"south": {"uv": [282, 265], "uv_size": [1, 1]},
								"west": {"uv": [282, 265], "uv_size": [1, 1]},
								"up": {"uv": [282, 256], "uv_size": [1, 1]},
								"down": {"uv": [282, 257], "uv_size": [1, -1]}
							}
						},
						{
							"origin": [-3.5, 28, -25.5],
							"size": [1, 0.5, 1],
							"uv": {
								"north": {"uv": [282, 265], "uv_size": [1, 1]},
								"east": {"uv": [282, 265], "uv_size": [1, 1]},
								"south": {"uv": [282, 265], "uv_size": [1, 1]},
								"west": {"uv": [282, 265], "uv_size": [1, 1]},
								"up": {"uv": [282, 256], "uv_size": [1, 1]},
								"down": {"uv": [282, 257], "uv_size": [1, -1]}
							}
						},
						{
							"origin": [-2.5, 28, -26.5],
							"size": [1, 0.5, 1],
							"uv": {
								"north": {"uv": [282, 265], "uv_size": [1, 1]},
								"east": {"uv": [282, 265], "uv_size": [1, 1]},
								"south": {"uv": [282, 265], "uv_size": [1, 1]},
								"west": {"uv": [282, 265], "uv_size": [1, 1]},
								"up": {"uv": [282, 256], "uv_size": [1, 1]},
								"down": {"uv": [282, 257], "uv_size": [1, -1]}
							}
						},
						{
							"origin": [-1.5, 28, -25.5],
							"size": [1, 0.5, 1],
							"uv": {
								"north": {"uv": [282, 265], "uv_size": [1, 1]},
								"east": {"uv": [282, 265], "uv_size": [1, 1]},
								"south": {"uv": [282, 265], "uv_size": [1, 1]},
								"west": {"uv": [282, 265], "uv_size": [1, 1]},
								"up": {"uv": [282, 256], "uv_size": [1, 1]},
								"down": {"uv": [282, 257], "uv_size": [1, -1]}
							}
						},
						{
							"origin": [-1.5, 28, -27.5],
							"size": [1, 0.5, 1],
							"uv": {
								"north": {"uv": [282, 265], "uv_size": [1, 1]},
								"east": {"uv": [282, 265], "uv_size": [1, 1]},
								"south": {"uv": [282, 265], "uv_size": [1, 1]},
								"west": {"uv": [282, 265], "uv_size": [1, 1]},
								"up": {"uv": [282, 256], "uv_size": [1, 1]},
								"down": {"uv": [282, 257], "uv_size": [1, -1]}
							}
						},
						{
							"origin": [-2.5, 28, -28.5],
							"size": [1, 0.5, 1],
							"uv": {
								"north": {"uv": [282, 265], "uv_size": [1, 1]},
								"east": {"uv": [282, 265], "uv_size": [1, 1]},
								"south": {"uv": [282, 265], "uv_size": [1, 1]},
								"west": {"uv": [282, 265], "uv_size": [1, 1]},
								"up": {"uv": [282, 256], "uv_size": [1, 1]},
								"down": {"uv": [282, 257], "uv_size": [1, -1]}
							}
						},
						{
							"origin": [-1.5, 28, -29.5],
							"size": [1, 0.5, 1],
							"uv": {
								"north": {"uv": [282, 265], "uv_size": [1, 1]},
								"east": {"uv": [282, 265], "uv_size": [1, 1]},
								"south": {"uv": [282, 265], "uv_size": [1, 1]},
								"west": {"uv": [282, 265], "uv_size": [1, 1]},
								"up": {"uv": [282, 256], "uv_size": [1, 1]},
								"down": {"uv": [282, 257], "uv_size": [1, -1]}
							}
						},
						{
							"origin": [-2.5, 28, -30.5],
							"size": [1, 0.5, 1],
							"uv": {
								"north": {"uv": [282, 265], "uv_size": [1, 1]},
								"east": {"uv": [282, 265], "uv_size": [1, 1]},
								"south": {"uv": [282, 265], "uv_size": [1, 1]},
								"west": {"uv": [282, 265], "uv_size": [1, 1]},
								"up": {"uv": [282, 256], "uv_size": [1, 1]},
								"down": {"uv": [282, 257], "uv_size": [1, -1]}
							}
						},
						{
							"origin": [-4.5, 28, -30.5],
							"size": [1, 0.5, 1],
							"uv": {
								"north": {"uv": [282, 265], "uv_size": [1, 1]},
								"east": {"uv": [282, 265], "uv_size": [1, 1]},
								"south": {"uv": [282, 265], "uv_size": [1, 1]},
								"west": {"uv": [282, 265], "uv_size": [1, 1]},
								"up": {"uv": [282, 256], "uv_size": [1, 1]},
								"down": {"uv": [282, 257], "uv_size": [1, -1]}
							}
						},
						{
							"origin": [-4.5, 28, -32.5],
							"size": [1, 0.5, 1],
							"uv": {
								"north": {"uv": [282, 265], "uv_size": [1, 1]},
								"east": {"uv": [282, 265], "uv_size": [1, 1]},
								"south": {"uv": [282, 265], "uv_size": [1, 1]},
								"west": {"uv": [282, 265], "uv_size": [1, 1]},
								"up": {"uv": [282, 256], "uv_size": [1, 1]},
								"down": {"uv": [282, 257], "uv_size": [1, -1]}
							}
						},
						{
							"origin": [-3.5, 28, -31.5],
							"size": [1, 0.5, 1],
							"uv": {
								"north": {"uv": [282, 265], "uv_size": [1, 1]},
								"east": {"uv": [282, 265], "uv_size": [1, 1]},
								"south": {"uv": [282, 265], "uv_size": [1, 1]},
								"west": {"uv": [282, 265], "uv_size": [1, 1]},
								"up": {"uv": [282, 256], "uv_size": [1, 1]},
								"down": {"uv": [282, 257], "uv_size": [1, -1]}
							}
						},
						{
							"origin": [-2.5, 28, -32.5],
							"size": [1, 0.5, 1],
							"uv": {
								"north": {"uv": [282, 265], "uv_size": [1, 1]},
								"east": {"uv": [282, 265], "uv_size": [1, 1]},
								"south": {"uv": [282, 265], "uv_size": [1, 1]},
								"west": {"uv": [282, 265], "uv_size": [1, 1]},
								"up": {"uv": [282, 256], "uv_size": [1, 1]},
								"down": {"uv": [282, 257], "uv_size": [1, -1]}
							}
						},
						{
							"origin": [-1.5, 28, -31.5],
							"size": [1, 0.5, 1],
							"uv": {
								"north": {"uv": [282, 265], "uv_size": [1, 1]},
								"east": {"uv": [282, 265], "uv_size": [1, 1]},
								"south": {"uv": [282, 265], "uv_size": [1, 1]},
								"west": {"uv": [282, 265], "uv_size": [1, 1]},
								"up": {"uv": [282, 256], "uv_size": [1, 1]},
								"down": {"uv": [282, 257], "uv_size": [1, -1]}
							}
						},
						{
							"origin": [-0.5, 28, -32.5],
							"size": [1, 0.5, 1],
							"uv": {
								"north": {"uv": [282, 265], "uv_size": [1, 1]},
								"east": {"uv": [282, 265], "uv_size": [1, 1]},
								"south": {"uv": [282, 265], "uv_size": [1, 1]},
								"west": {"uv": [282, 265], "uv_size": [1, 1]},
								"up": {"uv": [282, 256], "uv_size": [1, 1]},
								"down": {"uv": [282, 257], "uv_size": [1, -1]}
							}
						},
						{
							"origin": [-0.5, 28, -30.5],
							"size": [1, 0.5, 1],
							"uv": {
								"north": {"uv": [282, 265], "uv_size": [1, 1]},
								"east": {"uv": [282, 265], "uv_size": [1, 1]},
								"south": {"uv": [282, 265], "uv_size": [1, 1]},
								"west": {"uv": [282, 265], "uv_size": [1, 1]},
								"up": {"uv": [282, 256], "uv_size": [1, 1]},
								"down": {"uv": [282, 257], "uv_size": [1, -1]}
							}
						},
						{
							"origin": [-0.5, 28, -28.5],
							"size": [1, 0.5, 1],
							"uv": {
								"north": {"uv": [282, 265], "uv_size": [1, 1]},
								"east": {"uv": [282, 265], "uv_size": [1, 1]},
								"south": {"uv": [282, 265], "uv_size": [1, 1]},
								"west": {"uv": [282, 265], "uv_size": [1, 1]},
								"up": {"uv": [282, 256], "uv_size": [1, 1]},
								"down": {"uv": [282, 257], "uv_size": [1, -1]}
							}
						},
						{
							"origin": [-0.5, 28, -26.5],
							"size": [1, 0.5, 1],
							"uv": {
								"north": {"uv": [282, 265], "uv_size": [1, 1]},
								"east": {"uv": [282, 265], "uv_size": [1, 1]},
								"south": {"uv": [282, 265], "uv_size": [1, 1]},
								"west": {"uv": [282, 265], "uv_size": [1, 1]},
								"up": {"uv": [282, 256], "uv_size": [1, 1]},
								"down": {"uv": [282, 257], "uv_size": [1, -1]}
							}
						},
						{
							"origin": [0.5, 28, -25.5],
							"size": [1, 0.5, 1],
							"uv": {
								"north": {"uv": [282, 265], "uv_size": [1, 1]},
								"east": {"uv": [282, 265], "uv_size": [1, 1]},
								"south": {"uv": [282, 265], "uv_size": [1, 1]},
								"west": {"uv": [282, 265], "uv_size": [1, 1]},
								"up": {"uv": [282, 256], "uv_size": [1, 1]},
								"down": {"uv": [282, 257], "uv_size": [1, -1]}
							}
						},
						{
							"origin": [0.5, 28, -27.5],
							"size": [1, 0.5, 1],
							"uv": {
								"north": {"uv": [282, 265], "uv_size": [1, 1]},
								"east": {"uv": [282, 265], "uv_size": [1, 1]},
								"south": {"uv": [282, 265], "uv_size": [1, 1]},
								"west": {"uv": [282, 265], "uv_size": [1, 1]},
								"up": {"uv": [282, 256], "uv_size": [1, 1]},
								"down": {"uv": [282, 257], "uv_size": [1, -1]}
							}
						},
						{
							"origin": [0.5, 28, -29.5],
							"size": [1, 0.5, 1],
							"uv": {
								"north": {"uv": [282, 265], "uv_size": [1, 1]},
								"east": {"uv": [282, 265], "uv_size": [1, 1]},
								"south": {"uv": [282, 265], "uv_size": [1, 1]},
								"west": {"uv": [282, 265], "uv_size": [1, 1]},
								"up": {"uv": [282, 256], "uv_size": [1, 1]},
								"down": {"uv": [282, 257], "uv_size": [1, -1]}
							}
						},
						{
							"origin": [0.5, 28, -31.5],
							"size": [1, 0.5, 1],
							"uv": {
								"north": {"uv": [282, 265], "uv_size": [1, 1]},
								"east": {"uv": [282, 265], "uv_size": [1, 1]},
								"south": {"uv": [282, 265], "uv_size": [1, 1]},
								"west": {"uv": [282, 265], "uv_size": [1, 1]},
								"up": {"uv": [282, 256], "uv_size": [1, 1]},
								"down": {"uv": [282, 257], "uv_size": [1, -1]}
							}
						},
						{
							"origin": [1.5, 28, -32.5],
							"size": [1, 0.5, 1],
							"uv": {
								"north": {"uv": [282, 265], "uv_size": [1, 1]},
								"east": {"uv": [282, 265], "uv_size": [1, 1]},
								"south": {"uv": [282, 265], "uv_size": [1, 1]},
								"west": {"uv": [282, 265], "uv_size": [1, 1]},
								"up": {"uv": [282, 256], "uv_size": [1, 1]},
								"down": {"uv": [282, 257], "uv_size": [1, -1]}
							}
						},
						{
							"origin": [1.5, 28, -30.5],
							"size": [1, 0.5, 1],
							"uv": {
								"north": {"uv": [282, 265], "uv_size": [1, 1]},
								"east": {"uv": [282, 265], "uv_size": [1, 1]},
								"south": {"uv": [282, 265], "uv_size": [1, 1]},
								"west": {"uv": [282, 265], "uv_size": [1, 1]},
								"up": {"uv": [282, 256], "uv_size": [1, 1]},
								"down": {"uv": [282, 257], "uv_size": [1, -1]}
							}
						},
						{
							"origin": [1.5, 28, -28.5],
							"size": [1, 0.5, 1],
							"uv": {
								"north": {"uv": [282, 265], "uv_size": [1, 1]},
								"east": {"uv": [282, 265], "uv_size": [1, 1]},
								"south": {"uv": [282, 265], "uv_size": [1, 1]},
								"west": {"uv": [282, 265], "uv_size": [1, 1]},
								"up": {"uv": [282, 256], "uv_size": [1, 1]},
								"down": {"uv": [282, 257], "uv_size": [1, -1]}
							}
						},
						{
							"origin": [1.5, 28, -26.5],
							"size": [1, 0.5, 1],
							"uv": {
								"north": {"uv": [282, 265], "uv_size": [1, 1]},
								"east": {"uv": [282, 265], "uv_size": [1, 1]},
								"south": {"uv": [282, 265], "uv_size": [1, 1]},
								"west": {"uv": [282, 265], "uv_size": [1, 1]},
								"up": {"uv": [282, 256], "uv_size": [1, 1]},
								"down": {"uv": [282, 257], "uv_size": [1, -1]}
							}
						},
						{
							"origin": [2.5, 28, -25.5],
							"size": [1, 0.5, 1],
							"uv": {
								"north": {"uv": [282, 265], "uv_size": [1, 1]},
								"east": {"uv": [282, 265], "uv_size": [1, 1]},
								"south": {"uv": [282, 265], "uv_size": [1, 1]},
								"west": {"uv": [282, 265], "uv_size": [1, 1]},
								"up": {"uv": [282, 256], "uv_size": [1, 1]},
								"down": {"uv": [282, 257], "uv_size": [1, -1]}
							}
						},
						{
							"origin": [2.5, 28, -27.5],
							"size": [1, 0.5, 1],
							"uv": {
								"north": {"uv": [282, 265], "uv_size": [1, 1]},
								"east": {"uv": [282, 265], "uv_size": [1, 1]},
								"south": {"uv": [282, 265], "uv_size": [1, 1]},
								"west": {"uv": [282, 265], "uv_size": [1, 1]},
								"up": {"uv": [282, 256], "uv_size": [1, 1]},
								"down": {"uv": [282, 257], "uv_size": [1, -1]}
							}
						},
						{
							"origin": [2.5, 28, -29.5],
							"size": [1, 0.5, 1],
							"uv": {
								"north": {"uv": [282, 265], "uv_size": [1, 1]},
								"east": {"uv": [282, 265], "uv_size": [1, 1]},
								"south": {"uv": [282, 265], "uv_size": [1, 1]},
								"west": {"uv": [282, 265], "uv_size": [1, 1]},
								"up": {"uv": [282, 256], "uv_size": [1, 1]},
								"down": {"uv": [282, 257], "uv_size": [1, -1]}
							}
						},
						{
							"origin": [2.5, 28, -31.5],
							"size": [1, 0.5, 1],
							"uv": {
								"north": {"uv": [282, 265], "uv_size": [1, 1]},
								"east": {"uv": [282, 265], "uv_size": [1, 1]},
								"south": {"uv": [282, 265], "uv_size": [1, 1]},
								"west": {"uv": [282, 265], "uv_size": [1, 1]},
								"up": {"uv": [282, 256], "uv_size": [1, 1]},
								"down": {"uv": [282, 257], "uv_size": [1, -1]}
							}
						},
						{
							"origin": [3.5, 28, -32.5],
							"size": [1, 0.5, 1],
							"uv": {
								"north": {"uv": [282, 265], "uv_size": [1, 1]},
								"east": {"uv": [282, 265], "uv_size": [1, 1]},
								"south": {"uv": [282, 265], "uv_size": [1, 1]},
								"west": {"uv": [282, 265], "uv_size": [1, 1]},
								"up": {"uv": [282, 256], "uv_size": [1, 1]},
								"down": {"uv": [282, 257], "uv_size": [1, -1]}
							}
						},
						{
							"origin": [3.5, 28, -30.5],
							"size": [1, 0.5, 1],
							"uv": {
								"north": {"uv": [282, 265], "uv_size": [1, 1]},
								"east": {"uv": [282, 265], "uv_size": [1, 1]},
								"south": {"uv": [282, 265], "uv_size": [1, 1]},
								"west": {"uv": [282, 265], "uv_size": [1, 1]},
								"up": {"uv": [282, 256], "uv_size": [1, 1]},
								"down": {"uv": [282, 257], "uv_size": [1, -1]}
							}
						},
						{
							"origin": [3.5, 28, -28.5],
							"size": [1, 0.5, 1],
							"uv": {
								"north": {"uv": [282, 265], "uv_size": [1, 1]},
								"east": {"uv": [282, 265], "uv_size": [1, 1]},
								"south": {"uv": [282, 265], "uv_size": [1, 1]},
								"west": {"uv": [282, 265], "uv_size": [1, 1]},
								"up": {"uv": [282, 256], "uv_size": [1, 1]},
								"down": {"uv": [282, 257], "uv_size": [1, -1]}
							}
						},
						{
							"origin": [3.5, 28, -26.5],
							"size": [1, 0.5, 1],
							"uv": {
								"north": {"uv": [282, 265], "uv_size": [1, 1]},
								"east": {"uv": [282, 265], "uv_size": [1, 1]},
								"south": {"uv": [282, 265], "uv_size": [1, 1]},
								"west": {"uv": [282, 265], "uv_size": [1, 1]},
								"up": {"uv": [282, 256], "uv_size": [1, 1]},
								"down": {"uv": [282, 257], "uv_size": [1, -1]}
							}
						},
						{
							"origin": [4.5, 28, -33.5],
							"size": [1, 0.5, 10],
							"uv": {
								"north": {"uv": [282, 265], "uv_size": [1, 1]},
								"east": {"uv": [282, 265], "uv_size": [10, 1]},
								"south": {"uv": [282, 265], "uv_size": [1, 1]},
								"west": {"uv": [282, 265], "uv_size": [10, 1]},
								"up": {"uv": [282, 256], "uv_size": [1, 10]},
								"down": {"uv": [282, 266], "uv_size": [1, -10]}
							}
						},
						{
							"origin": [-4.5, 28, -24.5],
							"size": [9, 0.5, 1],
							"uv": {
								"north": {"uv": [282, 265], "uv_size": [1, 1]},
								"east": {"uv": [282, 265], "uv_size": [10, 1]},
								"south": {"uv": [282, 265], "uv_size": [1, 1]},
								"west": {"uv": [282, 265], "uv_size": [10, 1]},
								"up": {"uv": [282, 256], "uv_size": [1, 10]},
								"down": {"uv": [282, 266], "uv_size": [1, -10]}
							}
						},
						{
							"origin": [-5.5, 28, -33.5],
							"size": [1, 0.5, 10],
							"uv": {
								"north": {"uv": [282, 265], "uv_size": [1, 1]},
								"east": {"uv": [282, 265], "uv_size": [10, 1]},
								"south": {"uv": [282, 265], "uv_size": [1, 1]},
								"west": {"uv": [282, 265], "uv_size": [10, 1]},
								"up": {"uv": [282, 256], "uv_size": [1, 10]},
								"down": {"uv": [282, 266], "uv_size": [1, -10]}
							}
						},
						{
							"origin": [-4.5, 28, -33.5],
							"size": [9, 0.5, 1],
							"uv": {
								"north": {"uv": [282, 265], "uv_size": [1, 1]},
								"east": {"uv": [282, 265], "uv_size": [10, 1]},
								"south": {"uv": [282, 265], "uv_size": [1, 1]},
								"west": {"uv": [282, 265], "uv_size": [10, 1]},
								"up": {"uv": [282, 256], "uv_size": [1, 10]},
								"down": {"uv": [282, 266], "uv_size": [1, -10]}
							}
						},
						{"origin": [-8.5, 26, -33.5], "size": [3, 3, 10], "uv": [130, 295]},
						{"origin": [5.5, 26, -33.5], "size": [3, 3, 10], "uv": [212, 299]},
						{"origin": [11.5, 4, -30.5], "size": [1, 1, 14], "uv": [170, 251]},
						{"origin": [11.5, 4, 17.5], "size": [1, 1, 14], "uv": [288, 92]},
						{"origin": [-12.5, 4, -30.5], "size": [1, 1, 14], "uv": [288, 107]},
						{"origin": [-12.5, 4, 17.5], "size": [1, 1, 14], "uv": [280, 288]},
						{
							"origin": [10.5, 14, -5.5],
							"size": [0.5, 9, 1],
							"uv": {
								"north": {"uv": [96, 301], "uv_size": [1, 9]},
								"east": {"uv": [96, 301], "uv_size": [1, 9]},
								"south": {"uv": [96, 301], "uv_size": [1, 9]},
								"west": {"uv": [96, 301], "uv_size": [1, 9]},
								"up": {"uv": [96, 301], "uv_size": [1, 1]},
								"down": {"uv": [96, 310], "uv_size": [1, -1]}
							}
						},
						{
							"origin": [10.5, 22, -4.5],
							"size": [0.5, 1, 10],
							"uv": {
								"north": {"uv": [107, 309], "uv_size": [1, 1]},
								"east": {"uv": [97, 309], "uv_size": [10, 1]},
								"south": {"uv": [96, 309], "uv_size": [1, 1]},
								"west": {"uv": [107, 309], "uv_size": [-10, 1]},
								"up": {"uv": [97, 309], "uv_size": [10, 1]},
								"down": {"uv": [97, 310], "uv_size": [10, -1]}
							}
						},
						{
							"origin": [10.5, 20, -4.5],
							"size": [0.5, 1, 10],
							"uv": {
								"north": {"uv": [107, 303], "uv_size": [1, 1]},
								"east": {"uv": [97, 303], "uv_size": [10, 1]},
								"south": {"uv": [96, 303], "uv_size": [1, 1]},
								"west": {"uv": [107, 303], "uv_size": [-10, 1]},
								"up": {"uv": [97, 303], "uv_size": [10, 1]},
								"down": {"uv": [97, 304], "uv_size": [10, -1]}
							}
						},
						{
							"origin": [10.5, 14, -4.5],
							"size": [0.5, 1, 10],
							"uv": {
								"north": {"uv": [107, 309], "uv_size": [1, 1]},
								"east": {"uv": [97, 309], "uv_size": [10, 1]},
								"south": {"uv": [96, 309], "uv_size": [1, 1]},
								"west": {"uv": [107, 309], "uv_size": [-10, 1]},
								"up": {"uv": [97, 309], "uv_size": [10, 1]},
								"down": {"uv": [97, 310], "uv_size": [10, -1]}
							}
						},
						{
							"origin": [10.5, 14, 5.5],
							"size": [0.5, 9, 1],
							"uv": {
								"north": {"uv": [107, 309], "uv_size": [1, 1]},
								"east": {"uv": [107, 309], "uv_size": [1, 1]},
								"south": {"uv": [107, 301], "uv_size": [1, 9]},
								"west": {"uv": [107, 301], "uv_size": [1, 9]},
								"up": {"uv": [107, 301], "uv_size": [1, 1]},
								"down": {"uv": [107, 310], "uv_size": [1, -1]}
							}
						},
						{
							"origin": [-11.5, 14, -5.5],
							"size": [0.5, 9, 1],
							"uv": {
								"north": {"uv": [96, 301], "uv_size": [1, 9]},
								"east": {"uv": [96, 301], "uv_size": [1, 9]},
								"south": {"uv": [96, 301], "uv_size": [1, 9]},
								"west": {"uv": [96, 301], "uv_size": [1, 9]},
								"up": {"uv": [96, 301], "uv_size": [1, 1]},
								"down": {"uv": [96, 310], "uv_size": [1, -1]}
							}
						},
						{
							"origin": [-11.5, 22, -4.5],
							"size": [0.5, 1, 10],
							"uv": {
								"north": {"uv": [107, 309], "uv_size": [1, 1]},
								"east": {"uv": [97, 309], "uv_size": [10, 1]},
								"south": {"uv": [96, 309], "uv_size": [1, 1]},
								"west": {"uv": [107, 309], "uv_size": [-10, 1]},
								"up": {"uv": [97, 309], "uv_size": [10, 1]},
								"down": {"uv": [97, 310], "uv_size": [10, -1]}
							}
						},
						{
							"origin": [-11.5, 20, -4.5],
							"size": [0.5, 1, 10],
							"uv": {
								"north": {"uv": [107, 303], "uv_size": [1, 1]},
								"east": {"uv": [97, 303], "uv_size": [10, 1]},
								"south": {"uv": [96, 303], "uv_size": [1, 1]},
								"west": {"uv": [107, 303], "uv_size": [-10, 1]},
								"up": {"uv": [97, 303], "uv_size": [10, 1]},
								"down": {"uv": [97, 304], "uv_size": [10, -1]}
							}
						},
						{
							"origin": [-11.5, 14, -4.5],
							"size": [0.5, 1, 10],
							"uv": {
								"north": {"uv": [107, 309], "uv_size": [1, 1]},
								"east": {"uv": [97, 309], "uv_size": [10, 1]},
								"south": {"uv": [96, 309], "uv_size": [1, 1]},
								"west": {"uv": [107, 309], "uv_size": [-10, 1]},
								"up": {"uv": [97, 309], "uv_size": [10, 1]},
								"down": {"uv": [97, 310], "uv_size": [10, -1]}
							}
						},
						{
							"origin": [-11.5, 14, 5.5],
							"size": [0.5, 9, 1],
							"uv": {
								"north": {"uv": [107, 309], "uv_size": [1, 1]},
								"east": {"uv": [107, 309], "uv_size": [1, 1]},
								"south": {"uv": [107, 301], "uv_size": [1, 9]},
								"west": {"uv": [107, 301], "uv_size": [1, 9]},
								"up": {"uv": [107, 301], "uv_size": [1, 1]},
								"down": {"uv": [107, 310], "uv_size": [1, -1]}
							}
						},
						{"origin": [8.5, 5, -16.5], "size": [3, 9, 34], "uv": [130, 173]},
						{"origin": [11, 10, -16.6], "size": [1, 1, 34.2], "inflate": -0.01, "uv": [214, 124]},
						{"origin": [11, 10, 31.4], "size": [1, 1, 11.2], "inflate": -0.01, "uv": [238, 299]},
						{"origin": [-12, 10, 31.4], "size": [1, 1, 11.2], "inflate": -0.01, "uv": [0, 303]},
						{"origin": [-12, 10, -16.6], "size": [1, 1, 34.2], "inflate": -0.01, "uv": [130, 216]},
						{"origin": [8.5, 14, -16.5], "size": [3, 10, 11], "uv": [0, 282]},
						{"origin": [8.5, 23, -5.5], "size": [3, 1, 12], "uv": [292, 53]},
						{"origin": [8.5, 14, 6.5], "size": [3, 10, 11], "uv": [28, 282]},
						{"origin": [6.5, 5, 31.5], "size": [5, 19, 11], "uv": [92, 259]},
						{"origin": [-2, 3, -46.5], "size": [1, 1, 2], "uv": [304, 242]},
						{"origin": [-2, 3, -47.5], "size": [4, 1, 1], "uv": [288, 122]},
						{"origin": [1, 3, -46.5], "size": [1, 1, 2], "uv": [300, 155]},
						{"origin": [-2, 3, -44.5], "size": [4, 1, 1], "uv": [284, 157]},
						{"origin": [-1, 3, -43.5], "size": [2, 1, 2], "uv": [84, 282]},
						{"origin": [-11.5, 14, -16.5], "size": [3, 10, 11], "uv": [56, 282]},
						{"origin": [-11.5, 23, -5.5], "size": [3, 1, 12], "uv": [292, 66]},
						{"origin": [-11.5, 5, -16.5], "size": [3, 9, 34], "uv": [204, 173]},
						{"origin": [-8.5, 6, -14.5], "size": [6, 2, 30], "uv": [200, 216]},
						{"origin": [2.5, 6, -14.5], "size": [7, 2, 30], "uv": [214, 92]},
						{"origin": [7.5, 8, -14.5], "size": [1, 5, 30], "uv": [0, 224]},
						{"origin": [-8.5, 8, -14.5], "size": [1, 5, 30], "uv": [62, 224]},
						{"origin": [-11.5, 14, 6.5], "size": [3, 10, 11], "uv": [284, 124]},
						{"origin": [-11.5, 5, 31.5], "size": [5, 19, 11], "uv": [216, 269]},
						{"origin": [11, 10, -38.6], "size": [1, 1, 11.2], "inflate": -0.01, "pivot": [0, 15, -34.5], "rotation": [0, 180, 0], "uv": [48, 303]},
						{"origin": [-12, 10, -38.6], "size": [1, 1, 11.2], "inflate": -0.01, "pivot": [0, 15, -34.5], "rotation": [0, 180, 0], "uv": [24, 303]},
						{"origin": [6.5, 5, -38.5], "size": [5, 19, 11], "pivot": [0, 15, -34.5], "rotation": [0, 180, 0], "uv": [248, 269]},
						{"origin": [-11.5, 5, -38.5], "size": [5, 19, 11], "pivot": [0, 15, -34.5], "rotation": [0, 180, 0], "uv": [272, 216]},
						{
							"origin": [-4.5, 28, 24.5],
							"size": [9, 0.5, 1],
							"uv": {
								"north": {"uv": [282, 265], "uv_size": [1, 1]},
								"east": {"uv": [282, 265], "uv_size": [10, 1]},
								"south": {"uv": [282, 265], "uv_size": [1, 1]},
								"west": {"uv": [282, 265], "uv_size": [10, 1]},
								"up": {"uv": [282, 256], "uv_size": [1, 10]},
								"down": {"uv": [282, 266], "uv_size": [1, -10]}
							}
						},
						{
							"origin": [-5.5, 28, 24.5],
							"size": [1, 0.5, 10],
							"uv": {
								"north": {"uv": [282, 265], "uv_size": [1, 1]},
								"east": {"uv": [282, 265], "uv_size": [10, 1]},
								"south": {"uv": [282, 265], "uv_size": [1, 1]},
								"west": {"uv": [282, 265], "uv_size": [10, 1]},
								"up": {"uv": [282, 256], "uv_size": [1, 10]},
								"down": {"uv": [282, 266], "uv_size": [1, -10]}
							}
						},
						{
							"origin": [-4.5, 28, 33.5],
							"size": [9, 0.5, 1],
							"uv": {
								"north": {"uv": [282, 265], "uv_size": [1, 1]},
								"east": {"uv": [282, 265], "uv_size": [10, 1]},
								"south": {"uv": [282, 265], "uv_size": [1, 1]},
								"west": {"uv": [282, 265], "uv_size": [10, 1]},
								"up": {"uv": [282, 256], "uv_size": [1, 10]},
								"down": {"uv": [282, 266], "uv_size": [1, -10]}
							}
						},
						{
							"origin": [4.5, 28, 24.5],
							"size": [1, 0.5, 10],
							"uv": {
								"north": {"uv": [282, 265], "uv_size": [1, 1]},
								"east": {"uv": [282, 265], "uv_size": [10, 1]},
								"south": {"uv": [282, 265], "uv_size": [1, 1]},
								"west": {"uv": [282, 265], "uv_size": [10, 1]},
								"up": {"uv": [282, 256], "uv_size": [1, 10]},
								"down": {"uv": [282, 266], "uv_size": [1, -10]}
							}
						},
						{
							"origin": [3.5, 28, 31.5],
							"size": [1, 0.5, 1],
							"uv": {
								"north": {"uv": [282, 265], "uv_size": [1, 1]},
								"east": {"uv": [282, 265], "uv_size": [1, 1]},
								"south": {"uv": [282, 265], "uv_size": [1, 1]},
								"west": {"uv": [282, 265], "uv_size": [1, 1]},
								"up": {"uv": [282, 256], "uv_size": [1, 1]},
								"down": {"uv": [282, 257], "uv_size": [1, -1]}
							}
						},
						{
							"origin": [3.5, 28, 29.5],
							"size": [1, 0.5, 1],
							"uv": {
								"north": {"uv": [282, 265], "uv_size": [1, 1]},
								"east": {"uv": [282, 265], "uv_size": [1, 1]},
								"south": {"uv": [282, 265], "uv_size": [1, 1]},
								"west": {"uv": [282, 265], "uv_size": [1, 1]},
								"up": {"uv": [282, 256], "uv_size": [1, 1]},
								"down": {"uv": [282, 257], "uv_size": [1, -1]}
							}
						},
						{
							"origin": [3.5, 28, 27.5],
							"size": [1, 0.5, 1],
							"uv": {
								"north": {"uv": [282, 265], "uv_size": [1, 1]},
								"east": {"uv": [282, 265], "uv_size": [1, 1]},
								"south": {"uv": [282, 265], "uv_size": [1, 1]},
								"west": {"uv": [282, 265], "uv_size": [1, 1]},
								"up": {"uv": [282, 256], "uv_size": [1, 1]},
								"down": {"uv": [282, 257], "uv_size": [1, -1]}
							}
						},
						{
							"origin": [3.5, 28, 25.5],
							"size": [1, 0.5, 1],
							"uv": {
								"north": {"uv": [282, 265], "uv_size": [1, 1]},
								"east": {"uv": [282, 265], "uv_size": [1, 1]},
								"south": {"uv": [282, 265], "uv_size": [1, 1]},
								"west": {"uv": [282, 265], "uv_size": [1, 1]},
								"up": {"uv": [282, 256], "uv_size": [1, 1]},
								"down": {"uv": [282, 257], "uv_size": [1, -1]}
							}
						},
						{
							"origin": [2.5, 28, 26.5],
							"size": [1, 0.5, 1],
							"uv": {
								"north": {"uv": [282, 265], "uv_size": [1, 1]},
								"east": {"uv": [282, 265], "uv_size": [1, 1]},
								"south": {"uv": [282, 265], "uv_size": [1, 1]},
								"west": {"uv": [282, 265], "uv_size": [1, 1]},
								"up": {"uv": [282, 256], "uv_size": [1, 1]},
								"down": {"uv": [282, 257], "uv_size": [1, -1]}
							}
						},
						{
							"origin": [2.5, 28, 28.5],
							"size": [1, 0.5, 1],
							"uv": {
								"north": {"uv": [282, 265], "uv_size": [1, 1]},
								"east": {"uv": [282, 265], "uv_size": [1, 1]},
								"south": {"uv": [282, 265], "uv_size": [1, 1]},
								"west": {"uv": [282, 265], "uv_size": [1, 1]},
								"up": {"uv": [282, 256], "uv_size": [1, 1]},
								"down": {"uv": [282, 257], "uv_size": [1, -1]}
							}
						},
						{
							"origin": [2.5, 28, 30.5],
							"size": [1, 0.5, 1],
							"uv": {
								"north": {"uv": [282, 265], "uv_size": [1, 1]},
								"east": {"uv": [282, 265], "uv_size": [1, 1]},
								"south": {"uv": [282, 265], "uv_size": [1, 1]},
								"west": {"uv": [282, 265], "uv_size": [1, 1]},
								"up": {"uv": [282, 256], "uv_size": [1, 1]},
								"down": {"uv": [282, 257], "uv_size": [1, -1]}
							}
						},
						{
							"origin": [2.5, 28, 32.5],
							"size": [1, 0.5, 1],
							"uv": {
								"north": {"uv": [282, 265], "uv_size": [1, 1]},
								"east": {"uv": [282, 265], "uv_size": [1, 1]},
								"south": {"uv": [282, 265], "uv_size": [1, 1]},
								"west": {"uv": [282, 265], "uv_size": [1, 1]},
								"up": {"uv": [282, 256], "uv_size": [1, 1]},
								"down": {"uv": [282, 257], "uv_size": [1, -1]}
							}
						},
						{
							"origin": [1.5, 28, 31.5],
							"size": [1, 0.5, 1],
							"uv": {
								"north": {"uv": [282, 265], "uv_size": [1, 1]},
								"east": {"uv": [282, 265], "uv_size": [1, 1]},
								"south": {"uv": [282, 265], "uv_size": [1, 1]},
								"west": {"uv": [282, 265], "uv_size": [1, 1]},
								"up": {"uv": [282, 256], "uv_size": [1, 1]},
								"down": {"uv": [282, 257], "uv_size": [1, -1]}
							}
						},
						{
							"origin": [1.5, 28, 29.5],
							"size": [1, 0.5, 1],
							"uv": {
								"north": {"uv": [282, 265], "uv_size": [1, 1]},
								"east": {"uv": [282, 265], "uv_size": [1, 1]},
								"south": {"uv": [282, 265], "uv_size": [1, 1]},
								"west": {"uv": [282, 265], "uv_size": [1, 1]},
								"up": {"uv": [282, 256], "uv_size": [1, 1]},
								"down": {"uv": [282, 257], "uv_size": [1, -1]}
							}
						},
						{
							"origin": [1.5, 28, 27.5],
							"size": [1, 0.5, 1],
							"uv": {
								"north": {"uv": [282, 265], "uv_size": [1, 1]},
								"east": {"uv": [282, 265], "uv_size": [1, 1]},
								"south": {"uv": [282, 265], "uv_size": [1, 1]},
								"west": {"uv": [282, 265], "uv_size": [1, 1]},
								"up": {"uv": [282, 256], "uv_size": [1, 1]},
								"down": {"uv": [282, 257], "uv_size": [1, -1]}
							}
						},
						{
							"origin": [1.5, 28, 25.5],
							"size": [1, 0.5, 1],
							"uv": {
								"north": {"uv": [282, 265], "uv_size": [1, 1]},
								"east": {"uv": [282, 265], "uv_size": [1, 1]},
								"south": {"uv": [282, 265], "uv_size": [1, 1]},
								"west": {"uv": [282, 265], "uv_size": [1, 1]},
								"up": {"uv": [282, 256], "uv_size": [1, 1]},
								"down": {"uv": [282, 257], "uv_size": [1, -1]}
							}
						},
						{
							"origin": [0.5, 28, 26.5],
							"size": [1, 0.5, 1],
							"uv": {
								"north": {"uv": [282, 265], "uv_size": [1, 1]},
								"east": {"uv": [282, 265], "uv_size": [1, 1]},
								"south": {"uv": [282, 265], "uv_size": [1, 1]},
								"west": {"uv": [282, 265], "uv_size": [1, 1]},
								"up": {"uv": [282, 256], "uv_size": [1, 1]},
								"down": {"uv": [282, 257], "uv_size": [1, -1]}
							}
						},
						{
							"origin": [0.5, 28, 28.5],
							"size": [1, 0.5, 1],
							"uv": {
								"north": {"uv": [282, 265], "uv_size": [1, 1]},
								"east": {"uv": [282, 265], "uv_size": [1, 1]},
								"south": {"uv": [282, 265], "uv_size": [1, 1]},
								"west": {"uv": [282, 265], "uv_size": [1, 1]},
								"up": {"uv": [282, 256], "uv_size": [1, 1]},
								"down": {"uv": [282, 257], "uv_size": [1, -1]}
							}
						},
						{
							"origin": [0.5, 28, 30.5],
							"size": [1, 0.5, 1],
							"uv": {
								"north": {"uv": [282, 265], "uv_size": [1, 1]},
								"east": {"uv": [282, 265], "uv_size": [1, 1]},
								"south": {"uv": [282, 265], "uv_size": [1, 1]},
								"west": {"uv": [282, 265], "uv_size": [1, 1]},
								"up": {"uv": [282, 256], "uv_size": [1, 1]},
								"down": {"uv": [282, 257], "uv_size": [1, -1]}
							}
						},
						{
							"origin": [0.5, 28, 32.5],
							"size": [1, 0.5, 1],
							"uv": {
								"north": {"uv": [282, 265], "uv_size": [1, 1]},
								"east": {"uv": [282, 265], "uv_size": [1, 1]},
								"south": {"uv": [282, 265], "uv_size": [1, 1]},
								"west": {"uv": [282, 265], "uv_size": [1, 1]},
								"up": {"uv": [282, 256], "uv_size": [1, 1]},
								"down": {"uv": [282, 257], "uv_size": [1, -1]}
							}
						},
						{
							"origin": [-0.5, 28, 31.5],
							"size": [1, 0.5, 1],
							"uv": {
								"north": {"uv": [282, 265], "uv_size": [1, 1]},
								"east": {"uv": [282, 265], "uv_size": [1, 1]},
								"south": {"uv": [282, 265], "uv_size": [1, 1]},
								"west": {"uv": [282, 265], "uv_size": [1, 1]},
								"up": {"uv": [282, 256], "uv_size": [1, 1]},
								"down": {"uv": [282, 257], "uv_size": [1, -1]}
							}
						},
						{
							"origin": [-0.5, 28, 29.5],
							"size": [1, 0.5, 1],
							"uv": {
								"north": {"uv": [282, 265], "uv_size": [1, 1]},
								"east": {"uv": [282, 265], "uv_size": [1, 1]},
								"south": {"uv": [282, 265], "uv_size": [1, 1]},
								"west": {"uv": [282, 265], "uv_size": [1, 1]},
								"up": {"uv": [282, 256], "uv_size": [1, 1]},
								"down": {"uv": [282, 257], "uv_size": [1, -1]}
							}
						},
						{
							"origin": [-0.5, 28, 27.5],
							"size": [1, 0.5, 1],
							"uv": {
								"north": {"uv": [282, 265], "uv_size": [1, 1]},
								"east": {"uv": [282, 265], "uv_size": [1, 1]},
								"south": {"uv": [282, 265], "uv_size": [1, 1]},
								"west": {"uv": [282, 265], "uv_size": [1, 1]},
								"up": {"uv": [282, 256], "uv_size": [1, 1]},
								"down": {"uv": [282, 257], "uv_size": [1, -1]}
							}
						},
						{
							"origin": [-0.5, 28, 25.5],
							"size": [1, 0.5, 1],
							"uv": {
								"north": {"uv": [282, 265], "uv_size": [1, 1]},
								"east": {"uv": [282, 265], "uv_size": [1, 1]},
								"south": {"uv": [282, 265], "uv_size": [1, 1]},
								"west": {"uv": [282, 265], "uv_size": [1, 1]},
								"up": {"uv": [282, 256], "uv_size": [1, 1]},
								"down": {"uv": [282, 257], "uv_size": [1, -1]}
							}
						},
						{
							"origin": [-1.5, 28, 26.5],
							"size": [1, 0.5, 1],
							"uv": {
								"north": {"uv": [282, 265], "uv_size": [1, 1]},
								"east": {"uv": [282, 265], "uv_size": [1, 1]},
								"south": {"uv": [282, 265], "uv_size": [1, 1]},
								"west": {"uv": [282, 265], "uv_size": [1, 1]},
								"up": {"uv": [282, 256], "uv_size": [1, 1]},
								"down": {"uv": [282, 257], "uv_size": [1, -1]}
							}
						},
						{
							"origin": [-2.5, 28, 25.5],
							"size": [1, 0.5, 1],
							"uv": {
								"north": {"uv": [282, 265], "uv_size": [1, 1]},
								"east": {"uv": [282, 265], "uv_size": [1, 1]},
								"south": {"uv": [282, 265], "uv_size": [1, 1]},
								"west": {"uv": [282, 265], "uv_size": [1, 1]},
								"up": {"uv": [282, 256], "uv_size": [1, 1]},
								"down": {"uv": [282, 257], "uv_size": [1, -1]}
							}
						},
						{
							"origin": [-3.5, 28, 26.5],
							"size": [1, 0.5, 1],
							"uv": {
								"north": {"uv": [282, 265], "uv_size": [1, 1]},
								"east": {"uv": [282, 265], "uv_size": [1, 1]},
								"south": {"uv": [282, 265], "uv_size": [1, 1]},
								"west": {"uv": [282, 265], "uv_size": [1, 1]},
								"up": {"uv": [282, 256], "uv_size": [1, 1]},
								"down": {"uv": [282, 257], "uv_size": [1, -1]}
							}
						},
						{
							"origin": [-4.5, 28, 25.5],
							"size": [1, 0.5, 1],
							"uv": {
								"north": {"uv": [282, 265], "uv_size": [1, 1]},
								"east": {"uv": [282, 265], "uv_size": [1, 1]},
								"south": {"uv": [282, 265], "uv_size": [1, 1]},
								"west": {"uv": [282, 265], "uv_size": [1, 1]},
								"up": {"uv": [282, 256], "uv_size": [1, 1]},
								"down": {"uv": [282, 257], "uv_size": [1, -1]}
							}
						},
						{
							"origin": [-4.5, 28, 27.5],
							"size": [1, 0.5, 1],
							"uv": {
								"north": {"uv": [282, 265], "uv_size": [1, 1]},
								"east": {"uv": [282, 265], "uv_size": [1, 1]},
								"south": {"uv": [282, 265], "uv_size": [1, 1]},
								"west": {"uv": [282, 265], "uv_size": [1, 1]},
								"up": {"uv": [282, 256], "uv_size": [1, 1]},
								"down": {"uv": [282, 257], "uv_size": [1, -1]}
							}
						},
						{
							"origin": [-2.5, 28, 27.5],
							"size": [1, 0.5, 1],
							"uv": {
								"north": {"uv": [282, 265], "uv_size": [1, 1]},
								"east": {"uv": [282, 265], "uv_size": [1, 1]},
								"south": {"uv": [282, 265], "uv_size": [1, 1]},
								"west": {"uv": [282, 265], "uv_size": [1, 1]},
								"up": {"uv": [282, 256], "uv_size": [1, 1]},
								"down": {"uv": [282, 257], "uv_size": [1, -1]}
							}
						},
						{
							"origin": [-1.5, 28, 28.5],
							"size": [1, 0.5, 1],
							"uv": {
								"north": {"uv": [282, 265], "uv_size": [1, 1]},
								"east": {"uv": [282, 265], "uv_size": [1, 1]},
								"south": {"uv": [282, 265], "uv_size": [1, 1]},
								"west": {"uv": [282, 265], "uv_size": [1, 1]},
								"up": {"uv": [282, 256], "uv_size": [1, 1]},
								"down": {"uv": [282, 257], "uv_size": [1, -1]}
							}
						},
						{
							"origin": [-2.5, 28, 29.5],
							"size": [1, 0.5, 1],
							"uv": {
								"north": {"uv": [282, 265], "uv_size": [1, 1]},
								"east": {"uv": [282, 265], "uv_size": [1, 1]},
								"south": {"uv": [282, 265], "uv_size": [1, 1]},
								"west": {"uv": [282, 265], "uv_size": [1, 1]},
								"up": {"uv": [282, 256], "uv_size": [1, 1]},
								"down": {"uv": [282, 257], "uv_size": [1, -1]}
							}
						},
						{
							"origin": [-1.5, 28, 30.5],
							"size": [1, 0.5, 1],
							"uv": {
								"north": {"uv": [282, 265], "uv_size": [1, 1]},
								"east": {"uv": [282, 265], "uv_size": [1, 1]},
								"south": {"uv": [282, 265], "uv_size": [1, 1]},
								"west": {"uv": [282, 265], "uv_size": [1, 1]},
								"up": {"uv": [282, 256], "uv_size": [1, 1]},
								"down": {"uv": [282, 257], "uv_size": [1, -1]}
							}
						},
						{
							"origin": [-1.5, 28, 32.5],
							"size": [1, 0.5, 1],
							"uv": {
								"north": {"uv": [282, 265], "uv_size": [1, 1]},
								"east": {"uv": [282, 265], "uv_size": [1, 1]},
								"south": {"uv": [282, 265], "uv_size": [1, 1]},
								"west": {"uv": [282, 265], "uv_size": [1, 1]},
								"up": {"uv": [282, 256], "uv_size": [1, 1]},
								"down": {"uv": [282, 257], "uv_size": [1, -1]}
							}
						},
						{
							"origin": [-2.5, 28, 31.5],
							"size": [1, 0.5, 1],
							"uv": {
								"north": {"uv": [282, 265], "uv_size": [1, 1]},
								"east": {"uv": [282, 265], "uv_size": [1, 1]},
								"south": {"uv": [282, 265], "uv_size": [1, 1]},
								"west": {"uv": [282, 265], "uv_size": [1, 1]},
								"up": {"uv": [282, 256], "uv_size": [1, 1]},
								"down": {"uv": [282, 257], "uv_size": [1, -1]}
							}
						},
						{
							"origin": [-3.5, 28, 32.5],
							"size": [1, 0.5, 1],
							"uv": {
								"north": {"uv": [282, 265], "uv_size": [1, 1]},
								"east": {"uv": [282, 265], "uv_size": [1, 1]},
								"south": {"uv": [282, 265], "uv_size": [1, 1]},
								"west": {"uv": [282, 265], "uv_size": [1, 1]},
								"up": {"uv": [282, 256], "uv_size": [1, 1]},
								"down": {"uv": [282, 257], "uv_size": [1, -1]}
							}
						},
						{
							"origin": [-4.5, 28, 31.5],
							"size": [1, 0.5, 1],
							"uv": {
								"north": {"uv": [282, 265], "uv_size": [1, 1]},
								"east": {"uv": [282, 265], "uv_size": [1, 1]},
								"south": {"uv": [282, 265], "uv_size": [1, 1]},
								"west": {"uv": [282, 265], "uv_size": [1, 1]},
								"up": {"uv": [282, 256], "uv_size": [1, 1]},
								"down": {"uv": [282, 257], "uv_size": [1, -1]}
							}
						},
						{
							"origin": [-3.5, 28, 30.5],
							"size": [1, 0.5, 1],
							"uv": {
								"north": {"uv": [282, 265], "uv_size": [1, 1]},
								"east": {"uv": [282, 265], "uv_size": [1, 1]},
								"south": {"uv": [282, 265], "uv_size": [1, 1]},
								"west": {"uv": [282, 265], "uv_size": [1, 1]},
								"up": {"uv": [282, 256], "uv_size": [1, 1]},
								"down": {"uv": [282, 257], "uv_size": [1, -1]}
							}
						},
						{
							"origin": [-4.5, 28, 29.5],
							"size": [1, 0.5, 1],
							"uv": {
								"north": {"uv": [282, 265], "uv_size": [1, 1]},
								"east": {"uv": [282, 265], "uv_size": [1, 1]},
								"south": {"uv": [282, 265], "uv_size": [1, 1]},
								"west": {"uv": [282, 265], "uv_size": [1, 1]},
								"up": {"uv": [282, 256], "uv_size": [1, 1]},
								"down": {"uv": [282, 257], "uv_size": [1, -1]}
							}
						},
						{
							"origin": [-3.5, 28, 28.5],
							"size": [1, 0.5, 1],
							"uv": {
								"north": {"uv": [282, 265], "uv_size": [1, 1]},
								"east": {"uv": [282, 265], "uv_size": [1, 1]},
								"south": {"uv": [282, 265], "uv_size": [1, 1]},
								"west": {"uv": [282, 265], "uv_size": [1, 1]},
								"up": {"uv": [282, 256], "uv_size": [1, 1]},
								"down": {"uv": [282, 257], "uv_size": [1, -1]}
							}
						}
					]
				},
				{
					"name": "window",
					"parent": "train_base",
					"pivot": [-6, 15, -34.5],
					"cubes": [
						{
							"origin": [-11.5, 15, -4.5],
							"size": [0, 5, 10],
							"uv": {
								"west": {"uv": [97, 304], "uv_size": [10, 5]}
							}
						},
						{
							"origin": [11, 15, -4.5],
							"size": [0, 5, 10],
							"uv": {
								"west": {"uv": [97, 304], "uv_size": [10, 5]}
							}
						},
						{
							"origin": [1.5, 15, 41],
							"size": [3, 7, 0],
							"uv": {
								"south": {"uv": [120, 307], "uv_size": [3, 7]}
							}
						},
						{
							"origin": [1.5, 15, -40],
							"size": [3, 7, 0],
							"uv": {
								"south": {"uv": [120, 307], "uv_size": [3, 7]}
							}
						},
						{
							"origin": [-4.5, 15, 41],
							"size": [3, 7, 0],
							"uv": {
								"south": {"uv": [126, 307], "uv_size": [3, 7]}
							}
						},
						{
							"origin": [-4.5, 15, -40],
							"size": [3, 7, 0],
							"uv": {
								"south": {"uv": [126, 307], "uv_size": [3, 7]}
							}
						}
					]
				},
				{
					"name": "door_half9",
					"parent": "train_base",
					"pivot": [0, 17.7, -39],
					"rotation": [0, 90, 0]
				},
				{
					"name": "door",
					"parent": "train_base",
					"pivot": [15.25, 5, -36]
				},
				{
					"name": "door_half",
					"parent": "door",
					"pivot": [9.25, 17.7, -28],
					"cubes": [
						{
							"origin": [8.75, 22, -28.5],
							"size": [0.5, 1, 3],
							"uv": {
								"north": {"uv": [5, 320], "uv_size": [1, 1]},
								"east": {"uv": [6, 320], "uv_size": [3, 1]},
								"south": {"uv": [9, 320], "uv_size": [1, 1]},
								"west": {"uv": [6, 320], "uv_size": [3, 1]},
								"up": {"uv": [6, 320], "uv_size": [3, 1]},
								"down": {"uv": [6, 321], "uv_size": [3, -1]}
							}
						},
						{
							"origin": [8.75, 14, -29.5],
							"size": [0.5, 9, 1],
							"uv": {
								"north": {"uv": [5, 320], "uv_size": [1, 9]},
								"east": {"uv": [5, 320], "uv_size": [1, 9]},
								"south": {"uv": [5, 320], "uv_size": [1, 9]},
								"west": {"uv": [5, 320], "uv_size": [1, 9]},
								"up": {"uv": [5, 320], "uv_size": [1, 1]},
								"down": {"uv": [5, 329], "uv_size": [1, -1]}
							}
						},
						{
							"origin": [8.75, 14, -28.5],
							"size": [0.5, 1, 3],
							"uv": {
								"north": {"uv": [5, 328], "uv_size": [1, 1]},
								"east": {"uv": [6, 328], "uv_size": [3, 1]},
								"south": {"uv": [9, 328], "uv_size": [1, 1]},
								"west": {"uv": [6, 328], "uv_size": [3, 1]},
								"up": {"uv": [6, 328], "uv_size": [3, 1]},
								"down": {"uv": [6, 329], "uv_size": [3, -1]}
							}
						},
						{
							"origin": [8.75, 14, -25.5],
							"size": [0.5, 9, 1],
							"uv": {
								"north": {"uv": [5, 320], "uv_size": [1, 9]},
								"east": {"uv": [9, 320], "uv_size": [1, 9]},
								"south": {"uv": [9, 320], "uv_size": [1, 9]},
								"west": {"uv": [9, 320], "uv_size": [1, 9]},
								"up": {"uv": [9, 320], "uv_size": [1, 1]},
								"down": {"uv": [9, 329], "uv_size": [1, -1]}
							}
						},
						{"origin": [8.75, 23, -30.5], "size": [1, 1, 7], "uv": [202, 312]},
						{"origin": [8.75, 14, -30.5], "size": [1, 9, 1], "uv": [164, 274]},
						{"origin": [8.75, 5, -30.5], "size": [1, 9, 7], "uv": [262, 299]},
						{"origin": [8.75, 14, -24.5], "size": [1, 9, 1], "uv": [156, 295]}
					]
				},
				{
					"name": "door_win1",
					"parent": "door_half",
					"pivot": [0, 2, 0],
					"cubes": [
						{
							"origin": [9.25, 15, -28.5],
							"size": [0, 7, 3],
							"uv": {
								"east": {"uv": [126, 307], "uv_size": [3, 7]}
							}
						}
					]
				},
				{
					"name": "door_half2",
					"parent": "door",
					"pivot": [9.25, 17.7, -21],
					"cubes": [
						{
							"origin": [8.75, 22, -21.5],
							"size": [0.5, 1, 3],
							"uv": {
								"north": {"uv": [31, 320], "uv_size": [1, 1]},
								"east": {"uv": [32, 320], "uv_size": [3, 1]},
								"south": {"uv": [35, 320], "uv_size": [1, 1]},
								"west": {"uv": [32, 320], "uv_size": [3, 1]},
								"up": {"uv": [32, 320], "uv_size": [3, 1]},
								"down": {"uv": [32, 321], "uv_size": [3, -1]}
							}
						},
						{
							"origin": [8.75, 14, -18.5],
							"size": [0.5, 9, 1],
							"uv": {
								"north": {"uv": [31, 320], "uv_size": [1, 9]},
								"east": {"uv": [35, 320], "uv_size": [1, 9]},
								"south": {"uv": [35, 320], "uv_size": [1, 9]},
								"west": {"uv": [35, 320], "uv_size": [1, 9]},
								"up": {"uv": [35, 320], "uv_size": [1, 1]},
								"down": {"uv": [35, 329], "uv_size": [1, -1]}
							}
						},
						{
							"origin": [8.75, 14, -21.5],
							"size": [0.5, 1, 3],
							"uv": {
								"north": {"uv": [31, 328], "uv_size": [1, 1]},
								"east": {"uv": [32, 328], "uv_size": [3, 1]},
								"south": {"uv": [35, 328], "uv_size": [1, 1]},
								"west": {"uv": [32, 328], "uv_size": [3, 1]},
								"up": {"uv": [32, 328], "uv_size": [3, 1]},
								"down": {"uv": [32, 329], "uv_size": [3, -1]}
							}
						},
						{
							"origin": [8.75, 14, -22.5],
							"size": [0.5, 9, 1],
							"uv": {
								"north": {"uv": [31, 320], "uv_size": [1, 9]},
								"east": {"uv": [31, 320], "uv_size": [1, 9]},
								"south": {"uv": [31, 320], "uv_size": [1, 9]},
								"west": {"uv": [31, 320], "uv_size": [1, 9]},
								"up": {"uv": [31, 320], "uv_size": [1, 1]},
								"down": {"uv": [31, 329], "uv_size": [1, -1]}
							}
						},
						{"origin": [8.75, 23, -23.5], "size": [1, 1, 7], "uv": [218, 312]},
						{"origin": [8.75, 14, -23.5], "size": [1, 9, 1], "uv": [248, 321]},
						{"origin": [8.75, 5, -23.5], "size": [1, 9, 7], "uv": [278, 303]},
						{"origin": [8.75, 14, -17.5], "size": [1, 9, 1], "uv": [20, 323]}
					]
				},
				{
					"name": "door_win2",
					"parent": "door_half2",
					"pivot": [0, 2, -1],
					"cubes": [
						{
							"origin": [9.25, 15, -21.5],
							"size": [0, 7, 3],
							"uv": {
								"east": {"uv": [120, 307], "uv_size": [3, 7]}
							}
						}
					]
				},
				{
					"name": "door4",
					"parent": "train_base",
					"pivot": [-15.25, 5, -36]
				},
				{
					"name": "door_half7",
					"parent": "door4",
					"pivot": [-9.25, 17.7, -28],
					"cubes": [
						{
							"origin": [-9.25, 22, -28.5],
							"size": [0.5, 1, 3],
							"uv": {
								"north": {"uv": [52, 320], "uv_size": [1, 1]},
								"east": {"uv": [53, 320], "uv_size": [3, 1]},
								"south": {"uv": [56, 320], "uv_size": [1, 1]},
								"west": {"uv": [53, 320], "uv_size": [3, 1]},
								"up": {"uv": [53, 320], "uv_size": [3, 1]},
								"down": {"uv": [53, 321], "uv_size": [3, -1]}
							}
						},
						{
							"origin": [-9.25, 14, -29.5],
							"size": [0.5, 9, 1],
							"uv": {
								"north": {"uv": [56, 320], "uv_size": [1, 9]},
								"east": {"uv": [56, 320], "uv_size": [1, 9]},
								"south": {"uv": [56, 320], "uv_size": [1, 9]},
								"west": {"uv": [56, 320], "uv_size": [1, 9]},
								"up": {"uv": [56, 320], "uv_size": [1, 1]},
								"down": {"uv": [56, 329], "uv_size": [1, -1]}
							}
						},
						{
							"origin": [-9.25, 14, -28.5],
							"size": [0.5, 1, 3],
							"uv": {
								"north": {"uv": [52, 328], "uv_size": [1, 1]},
								"east": {"uv": [56, 328], "uv_size": [-3, 1]},
								"south": {"uv": [56, 328], "uv_size": [1, 1]},
								"west": {"uv": [53, 328], "uv_size": [3, 1]},
								"up": {"uv": [53, 328], "uv_size": [3, 1]},
								"down": {"uv": [53, 329], "uv_size": [3, -1]}
							}
						},
						{
							"origin": [-9.25, 14, -25.5],
							"size": [0.5, 9, 1],
							"uv": {
								"north": {"uv": [52, 320], "uv_size": [1, 9]},
								"east": {"uv": [52, 320], "uv_size": [1, 9]},
								"south": {"uv": [52, 320], "uv_size": [1, 9]},
								"west": {"uv": [52, 320], "uv_size": [1, 9]},
								"up": {"uv": [52, 320], "uv_size": [1, 1]},
								"down": {"uv": [52, 329], "uv_size": [1, -1]}
							}
						},
						{"origin": [-9.75, 23, -30.5], "size": [1, 1, 7], "uv": [314, 208]},
						{"origin": [-9.75, 14, -30.5], "size": [1, 9, 1], "uv": [46, 323]},
						{"origin": [-9.75, 5, -30.5], "size": [1, 9, 7], "uv": [294, 303]},
						{"origin": [-9.75, 14, -24.5], "size": [1, 9, 1], "uv": [112, 323]}
					]
				},
				{
					"name": "door_win7",
					"parent": "door_half7",
					"pivot": [-18.5, 2, -12],
					"cubes": [
						{
							"origin": [-9.25, 15, -28.5],
							"size": [0, 7, 3],
							"uv": {
								"east": {"uv": [126, 307], "uv_size": [3, 7]}
							}
						}
					]
				},
				{
					"name": "door_half8",
					"parent": "door4",
					"pivot": [-9.25, 17.7, -21],
					"cubes": [
						{
							"origin": [-9.25, 22, -21.5],
							"size": [0.5, 1, 3],
							"uv": {
								"north": {"uv": [5, 320], "uv_size": [1, 1]},
								"east": {"uv": [66, 320], "uv_size": [-3, 1]},
								"south": {"uv": [9, 320], "uv_size": [1, 1]},
								"west": {"uv": [6, 320], "uv_size": [3, 1]},
								"up": {"uv": [6, 320], "uv_size": [3, 1]},
								"down": {"uv": [6, 321], "uv_size": [3, -1]}
							}
						},
						{
							"origin": [-9.25, 14, -18.5],
							"size": [0.5, 9, 1],
							"uv": {
								"north": {"uv": [5, 320], "uv_size": [1, 9]},
								"east": {"uv": [62, 320], "uv_size": [1, 9]},
								"south": {"uv": [5, 320], "uv_size": [1, 9]},
								"west": {"uv": [5, 320], "uv_size": [1, 9]},
								"up": {"uv": [5, 320], "uv_size": [1, 1]},
								"down": {"uv": [5, 329], "uv_size": [1, -1]}
							}
						},
						{
							"origin": [-9.25, 14, -21.5],
							"size": [0.5, 1, 3],
							"uv": {
								"north": {"uv": [5, 328], "uv_size": [1, 1]},
								"east": {"uv": [66, 328], "uv_size": [-3, 1]},
								"south": {"uv": [9, 328], "uv_size": [1, 1]},
								"west": {"uv": [6, 328], "uv_size": [3, 1]},
								"up": {"uv": [6, 328], "uv_size": [3, 1]},
								"down": {"uv": [6, 329], "uv_size": [3, -1]}
							}
						},
						{
							"origin": [-9.25, 14, -22.5],
							"size": [0.5, 9, 1],
							"uv": {
								"north": {"uv": [9, 320], "uv_size": [1, 9]},
								"east": {"uv": [66, 320], "uv_size": [1, 9]},
								"south": {"uv": [9, 320], "uv_size": [1, 9]},
								"west": {"uv": [9, 320], "uv_size": [1, 9]},
								"up": {"uv": [9, 320], "uv_size": [1, 1]},
								"down": {"uv": [9, 329], "uv_size": [1, -1]}
							}
						},
						{"origin": [-9.75, 23, -23.5], "size": [1, 1, 7], "uv": [314, 256]},
						{"origin": [-9.75, 14, -23.5], "size": [1, 9, 1], "uv": [116, 323]},
						{"origin": [-9.75, 5, -23.5], "size": [1, 9, 7], "uv": [304, 216]},
						{"origin": [-9.75, 14, -17.5], "size": [1, 9, 1], "uv": [138, 324]}
					]
				},
				{
					"name": "door_win8",
					"parent": "door_half8",
					"pivot": [-18.5, 2, -5],
					"cubes": [
						{
							"origin": [-9.25, 15, -21.5],
							"size": [0, 7, 3],
							"uv": {
								"east": {"uv": [120, 307], "uv_size": [3, 7]}
							}
						}
					]
				},
				{
					"name": "door2",
					"parent": "train_base",
					"pivot": [15.25, 5, 0]
				},
				{
					"name": "door_half3",
					"parent": "door2",
					"pivot": [9.25, 17.7, 20],
					"cubes": [
						{
							"origin": [8.75, 22, 19.5],
							"size": [0.5, 1, 3],
							"uv": {
								"north": {"uv": [5, 320], "uv_size": [1, 1]},
								"east": {"uv": [6, 320], "uv_size": [3, 1]},
								"south": {"uv": [9, 320], "uv_size": [1, 1]},
								"west": {"uv": [6, 320], "uv_size": [3, 1]},
								"up": {"uv": [6, 320], "uv_size": [3, 1]},
								"down": {"uv": [6, 321], "uv_size": [3, -1]}
							}
						},
						{
							"origin": [8.75, 14, 18.5],
							"size": [0.5, 9, 1],
							"uv": {
								"north": {"uv": [5, 320], "uv_size": [1, 9]},
								"east": {"uv": [5, 320], "uv_size": [1, 9]},
								"south": {"uv": [5, 320], "uv_size": [1, 9]},
								"west": {"uv": [5, 320], "uv_size": [1, 9]},
								"up": {"uv": [5, 320], "uv_size": [1, 1]},
								"down": {"uv": [5, 329], "uv_size": [1, -1]}
							}
						},
						{
							"origin": [8.75, 14, 19.5],
							"size": [0.5, 1, 3],
							"uv": {
								"north": {"uv": [5, 328], "uv_size": [1, 1]},
								"east": {"uv": [6, 328], "uv_size": [3, 1]},
								"south": {"uv": [9, 328], "uv_size": [1, 1]},
								"west": {"uv": [6, 328], "uv_size": [3, 1]},
								"up": {"uv": [6, 328], "uv_size": [3, 1]},
								"down": {"uv": [6, 329], "uv_size": [3, -1]}
							}
						},
						{
							"origin": [8.75, 14, 22.5],
							"size": [0.5, 9, 1],
							"uv": {
								"north": {"uv": [5, 320], "uv_size": [1, 9]},
								"east": {"uv": [9, 320], "uv_size": [1, 9]},
								"south": {"uv": [9, 320], "uv_size": [1, 9]},
								"west": {"uv": [9, 320], "uv_size": [1, 9]},
								"up": {"uv": [9, 320], "uv_size": [1, 1]},
								"down": {"uv": [9, 329], "uv_size": [1, -1]}
							}
						},
						{"origin": [8.75, 23, 17.5], "size": [1, 1, 7], "uv": [10, 315]},
						{"origin": [8.75, 14, 17.5], "size": [1, 9, 1], "uv": [142, 324]},
						{"origin": [8.75, 5, 17.5], "size": [1, 9, 7], "uv": [156, 306]},
						{"origin": [8.75, 14, 23.5], "size": [1, 9, 1], "uv": [312, 324]}
					]
				},
				{
					"name": "door_win3",
					"parent": "door_half3",
					"pivot": [0, 2, 36],
					"cubes": [
						{
							"origin": [9.25, 15, 19.5],
							"size": [0, 7, 3],
							"uv": {
								"east": {"uv": [126, 307], "uv_size": [3, 7]}
							}
						}
					]
				},
				{
					"name": "door_half4",
					"parent": "door2",
					"pivot": [9.25, 17.7, 27],
					"cubes": [
						{
							"origin": [8.75, 22, 26.5],
							"size": [0.5, 1, 3],
							"uv": {
								"north": {"uv": [31, 320], "uv_size": [1, 1]},
								"east": {"uv": [32, 320], "uv_size": [3, 1]},
								"south": {"uv": [35, 320], "uv_size": [1, 1]},
								"west": {"uv": [32, 320], "uv_size": [3, 1]},
								"up": {"uv": [32, 320], "uv_size": [3, 1]},
								"down": {"uv": [32, 321], "uv_size": [3, -1]}
							}
						},
						{
							"origin": [8.75, 14, 25.5],
							"size": [0.5, 9, 1],
							"uv": {
								"north": {"uv": [31, 320], "uv_size": [1, 9]},
								"east": {"uv": [31, 320], "uv_size": [1, 9]},
								"south": {"uv": [31, 320], "uv_size": [1, 9]},
								"west": {"uv": [31, 320], "uv_size": [1, 9]},
								"up": {"uv": [31, 320], "uv_size": [1, 1]},
								"down": {"uv": [31, 329], "uv_size": [1, -1]}
							}
						},
						{
							"origin": [8.75, 14, 26.5],
							"size": [0.5, 1, 3],
							"uv": {
								"north": {"uv": [31, 328], "uv_size": [1, 1]},
								"east": {"uv": [32, 328], "uv_size": [3, 1]},
								"south": {"uv": [35, 328], "uv_size": [1, 1]},
								"west": {"uv": [32, 328], "uv_size": [3, 1]},
								"up": {"uv": [32, 328], "uv_size": [3, 1]},
								"down": {"uv": [32, 329], "uv_size": [3, -1]}
							}
						},
						{
							"origin": [8.75, 14, 29.5],
							"size": [0.5, 9, 1],
							"uv": {
								"north": {"uv": [31, 320], "uv_size": [1, 9]},
								"east": {"uv": [35, 320], "uv_size": [1, 9]},
								"south": {"uv": [35, 320], "uv_size": [1, 9]},
								"west": {"uv": [35, 320], "uv_size": [1, 9]},
								"up": {"uv": [35, 320], "uv_size": [1, 1]},
								"down": {"uv": [35, 329], "uv_size": [1, -1]}
							}
						},
						{"origin": [8.75, 23, 24.5], "size": [1, 1, 7], "uv": [36, 315]},
						{"origin": [8.75, 14, 24.5], "size": [1, 9, 1], "uv": [316, 324]},
						{"origin": [8.75, 5, 24.5], "size": [1, 9, 7], "uv": [172, 306]},
						{"origin": [8.75, 14, 30.5], "size": [1, 9, 1], "uv": [206, 325]}
					]
				},
				{
					"name": "door_win4",
					"parent": "door_half4",
					"pivot": [0, 2, 43],
					"cubes": [
						{
							"origin": [9.25, 15, 26.5],
							"size": [0, 7, 3],
							"uv": {
								"east": {"uv": [120, 307], "uv_size": [3, 7]}
							}
						}
					]
				},
				{
					"name": "door5",
					"parent": "train_base",
					"pivot": [0, 17.83333, 40],
					"rotation": [0, -90, 0],
					"cubes": [
						{"origin": [0.5, 14, 33.5], "size": [1, 9, 1], "uv": [210, 325]},
						{"origin": [0.5, 14, 45.5], "size": [1, 9, 1], "uv": [214, 325]},
						{"origin": [0.5, 5, 33.5], "size": [1, 9, 13], "uv": [278, 192]},
						{"origin": [0.5, 14, 39.5], "size": [1, 9, 1], "uv": [218, 325]},
						{"origin": [0.5, 23, 33.5], "size": [1, 1, 13], "uv": [162, 292]},
						{
							"origin": [0.5, 14, 35.5],
							"size": [0.5, 1, 3],
							"uv": {
								"north": {"uv": [119, 314], "uv_size": [1, 1]},
								"east": {"uv": [120, 314], "uv_size": [3, 1]},
								"south": {"uv": [123, 314], "uv_size": [1, 1]},
								"west": {"uv": [120, 314], "uv_size": [3, 1]},
								"up": {"uv": [120, 314], "uv_size": [3, 1]},
								"down": {"uv": [120, 315], "uv_size": [3, -1]}
							}
						},
						{
							"origin": [0.5, 14, 34.5],
							"size": [0.5, 9, 1],
							"uv": {
								"north": {"uv": [119, 306], "uv_size": [1, 9]},
								"east": {"uv": [119, 306], "uv_size": [1, 9]},
								"south": {"uv": [119, 306], "uv_size": [1, 9]},
								"west": {"uv": [119, 306], "uv_size": [1, 9]},
								"up": {"uv": [119, 306], "uv_size": [1, 1]},
								"down": {"uv": [119, 315], "uv_size": [1, -1]}
							}
						},
						{
							"origin": [0.5, 22, 35.5],
							"size": [0.5, 1, 3],
							"uv": {
								"north": {"uv": [119, 306], "uv_size": [1, 1]},
								"east": {"uv": [120, 306], "uv_size": [3, 1]},
								"south": {"uv": [123, 306], "uv_size": [1, 1]},
								"west": {"uv": [120, 306], "uv_size": [3, 1]},
								"up": {"uv": [120, 306], "uv_size": [3, 1]},
								"down": {"uv": [120, 307], "uv_size": [3, -1]}
							}
						},
						{
							"origin": [0.5, 14, 38.5],
							"size": [0.5, 9, 1],
							"uv": {
								"north": {"uv": [123, 306], "uv_size": [1, 9]},
								"east": {"uv": [123, 306], "uv_size": [1, 9]},
								"south": {"uv": [123, 306], "uv_size": [1, 9]},
								"west": {"uv": [123, 306], "uv_size": [1, 9]},
								"up": {"uv": [123, 306], "uv_size": [1, 1]},
								"down": {"uv": [123, 315], "uv_size": [1, -1]}
							}
						},
						{
							"origin": [0.5, 14, 41.5],
							"size": [0.5, 1, 3],
							"uv": {
								"north": {"uv": [125, 314], "uv_size": [1, 1]},
								"east": {"uv": [126, 314], "uv_size": [3, 1]},
								"south": {"uv": [129, 314], "uv_size": [1, 1]},
								"west": {"uv": [126, 314], "uv_size": [3, 1]},
								"up": {"uv": [126, 314], "uv_size": [3, 1]},
								"down": {"uv": [126, 315], "uv_size": [3, -1]}
							}
						},
						{
							"origin": [0.5, 14, 40.5],
							"size": [0.5, 9, 1],
							"uv": {
								"north": {"uv": [125, 306], "uv_size": [1, 9]},
								"east": {"uv": [125, 306], "uv_size": [1, 9]},
								"south": {"uv": [125, 306], "uv_size": [1, 9]},
								"west": {"uv": [125, 306], "uv_size": [1, 9]},
								"up": {"uv": [125, 306], "uv_size": [1, 1]},
								"down": {"uv": [125, 315], "uv_size": [1, -1]}
							}
						},
						{
							"origin": [0.5, 22, 41.5],
							"size": [0.5, 1, 3],
							"uv": {
								"north": {"uv": [125, 306], "uv_size": [1, 1]},
								"east": {"uv": [126, 306], "uv_size": [3, 1]},
								"south": {"uv": [129, 306], "uv_size": [1, 1]},
								"west": {"uv": [126, 306], "uv_size": [3, 1]},
								"up": {"uv": [126, 306], "uv_size": [3, 1]},
								"down": {"uv": [126, 307], "uv_size": [3, -1]}
							}
						},
						{
							"origin": [0.5, 14, 44.5],
							"size": [0.5, 9, 1],
							"uv": {
								"north": {"uv": [129, 306], "uv_size": [1, 9]},
								"east": {"uv": [129, 306], "uv_size": [1, 9]},
								"south": {"uv": [129, 306], "uv_size": [1, 9]},
								"west": {"uv": [129, 306], "uv_size": [1, 9]},
								"up": {"uv": [129, 306], "uv_size": [1, 1]},
								"down": {"uv": [129, 315], "uv_size": [1, -1]}
							}
						}
					]
				},
				{
					"name": "door6",
					"parent": "train_base",
					"pivot": [0, 17.83333, -41],
					"rotation": [0, 90, 0],
					"cubes": [
						{"origin": [-1.5, 14, -35.5], "size": [1, 9, 1], "uv": [256, 325]},
						{"origin": [-1.5, 14, -47.5], "size": [1, 9, 1], "uv": [326, 24]},
						{"origin": [-1.5, 5, -47.5], "size": [1, 9, 13], "uv": [280, 266]},
						{"origin": [-1.5, 14, -41.5], "size": [1, 9, 1], "uv": [326, 34]},
						{"origin": [-1.5, 23, -47.5], "size": [1, 1, 13], "uv": [294, 0]},
						{
							"origin": [-1.5, 14, -45.5],
							"size": [0.5, 1, 3],
							"uv": {
								"north": {"uv": [119, 314], "uv_size": [1, 1]},
								"east": {"uv": [120, 314], "uv_size": [3, 1]},
								"south": {"uv": [123, 314], "uv_size": [1, 1]},
								"west": {"uv": [120, 314], "uv_size": [3, 1]},
								"up": {"uv": [120, 314], "uv_size": [3, 1]},
								"down": {"uv": [120, 315], "uv_size": [3, -1]}
							}
						},
						{
							"origin": [-1.5, 14, -46.5],
							"size": [0.5, 9, 1],
							"uv": {
								"north": {"uv": [119, 306], "uv_size": [1, 9]},
								"east": {"uv": [119, 306], "uv_size": [1, 9]},
								"south": {"uv": [119, 306], "uv_size": [1, 9]},
								"west": {"uv": [119, 306], "uv_size": [1, 9]},
								"up": {"uv": [119, 306], "uv_size": [1, 1]},
								"down": {"uv": [119, 315], "uv_size": [1, -1]}
							}
						},
						{
							"origin": [-1.5, 22, -45.5],
							"size": [0.5, 1, 3],
							"uv": {
								"north": {"uv": [119, 306], "uv_size": [1, 1]},
								"east": {"uv": [120, 306], "uv_size": [3, 1]},
								"south": {"uv": [123, 306], "uv_size": [1, 1]},
								"west": {"uv": [120, 306], "uv_size": [3, 1]},
								"up": {"uv": [120, 306], "uv_size": [3, 1]},
								"down": {"uv": [120, 307], "uv_size": [3, -1]}
							}
						},
						{
							"origin": [-1.5, 14, -42.5],
							"size": [0.5, 9, 1],
							"uv": {
								"north": {"uv": [123, 306], "uv_size": [1, 9]},
								"east": {"uv": [123, 306], "uv_size": [1, 9]},
								"south": {"uv": [123, 306], "uv_size": [1, 9]},
								"west": {"uv": [123, 306], "uv_size": [1, 9]},
								"up": {"uv": [123, 306], "uv_size": [1, 1]},
								"down": {"uv": [123, 315], "uv_size": [1, -1]}
							}
						},
						{
							"origin": [-1.5, 14, -39.5],
							"size": [0.5, 1, 3],
							"uv": {
								"north": {"uv": [125, 314], "uv_size": [1, 1]},
								"east": {"uv": [126, 314], "uv_size": [3, 1]},
								"south": {"uv": [129, 314], "uv_size": [1, 1]},
								"west": {"uv": [126, 314], "uv_size": [3, 1]},
								"up": {"uv": [126, 314], "uv_size": [3, 1]},
								"down": {"uv": [126, 315], "uv_size": [3, -1]}
							}
						},
						{
							"origin": [-1.5, 14, -40.5],
							"size": [0.5, 9, 1],
							"uv": {
								"north": {"uv": [125, 306], "uv_size": [1, 9]},
								"east": {"uv": [125, 306], "uv_size": [1, 9]},
								"south": {"uv": [125, 306], "uv_size": [1, 9]},
								"west": {"uv": [125, 306], "uv_size": [1, 9]},
								"up": {"uv": [125, 306], "uv_size": [1, 1]},
								"down": {"uv": [125, 315], "uv_size": [1, -1]}
							}
						},
						{
							"origin": [-1.5, 22, -39.5],
							"size": [0.5, 1, 3],
							"uv": {
								"north": {"uv": [125, 306], "uv_size": [1, 1]},
								"east": {"uv": [126, 306], "uv_size": [3, 1]},
								"south": {"uv": [129, 306], "uv_size": [1, 1]},
								"west": {"uv": [126, 306], "uv_size": [3, 1]},
								"up": {"uv": [126, 306], "uv_size": [3, 1]},
								"down": {"uv": [126, 307], "uv_size": [3, -1]}
							}
						},
						{
							"origin": [-1.5, 14, -36.5],
							"size": [0.5, 9, 1],
							"uv": {
								"north": {"uv": [129, 306], "uv_size": [1, 9]},
								"east": {"uv": [129, 306], "uv_size": [1, 9]},
								"south": {"uv": [129, 306], "uv_size": [1, 9]},
								"west": {"uv": [129, 306], "uv_size": [1, 9]},
								"up": {"uv": [129, 306], "uv_size": [1, 1]},
								"down": {"uv": [129, 315], "uv_size": [1, -1]}
							}
						}
					]
				},
				{
					"name": "door3",
					"parent": "train_base",
					"pivot": [-15.25, 5, 0]
				},
				{
					"name": "door_half5",
					"parent": "door3",
					"pivot": [-9.25, 17.7, 20],
					"cubes": [
						{
							"origin": [-9.25, 14, 19.5],
							"size": [0.5, 1, 3],
							"uv": {
								"north": {"uv": [52, 328], "uv_size": [1, 1]},
								"east": {"uv": [56, 328], "uv_size": [-3, 1]},
								"south": {"uv": [56, 328], "uv_size": [1, 1]},
								"west": {"uv": [53, 328], "uv_size": [3, 1]},
								"up": {"uv": [53, 328], "uv_size": [3, 1]},
								"down": {"uv": [53, 329], "uv_size": [3, -1]}
							}
						},
						{
							"origin": [-9.25, 14, 22.5],
							"size": [0.5, 9, 1],
							"uv": {
								"north": {"uv": [55, 326], "uv_size": [1, 1]},
								"east": {"uv": [52, 320], "uv_size": [1, 9]},
								"south": {"uv": [52, 320], "uv_size": [1, 9]},
								"west": {"uv": [52, 320], "uv_size": [1, 9]},
								"up": {"uv": [52, 320], "uv_size": [1, 1]},
								"down": {"uv": [52, 329], "uv_size": [1, -1]}
							}
						},
						{
							"origin": [-9.25, 22, 19.5],
							"size": [0.5, 1, 3],
							"uv": {
								"north": {"uv": [52, 320], "uv_size": [1, 1]},
								"east": {"uv": [53, 320], "uv_size": [3, 1]},
								"south": {"uv": [56, 320], "uv_size": [1, 1]},
								"west": {"uv": [53, 320], "uv_size": [3, 1]},
								"up": {"uv": [53, 320], "uv_size": [3, 1]},
								"down": {"uv": [53, 321], "uv_size": [3, -1]}
							}
						},
						{
							"origin": [-9.25, 14, 18.5],
							"size": [0.5, 9, 1],
							"uv": {
								"north": {"uv": [56, 320], "uv_size": [1, 9]},
								"east": {"uv": [56, 320], "uv_size": [1, 9]},
								"south": {"uv": [56, 320], "uv_size": [1, 9]},
								"west": {"uv": [56, 320], "uv_size": [1, 9]},
								"up": {"uv": [56, 320], "uv_size": [1, 1]},
								"down": {"uv": [56, 329], "uv_size": [1, -1]}
							}
						},
						{"origin": [-9.75, 23, 17.5], "size": [1, 1, 7], "uv": [104, 315]},
						{"origin": [-9.75, 14, 17.5], "size": [1, 9, 1], "uv": [222, 325]},
						{"origin": [-9.75, 5, 17.5], "size": [1, 9, 7], "uv": [306, 192]},
						{"origin": [-9.75, 14, 23.5], "size": [1, 9, 1], "uv": [226, 325]}
					]
				},
				{
					"name": "door_win5",
					"parent": "door_half5",
					"pivot": [-18.5, 2, 36],
					"cubes": [
						{
							"origin": [-9.25, 15, 19.5],
							"size": [0, 7, 3],
							"uv": {
								"east": {"uv": [126, 307], "uv_size": [3, 7]}
							}
						}
					]
				},
				{
					"name": "door_half6",
					"parent": "door3",
					"pivot": [-9.25, 17.7, 27],
					"cubes": [
						{
							"origin": [-9.25, 14, 26.5],
							"size": [0.5, 1, 3],
							"uv": {
								"north": {"uv": [62, 328], "uv_size": [1, 1]},
								"east": {"uv": [66, 328], "uv_size": [-3, 1]},
								"south": {"uv": [66, 328], "uv_size": [1, 1]},
								"west": {"uv": [63, 328], "uv_size": [3, 1]},
								"up": {"uv": [63, 328], "uv_size": [3, 1]},
								"down": {"uv": [63, 329], "uv_size": [3, -1]}
							}
						},
						{
							"origin": [-9.25, 14, 29.5],
							"size": [0.5, 9, 1],
							"uv": {
								"north": {"uv": [62, 320], "uv_size": [1, 9]},
								"east": {"uv": [62, 320], "uv_size": [1, 9]},
								"south": {"uv": [62, 320], "uv_size": [1, 9]},
								"west": {"uv": [62, 320], "uv_size": [1, 9]},
								"up": {"uv": [62, 320], "uv_size": [1, 1]},
								"down": {"uv": [62, 329], "uv_size": [1, -1]}
							}
						},
						{
							"origin": [-9.25, 22, 26.5],
							"size": [0.5, 1, 3],
							"uv": {
								"north": {"uv": [62, 320], "uv_size": [1, 1]},
								"east": {"uv": [66, 320], "uv_size": [-3, 1]},
								"south": {"uv": [66, 320], "uv_size": [1, 1]},
								"west": {"uv": [63, 320], "uv_size": [3, 1]},
								"up": {"uv": [63, 320], "uv_size": [3, 1]},
								"down": {"uv": [63, 321], "uv_size": [3, -1]}
							}
						},
						{
							"origin": [-9.25, 14, 25.5],
							"size": [0.5, 9, 1],
							"uv": {
								"north": {"uv": [66, 320], "uv_size": [1, 9]},
								"east": {"uv": [66, 320], "uv_size": [1, 9]},
								"south": {"uv": [66, 320], "uv_size": [1, 9]},
								"west": {"uv": [66, 320], "uv_size": [1, 9]},
								"up": {"uv": [66, 320], "uv_size": [1, 1]},
								"down": {"uv": [66, 329], "uv_size": [1, -1]}
							}
						},
						{"origin": [-9.75, 23, 24.5], "size": [1, 1, 7], "uv": [262, 315]},
						{"origin": [-9.75, 14, 24.5], "size": [1, 9, 1], "uv": [230, 325]},
						{"origin": [-9.75, 5, 24.5], "size": [1, 9, 7], "uv": [130, 308]},
						{"origin": [-9.75, 14, 30.5], "size": [1, 9, 1], "uv": [252, 325]}
					]
				},
				{
					"name": "door_win6",
					"parent": "door_half6",
					"pivot": [-18.5, 2, 43],
					"cubes": [
						{
							"origin": [-9.25, 15, 26.5],
							"size": [0, 7, 3],
							"uv": {
								"east": {"uv": [120, 307], "uv_size": [3, 7]}
							}
						}
					]
				},
				{
					"name": "wheels1",
					"parent": "train",
					"pivot": [0, -1.42512, -29.5],
					"cubes": [
						{"origin": [-8.47265, -4.37048, -31.26256], "size": [2, 2, 3], "pivot": [-7.47265, -1.12048, -29.76256], "rotation": [-135, 0, 0], "uv": [304, 27]},
						{"origin": [-8.47265, -4.8956, -31.26256], "size": [2, 2, 3], "pivot": [-7.47265, -1.6456, -29.76256], "rotation": [-45, 0, 0], "uv": [318, 183]},
						{"origin": [-8.50781, -4.63304, -31.37132], "size": [2, 2, 3], "pivot": [-7.50781, -1.38304, -29.87132], "rotation": [-90, 0, 0], "uv": [278, 319]},
						{"origin": [-8.25781, -3.76172, -31.5], "size": [1.5, 4, 4], "uv": [316, 27]},
						{"origin": [-8.50781, 0.23828, -31], "size": [2, 2, 3], "uv": [288, 319]},
						{"origin": [-8.47265, 0.12952, -30.73744], "size": [2, 2, 3], "pivot": [-7.47265, -1.12048, -29.23744], "rotation": [-45, 0, 0], "uv": [298, 319]},
						{"origin": [-8.50781, -0.13304, -30.62868], "size": [2, 2, 3], "pivot": [-7.50781, -1.38304, -29.12868], "rotation": [-90, 0, 0], "uv": [320, 14]},
						{"origin": [-8.47265, -0.3956, -30.73744], "size": [2, 2, 3], "pivot": [-7.47265, -1.6456, -29.23744], "rotation": [-135, 0, 0], "uv": [320, 19]},
						{"origin": [-8.50781, -5.00436, -31], "size": [2, 2, 3], "uv": [72, 320]},
						{"origin": [6.46875, 0.12952, -30.73744], "size": [2, 2, 3], "pivot": [7.46875, -1.12048, -29.23744], "rotation": [-45, 0, 0], "uv": [82, 320]},
						{"origin": [6.51172, -0.13304, -30.62868], "size": [2, 2, 3], "pivot": [7.51172, -1.38304, -29.12868], "rotation": [-90, 0, 0], "uv": [92, 320]},
						{"origin": [6.46875, -0.3956, -30.73744], "size": [2, 2, 3], "pivot": [7.46875, -1.6456, -29.23744], "rotation": [-135, 0, 0], "uv": [202, 320]},
						{"origin": [6.46875, -4.8956, -31.26256], "size": [2, 2, 3], "pivot": [7.46875, -1.6456, -29.76256], "rotation": [-45, 0, 0], "uv": [212, 320]},
						{"origin": [6.75781, -3.76172, -31.5], "size": [1.5, 4, 4], "uv": [316, 35]},
						{"origin": [6.51172, 0.23828, -31], "size": [2, 2, 3], "uv": [320, 216]},
						{"origin": [6.46875, -4.37048, -31.26256], "size": [2, 2, 3], "pivot": [7.46875, -1.12048, -29.76256], "rotation": [-135, 0, 0], "uv": [320, 221]},
						{"origin": [6.51172, -4.63304, -31.37132], "size": [2, 2, 3], "pivot": [7.51172, -1.38304, -29.87132], "rotation": [-90, 0, 0], "uv": [222, 320]},
						{"origin": [6.51172, -5.00436, -31], "size": [2, 2, 3], "uv": [320, 226]}
					]
				},
				{
					"name": "wheels2",
					"parent": "train",
					"pivot": [0, -1.42512, -15.5],
					"cubes": [
						{"origin": [6.46875, 0.23828, -17], "size": [2, 2, 3], "pivot": [-0.03711, -1.38304, -15.5], "rotation": [-45, 0, 0], "uv": [320, 316]},
						{"origin": [6.46875, -5.00436, -17], "size": [2, 2, 3], "pivot": [-0.03711, -1.38304, -15.5], "rotation": [-135, 0, 0], "uv": [238, 321]},
						{"origin": [6.75781, -3.76172, -17.5], "size": [1.5, 4, 4], "uv": [316, 43]},
						{"origin": [6.51172, 0.23828, -17], "size": [2, 2, 3], "uv": [320, 321]},
						{"origin": [6.51172, 0.23828, -17], "size": [2, 2, 3], "pivot": [0.00195, -1.38304, -15.5], "rotation": [-90, 0, 0], "uv": [322, 0]},
						{"origin": [6.46875, -5.00436, -17], "size": [2, 2, 3], "pivot": [-0.03711, -1.38304, -15.5], "rotation": [-45, 0, 0], "uv": [322, 5]},
						{"origin": [6.46875, 0.23828, -17], "size": [2, 2, 3], "pivot": [-0.03711, -1.38304, -15.5], "rotation": [-135, 0, 0], "uv": [322, 51]},
						{"origin": [6.51172, -5.00436, -17], "size": [2, 2, 3], "uv": [322, 56]},
						{"origin": [6.51172, -5.00436, -17], "size": [2, 2, 3], "pivot": [0.00195, -1.38304, -15.5], "rotation": [-90, 0, 0], "uv": [322, 61]},
						{"origin": [-8.47265, -5.00436, -17], "size": [2, 2, 3], "pivot": [0.03321, -1.38304, -15.5], "rotation": [-135, 0, 0], "uv": [322, 66]},
						{"origin": [-8.47265, -5.00436, -17], "size": [2, 2, 3], "pivot": [0.03321, -1.38304, -15.5], "rotation": [-45, 0, 0], "uv": [322, 71]},
						{"origin": [-8.50781, -5.00436, -17], "size": [2, 2, 3], "pivot": [0.00195, -1.38304, -15.5], "rotation": [-90, 0, 0], "uv": [322, 142]},
						{"origin": [-8.50781, -5.00436, -17], "size": [2, 2, 3], "uv": [146, 322]},
						{"origin": [-8.47265, 0.23828, -17], "size": [2, 2, 3], "pivot": [0.03321, -1.38304, -15.5], "rotation": [-135, 0, 0], "uv": [322, 147]},
						{"origin": [-8.50781, 0.23828, -17], "size": [2, 2, 3], "pivot": [0.00195, -1.38304, -15.5], "rotation": [-90, 0, 0], "uv": [156, 322]},
						{"origin": [-8.47265, 0.23828, -17], "size": [2, 2, 3], "pivot": [0.03321, -1.38304, -15.5], "rotation": [-45, 0, 0], "uv": [166, 322]},
						{"origin": [-8.50781, 0.23828, -17], "size": [2, 2, 3], "uv": [176, 322]},
						{"origin": [-8.25781, -3.76172, -17.5], "size": [1.5, 4, 4], "uv": [310, 316]}
					]
				},
				{
					"name": "wheels3",
					"parent": "train",
					"pivot": [0, -1.42512, 17.5],
					"cubes": [
						{"origin": [-8.47265, -4.37048, 15.73744], "size": [2, 2, 3], "pivot": [-7.47265, -1.12048, 17.23744], "rotation": [-135, 0, 0], "uv": [186, 322]},
						{"origin": [-8.47265, -4.8956, 15.73744], "size": [2, 2, 3], "pivot": [-7.47265, -1.6456, 17.23744], "rotation": [-45, 0, 0], "uv": [322, 188]},
						{"origin": [-8.50781, -4.63304, 15.62868], "size": [2, 2, 3], "pivot": [-7.50781, -1.38304, 17.12868], "rotation": [-90, 0, 0], "uv": [322, 193]},
						{"origin": [-8.50781, -5.00436, 16], "size": [2, 2, 3], "uv": [322, 198]},
						{"origin": [-8.47265, -0.3956, 16.26256], "size": [2, 2, 3], "pivot": [-7.47265, -1.6456, 17.76256], "rotation": [-135, 0, 0], "uv": [322, 203]},
						{"origin": [-8.50781, -0.13304, 16.37132], "size": [2, 2, 3], "pivot": [-7.50781, -1.38304, 17.87132], "rotation": [-90, 0, 0], "uv": [322, 231]},
						{"origin": [-8.47265, 0.12952, 16.26256], "size": [2, 2, 3], "pivot": [-7.47265, -1.12048, 17.76256], "rotation": [-45, 0, 0], "uv": [322, 236]},
						{"origin": [-8.50781, 0.23828, 16], "size": [2, 2, 3], "uv": [10, 323]},
						{"origin": [-8.25781, -3.76172, 15.5], "size": [1.5, 4, 4], "uv": [318, 79]},
						{"origin": [6.46875, 0.12952, 16.26256], "size": [2, 2, 3], "pivot": [7.46875, -1.12048, 17.76256], "rotation": [-45, 0, 0], "uv": [36, 323]},
						{"origin": [6.51172, -0.13304, 16.37132], "size": [2, 2, 3], "pivot": [7.51172, -1.38304, 17.87132], "rotation": [-90, 0, 0], "uv": [102, 323]},
						{"origin": [6.46875, -0.3956, 16.26256], "size": [2, 2, 3], "pivot": [7.46875, -1.6456, 17.76256], "rotation": [-135, 0, 0], "uv": [262, 323]},
						{"origin": [6.75781, -3.76172, 15.5], "size": [1.5, 4, 4], "uv": [318, 87]},
						{"origin": [6.51172, -5.00436, 16], "size": [2, 2, 3], "uv": [128, 324]},
						{"origin": [6.46875, -4.8956, 15.73744], "size": [2, 2, 3], "pivot": [7.46875, -1.6456, 17.23744], "rotation": [-45, 0, 0], "uv": [324, 152]},
						{"origin": [6.46875, -4.37048, 15.73744], "size": [2, 2, 3], "pivot": [7.46875, -1.12048, 17.23744], "rotation": [-135, 0, 0], "uv": [324, 157]},
						{"origin": [6.51172, 0.23828, 16], "size": [2, 2, 3], "uv": [324, 162]},
						{"origin": [6.51172, -4.63304, 15.62868], "size": [2, 2, 3], "pivot": [7.51172, -1.38304, 17.12868], "rotation": [-90, 0, 0], "uv": [324, 241]}
					]
				},
				{
					"name": "wheels4",
					"parent": "train",
					"pivot": [0, -1.42512, 31.5],
					"cubes": [
						{"origin": [-8.47265, 0.23828, 30], "size": [2, 2, 3], "pivot": [0.03321, -1.38304, 31.5], "rotation": [-135, 0, 0], "uv": [324, 246]},
						{"origin": [-8.25781, -3.76172, 29.5], "size": [1.5, 4, 4], "uv": [318, 95]},
						{"origin": [-8.50781, -5.00436, 30], "size": [2, 2, 3], "uv": [324, 251]},
						{"origin": [-8.47265, -5.00436, 30], "size": [2, 2, 3], "pivot": [0.03321, -1.38304, 31.5], "rotation": [-45, 0, 0], "uv": [272, 324]},
						{"origin": [-8.47265, -5.00436, 30], "size": [2, 2, 3], "pivot": [0.03321, -1.38304, 31.5], "rotation": [-135, 0, 0], "uv": [282, 324]},
						{"origin": [-8.50781, -5.00436, 30], "size": [2, 2, 3], "pivot": [0.00195, -1.38304, 31.5], "rotation": [-90, 0, 0], "uv": [324, 286]},
						{"origin": [-8.50781, 0.23828, 30], "size": [2, 2, 3], "uv": [324, 291]},
						{"origin": [-8.47265, 0.23828, 30], "size": [2, 2, 3], "pivot": [0.03321, -1.38304, 31.5], "rotation": [-45, 0, 0], "uv": [292, 324]},
						{"origin": [-8.50781, 0.23828, 30], "size": [2, 2, 3], "pivot": [0.00195, -1.38304, 31.5], "rotation": [-90, 0, 0], "uv": [324, 296]},
						{"origin": [6.51172, -5.00436, 30], "size": [2, 2, 3], "pivot": [0.00195, -1.38304, 31.5], "rotation": [-90, 0, 0], "uv": [324, 301]},
						{"origin": [6.46875, -5.00436, 30], "size": [2, 2, 3], "pivot": [-0.03711, -1.38304, 31.5], "rotation": [-135, 0, 0], "uv": [302, 324]},
						{"origin": [6.46875, 0.23828, 30], "size": [2, 2, 3], "pivot": [-0.03711, -1.38304, 31.5], "rotation": [-45, 0, 0], "uv": [324, 306]},
						{"origin": [6.51172, 0.23828, 30], "size": [2, 2, 3], "uv": [324, 311]},
						{"origin": [6.46875, 0.23828, 30], "size": [2, 2, 3], "pivot": [-0.03711, -1.38304, 31.5], "rotation": [-135, 0, 0], "uv": [72, 325]},
						{"origin": [6.51172, 0.23828, 30], "size": [2, 2, 3], "pivot": [0.00195, -1.38304, 31.5], "rotation": [-90, 0, 0], "uv": [82, 325]},
						{"origin": [6.51172, -5.00436, 30], "size": [2, 2, 3], "uv": [92, 325]},
						{"origin": [6.46875, -5.00436, 30], "size": [2, 2, 3], "pivot": [-0.03711, -1.38304, 31.5], "rotation": [-45, 0, 0], "uv": [196, 325]},
						{"origin": [6.75781, -3.76172, 29.5], "size": [1.5, 4, 4], "uv": [318, 103]}
					]
				}
			]
		}
	]
}