{
	"format_version": "1.12.0",
	"minecraft:geometry": [
		{
			"description": {
				"identifier": "geometry.lb_ta_tender_trainvagon",
				"texture_width": 512,
				"texture_height": 512,
				"visible_bounds_width": 6,
				"visible_bounds_height": 3.5,
				"visible_bounds_offset": [0, 1.25, 0]
			},
			"bones": [
				{
					"name": "wagon",
					"pivot": [0, -5, 0],
					"cubes": [
						{"origin": [8.5, -1, 14], "size": [1, 2, 3], "uv": [246, 255]},
						{"origin": [8.5, -3, 13], "size": [1, 2, 5], "uv": [244, 242]},
						{"origin": [-9.5, -1, 14], "size": [1, 2, 3], "uv": [254, 255]},
						{"origin": [8.5, -1, -12], "size": [1, 3, 8], "uv": [208, 239]},
						{"origin": [8.5, -1, -17], "size": [1, 2, 3], "uv": [20, 256]},
						{"origin": [8.5, -3, -18], "size": [1, 2, 5], "uv": [36, 248]},
						{"origin": [-9.5, -1, -17], "size": [1, 2, 3], "uv": [256, 242]},
						{"origin": [-9.5, -3, -18], "size": [1, 2, 5], "uv": [48, 248]},
						{"origin": [-9.5, -3, -19], "size": [1, 5, 1], "uv": [36, 240]},
						{"origin": [-9.5, 1, -18], "size": [1, 1, 5], "uv": [248, 92]},
						{"origin": [-9.5, -3, -13], "size": [1, 5, 1], "uv": [206, 257]},
						{"origin": [-9.5, -1, -27], "size": [1, 3, 8], "uv": [226, 239]},
						{"origin": [-9.5, -4, -24], "size": [1, 3, 4], "uv": [96, 250]},
						{"origin": [8.5, 1, -18], "size": [1, 1, 5], "uv": [248, 98]},
						{"origin": [8.5, -3, -13], "size": [1, 5, 1], "uv": [210, 257]},
						{"origin": [8.5, -3, -19], "size": [1, 5, 1], "uv": [214, 257]},
						{"origin": [-8.5, -3, -19], "size": [17, 5, 7], "uv": [80, 206]},
						{"origin": [-9.5, -1, -12], "size": [1, 3, 8], "uv": [0, 240]},
						{"origin": [-9.5, -4, -11], "size": [1, 3, 4], "uv": [106, 250]},
						{"origin": [8.5, -4, -11], "size": [1, 3, 4], "uv": [116, 250]},
						{"origin": [8.5, -4, -24], "size": [1, 3, 4], "uv": [126, 250]},
						{"origin": [8.5, -1, -27], "size": [1, 3, 8], "uv": [18, 240]},
						{"origin": [-9.5, -3, 13], "size": [1, 2, 5], "uv": [248, 67]},
						{"origin": [-9.5, -3, 18], "size": [1, 5, 1], "uv": [218, 257]},
						{"origin": [-9.5, 1, 13], "size": [1, 1, 5], "uv": [248, 104]},
						{"origin": [-9.5, -3, 12], "size": [1, 5, 1], "uv": [222, 257]},
						{"origin": [-9.5, -1, 19], "size": [1, 3, 8], "uv": [240, 192]},
						{"origin": [-9.5, -4, 20], "size": [1, 3, 4], "uv": [160, 250]},
						{"origin": [8.5, 1, 13], "size": [1, 1, 5], "uv": [244, 249]},
						{"origin": [8.5, -3, 12], "size": [1, 5, 1], "uv": [226, 257]},
						{"origin": [8.5, -3, 18], "size": [1, 5, 1], "uv": [230, 257]},
						{"origin": [-8.5, -3, 12], "size": [17, 5, 7], "uv": [128, 206]},
						{"origin": [-9.5, -1, 4], "size": [1, 3, 8], "uv": [240, 203]},
						{"origin": [-9.5, -4, 7], "size": [1, 3, 4], "uv": [208, 250]},
						{"origin": [8.5, -4, 7], "size": [1, 3, 4], "uv": [218, 250]},
						{"origin": [8.5, -4, 20], "size": [1, 3, 4], "uv": [228, 250]},
						{"origin": [8.5, -1, 4], "size": [1, 3, 8], "uv": [240, 214]},
						{"origin": [8.5, -1, 19], "size": [1, 3, 8], "uv": [240, 225]},
						{"origin": [-6.5, -2, -25], "size": [13, 4, 50], "uv": [176, 138]}
					]
				},
				{
					"name": "front_hook",
					"parent": "wagon",
					"pivot": [0, -5, 0],
					"cubes": [
						{"origin": [-1, 3, -35], "size": [2, 1, 2], "uv": [112, 257]},
						{"origin": [-2, 3, -36], "size": [4, 1, 1], "uv": [248, 110]},
						{"origin": [1, 3, -38], "size": [1, 1, 2], "uv": [30, 251]},
						{"origin": [-2, 3, -39], "size": [4, 1, 1], "uv": [248, 112]},
						{"origin": [-2, 3, -38], "size": [1, 1, 2], "uv": [258, 82]}
					]
				},
				{
					"name": "back_hook",
					"parent": "wagon",
					"pivot": [0, -5, 0],
					"cubes": [
						{"origin": [-1, 4, 33], "size": [2, 1, 3], "uv": [66, 240]},
						{"origin": [-2, 4, 36], "size": [4, 1, 1], "uv": [256, 247]},
						{"origin": [-2, 4, 39], "size": [4, 1, 1], "uv": [256, 249]},
						{"origin": [1, 4, 37], "size": [1, 1, 2], "uv": [84, 258]},
						{"origin": [-2, 4, 37], "size": [1, 1, 2], "uv": [258, 85]},
						{"origin": [-1, 1, 38], "size": [4, 1, 1], "pivot": [0, 4.5, 41], "rotation": [-90, 0, 90], "uv": [256, 251]},
						{"origin": [0, 1, 39], "size": [1, 1, 4], "pivot": [0, 4.5, 41], "rotation": [-90, 0, -90], "uv": [20, 251]},
						{"origin": [0, -2, 39], "size": [1, 1, 4], "pivot": [0, 1.5, 41], "rotation": [-90, 0, -90], "uv": [60, 253]},
						{"origin": [-1, 2, 34], "size": [2, 1, 2], "uv": [120, 257]},
						{"origin": [-2, 2, 36], "size": [4, 1, 1], "uv": [256, 253]},
						{"origin": [1, 2, 37], "size": [1, 1, 2], "uv": [258, 88]},
						{"origin": [-2, 2, 37], "size": [1, 1, 2], "uv": [90, 258]},
						{"origin": [-1, 1, 43], "size": [4, 1, 1], "pivot": [0, 4.5, 41], "rotation": [-90, 0, 90], "uv": [0, 257]},
						{"origin": [-2, 2, 39], "size": [4, 1, 1], "uv": [10, 257]}
					]
				},
				{
					"name": "wheel1",
					"parent": "wagon",
					"pivot": [0, -1.42512, -9],
					"cubes": [
						{"origin": [-8.51172, -4.37048, -10.76256], "size": [2, 2, 3], "inflate": -0.02, "pivot": [-7.51172, -1.12048, -9.26256], "rotation": [-135, 0, 0], "uv": [70, 253]},
						{"origin": [-8.51172, -4.63304, -10.87132], "size": [2, 2, 3], "pivot": [-7.51172, -1.38304, -9.37132], "rotation": [-90, 0, 0], "uv": [136, 253]},
						{"origin": [-8.51172, -4.8956, -10.76256], "size": [2, 2, 3], "inflate": -0.02, "pivot": [-7.51172, -1.6456, -9.26256], "rotation": [-45, 0, 0], "uv": [146, 253]},
						{"origin": [-8.51172, -5.00436, -10.5], "size": [2, 2, 3], "uv": [30, 255]},
						{"origin": [-8.51172, -0.3956, -10.23744], "size": [2, 2, 3], "inflate": -0.02, "pivot": [-7.51172, -1.6456, -8.73744], "rotation": [-135, 0, 0], "uv": [40, 255]},
						{"origin": [-8.51172, -0.13304, -10.12868], "size": [2, 2, 3], "pivot": [-7.51172, -1.38304, -8.62868], "rotation": [-90, 0, 0], "uv": [50, 255]},
						{"origin": [-8.25781, -3.76172, -11], "size": [1.5, 4, 4], "uv": [86, 250]},
						{"origin": [-8.51172, 0.12952, -10.23744], "size": [2, 2, 3], "inflate": -0.02, "pivot": [-7.51172, -1.12048, -8.73744], "rotation": [-45, 0, 0], "uv": [170, 255]},
						{"origin": [-8.51172, 0.23828, -10.5], "size": [2, 2, 3], "uv": [180, 255]},
						{"origin": [6.51172, -4.37048, -10.76256], "size": [2, 2, 3], "inflate": -0.02, "pivot": [7.51172, -1.12048, -9.26256], "rotation": [-135, 0, 0], "uv": [70, 253], "mirror": true},
						{"origin": [6.51172, -4.63304, -10.87132], "size": [2, 2, 3], "pivot": [7.51172, -1.38304, -9.37132], "rotation": [-90, 0, 0], "uv": [136, 253], "mirror": true},
						{"origin": [6.51172, -4.8956, -10.76256], "size": [2, 2, 3], "inflate": -0.02, "pivot": [7.51172, -1.6456, -9.26256], "rotation": [-45, 0, 0], "uv": [146, 253], "mirror": true},
						{"origin": [6.51172, -5.00436, -10.5], "size": [2, 2, 3], "uv": [30, 255], "mirror": true},
						{"origin": [6.51172, -0.3956, -10.23744], "size": [2, 2, 3], "inflate": -0.02, "pivot": [7.51172, -1.6456, -8.73744], "rotation": [-135, 0, 0], "uv": [40, 255], "mirror": true},
						{"origin": [6.51172, -0.13304, -10.12868], "size": [2, 2, 3], "pivot": [7.51172, -1.38304, -8.62868], "rotation": [-90, 0, 0], "uv": [50, 255], "mirror": true},
						{"origin": [6.75781, -3.76172, -11], "size": [1.5, 4, 4], "uv": [86, 250], "mirror": true},
						{"origin": [6.51172, 0.12952, -10.23744], "size": [2, 2, 3], "inflate": -0.02, "pivot": [7.51172, -1.12048, -8.73744], "rotation": [-45, 0, 0], "uv": [170, 255], "mirror": true},
						{"origin": [6.51172, 0.23828, -10.5], "size": [2, 2, 3], "uv": [180, 255], "mirror": true}
					]
				},
				{
					"name": "wheel2",
					"parent": "wagon",
					"pivot": [0, -1.42512, 9],
					"cubes": [
						{"origin": [-8.51172, -4.37048, 7.76256], "size": [2, 2, 3], "inflate": -0.02, "pivot": [-7.51172, -1.12048, 9.26256], "rotation": [135, 0, 0], "uv": [70, 253]},
						{"origin": [-8.51172, -4.63304, 7.87132], "size": [2, 2, 3], "pivot": [-7.51172, -1.38304, 9.37132], "rotation": [90, 0, 0], "uv": [136, 253]},
						{"origin": [-8.51172, -4.8956, 7.76256], "size": [2, 2, 3], "inflate": -0.02, "pivot": [-7.51172, -1.6456, 9.26256], "rotation": [45, 0, 0], "uv": [146, 253]},
						{"origin": [-8.51172, -5.00436, 7.5], "size": [2, 2, 3], "uv": [30, 255]},
						{"origin": [-8.51172, -0.3956, 7.23744], "size": [2, 2, 3], "inflate": -0.02, "pivot": [-7.51172, -1.6456, 8.73744], "rotation": [135, 0, 0], "uv": [40, 255]},
						{"origin": [-8.51172, -0.13304, 7.12868], "size": [2, 2, 3], "pivot": [-7.51172, -1.38304, 8.62868], "rotation": [90, 0, 0], "uv": [50, 255]},
						{"origin": [-8.25781, -3.76172, 7], "size": [1.5, 4, 4], "uv": [86, 250]},
						{"origin": [-8.51172, 0.12952, 7.23744], "size": [2, 2, 3], "inflate": -0.02, "pivot": [-7.51172, -1.12048, 8.73744], "rotation": [45, 0, 0], "uv": [170, 255]},
						{"origin": [-8.51172, 0.23828, 7.5], "size": [2, 2, 3], "uv": [180, 255]},
						{"origin": [6.51172, -4.37048, 7.76256], "size": [2, 2, 3], "inflate": -0.02, "pivot": [7.51172, -1.12048, 9.26256], "rotation": [135, 0, 0], "uv": [70, 253], "mirror": true},
						{"origin": [6.51172, -4.63304, 7.87132], "size": [2, 2, 3], "pivot": [7.51172, -1.38304, 9.37132], "rotation": [90, 0, 0], "uv": [136, 253], "mirror": true},
						{"origin": [6.51172, -4.8956, 7.76256], "size": [2, 2, 3], "inflate": -0.02, "pivot": [7.51172, -1.6456, 9.26256], "rotation": [45, 0, 0], "uv": [146, 253], "mirror": true},
						{"origin": [6.51172, -5.00436, 7.5], "size": [2, 2, 3], "uv": [30, 255], "mirror": true},
						{"origin": [6.51172, -0.3956, 7.23744], "size": [2, 2, 3], "inflate": -0.02, "pivot": [7.51172, -1.6456, 8.73744], "rotation": [135, 0, 0], "uv": [40, 255], "mirror": true},
						{"origin": [6.51172, -0.13304, 7.12868], "size": [2, 2, 3], "pivot": [7.51172, -1.38304, 8.62868], "rotation": [90, 0, 0], "uv": [50, 255], "mirror": true},
						{"origin": [6.75781, -3.76172, 7], "size": [1.5, 4, 4], "uv": [86, 250], "mirror": true},
						{"origin": [6.51172, 0.12952, 7.23744], "size": [2, 2, 3], "inflate": -0.02, "pivot": [7.51172, -1.12048, 8.73744], "rotation": [45, 0, 0], "uv": [170, 255], "mirror": true},
						{"origin": [6.51172, 0.23828, 7.5], "size": [2, 2, 3], "uv": [180, 255], "mirror": true}
					]
				},
				{
					"name": "wheel3",
					"parent": "wagon",
					"pivot": [0, -1.42512, 22],
					"cubes": [
						{"origin": [-8.51172, -4.37048, 20.76256], "size": [2, 2, 3], "inflate": -0.02, "pivot": [-7.51172, -1.12048, 22.26256], "rotation": [135, 0, 0], "uv": [70, 253]},
						{"origin": [-8.51172, -4.63304, 20.87132], "size": [2, 2, 3], "pivot": [-7.51172, -1.38304, 22.37132], "rotation": [90, 0, 0], "uv": [136, 253]},
						{"origin": [-8.51172, -4.8956, 20.76256], "size": [2, 2, 3], "inflate": -0.02, "pivot": [-7.51172, -1.6456, 22.26256], "rotation": [45, 0, 0], "uv": [146, 253]},
						{"origin": [-8.51172, -5.00436, 20.5], "size": [2, 2, 3], "uv": [30, 255]},
						{"origin": [-8.51172, -0.3956, 20.23744], "size": [2, 2, 3], "inflate": -0.02, "pivot": [-7.51172, -1.6456, 21.73744], "rotation": [135, 0, 0], "uv": [40, 255]},
						{"origin": [-8.51172, -0.13304, 20.12868], "size": [2, 2, 3], "pivot": [-7.51172, -1.38304, 21.62868], "rotation": [90, 0, 0], "uv": [50, 255]},
						{"origin": [-8.25781, -3.76172, 20], "size": [1.5, 4, 4], "uv": [86, 250]},
						{"origin": [-8.51172, 0.12952, 20.23744], "size": [2, 2, 3], "inflate": -0.02, "pivot": [-7.51172, -1.12048, 21.73744], "rotation": [45, 0, 0], "uv": [170, 255]},
						{"origin": [-8.51172, 0.23828, 20.5], "size": [2, 2, 3], "uv": [180, 255]},
						{"origin": [6.51172, -4.37048, 20.76256], "size": [2, 2, 3], "inflate": -0.02, "pivot": [7.51172, -1.12048, 22.26256], "rotation": [135, 0, 0], "uv": [70, 253], "mirror": true},
						{"origin": [6.51172, -4.63304, 20.87132], "size": [2, 2, 3], "pivot": [7.51172, -1.38304, 22.37132], "rotation": [90, 0, 0], "uv": [136, 253], "mirror": true},
						{"origin": [6.51172, -4.8956, 20.76256], "size": [2, 2, 3], "inflate": -0.02, "pivot": [7.51172, -1.6456, 22.26256], "rotation": [45, 0, 0], "uv": [146, 253], "mirror": true},
						{"origin": [6.51172, -5.00436, 20.5], "size": [2, 2, 3], "uv": [30, 255], "mirror": true},
						{"origin": [6.51172, -0.3956, 20.23744], "size": [2, 2, 3], "inflate": -0.02, "pivot": [7.51172, -1.6456, 21.73744], "rotation": [135, 0, 0], "uv": [40, 255], "mirror": true},
						{"origin": [6.51172, -0.13304, 20.12868], "size": [2, 2, 3], "pivot": [7.51172, -1.38304, 21.62868], "rotation": [90, 0, 0], "uv": [50, 255], "mirror": true},
						{"origin": [6.75781, -3.76172, 20], "size": [1.5, 4, 4], "uv": [86, 250], "mirror": true},
						{"origin": [6.51172, 0.12952, 20.23744], "size": [2, 2, 3], "inflate": -0.02, "pivot": [7.51172, -1.12048, 21.73744], "rotation": [45, 0, 0], "uv": [170, 255], "mirror": true},
						{"origin": [6.51172, 0.23828, 20.5], "size": [2, 2, 3], "uv": [180, 255], "mirror": true}
					]
				},
				{
					"name": "wheel4",
					"parent": "wagon",
					"pivot": [0, -1.42512, -22],
					"cubes": [
						{"origin": [-8.51172, -4.37048, -23.76256], "size": [2, 2, 3], "inflate": -0.02, "pivot": [-7.51172, -1.12048, -22.26256], "rotation": [-135, 0, 0], "uv": [70, 253]},
						{"origin": [-8.51172, -4.63304, -23.87132], "size": [2, 2, 3], "pivot": [-7.51172, -1.38304, -22.37132], "rotation": [-90, 0, 0], "uv": [136, 253]},
						{"origin": [-8.51172, -4.8956, -23.76256], "size": [2, 2, 3], "inflate": -0.02, "pivot": [-7.51172, -1.6456, -22.26256], "rotation": [-45, 0, 0], "uv": [146, 253]},
						{"origin": [-8.51172, -5.00436, -23.5], "size": [2, 2, 3], "uv": [30, 255]},
						{"origin": [-8.51172, -0.3956, -23.23744], "size": [2, 2, 3], "inflate": -0.02, "pivot": [-7.51172, -1.6456, -21.73744], "rotation": [-135, 0, 0], "uv": [40, 255]},
						{"origin": [-8.51172, -0.13304, -23.12868], "size": [2, 2, 3], "pivot": [-7.51172, -1.38304, -21.62868], "rotation": [-90, 0, 0], "uv": [50, 255]},
						{"origin": [-8.25781, -3.76172, -24], "size": [1.5, 4, 4], "uv": [86, 250]},
						{"origin": [-8.51172, 0.12952, -23.23744], "size": [2, 2, 3], "inflate": -0.02, "pivot": [-7.51172, -1.12048, -21.73744], "rotation": [-45, 0, 0], "uv": [170, 255]},
						{"origin": [-8.51172, 0.23828, -23.5], "size": [2, 2, 3], "uv": [180, 255]},
						{"origin": [6.51172, -4.37048, -23.76256], "size": [2, 2, 3], "inflate": -0.02, "pivot": [7.51172, -1.12048, -22.26256], "rotation": [-135, 0, 0], "uv": [70, 253], "mirror": true},
						{"origin": [6.51172, -4.63304, -23.87132], "size": [2, 2, 3], "pivot": [7.51172, -1.38304, -22.37132], "rotation": [-90, 0, 0], "uv": [136, 253], "mirror": true},
						{"origin": [6.51172, -4.8956, -23.76256], "size": [2, 2, 3], "inflate": -0.02, "pivot": [7.51172, -1.6456, -22.26256], "rotation": [-45, 0, 0], "uv": [146, 253], "mirror": true},
						{"origin": [6.51172, -5.00436, -23.5], "size": [2, 2, 3], "uv": [30, 255], "mirror": true},
						{"origin": [6.51172, -0.3956, -23.23744], "size": [2, 2, 3], "inflate": -0.02, "pivot": [7.51172, -1.6456, -21.73744], "rotation": [-135, 0, 0], "uv": [40, 255], "mirror": true},
						{"origin": [6.51172, -0.13304, -23.12868], "size": [2, 2, 3], "pivot": [7.51172, -1.38304, -21.62868], "rotation": [-90, 0, 0], "uv": [50, 255], "mirror": true},
						{"origin": [6.75781, -3.76172, -24], "size": [1.5, 4, 4], "uv": [86, 250], "mirror": true},
						{"origin": [6.51172, 0.12952, -23.23744], "size": [2, 2, 3], "inflate": -0.02, "pivot": [7.51172, -1.12048, -21.73744], "rotation": [-45, 0, 0], "uv": [170, 255], "mirror": true},
						{"origin": [6.51172, 0.23828, -23.5], "size": [2, 2, 3], "uv": [180, 255], "mirror": true}
					]
				},
				{
					"name": "wagon_main",
					"parent": "wagon",
					"pivot": [0, -1, 0],
					"cubes": [
						{"origin": [5.5, 6, -28.5], "size": [6, 14, 6], "uv": [136, 218]},
						{"origin": [-11.5, 6, -28.5], "size": [6, 14, 6], "uv": [42, 228]},
						{"origin": [-9.5, 20, -26.5], "size": [2, 2, 2], "uv": [96, 257]},
						{"origin": [-9.5, 21, -26.5], "size": [2, 1, 2], "inflate": 0.25, "uv": [128, 257]},
						{"origin": [7.5, 21, -26.5], "size": [2, 1, 2], "inflate": 0.25, "uv": [160, 257]},
						{"origin": [7.5, 20, -26.5], "size": [2, 2, 2], "uv": [104, 257]},
						{"origin": [-10.5, 6, -22.5], "size": [5, 17, 9], "uv": [80, 218]},
						{"origin": [-5.5, 6, -24.5], "size": [11, 13, 11], "uv": [184, 114]},
						{"origin": [-10.5, 6, -13.5], "size": [21, 13, 22], "uv": [184, 0]},
						{"origin": [5.5, 6, -22.5], "size": [5, 17, 9], "uv": [108, 218]},
						{"origin": [-12, 2, -34], "size": [24, 1, 68], "uv": [0, 69]},
						{"origin": [-11, 3, -33], "size": [22, 2, 66], "uv": [0, 138]},
						{"origin": [-12, 5, -34], "size": [24, 1, 68], "uv": [0, 0]},
						{"origin": [12, -3, 33], "size": [1, 9, 1], "uv": [238, 250]},
						{"origin": [11, -2, 28], "size": [3, 1, 5], "uv": [228, 131]},
						{"origin": [12, 2, 28], "size": [2, 1, 5], "uv": [66, 228]},
						{"origin": [12, -3, 27], "size": [1, 9, 1], "uv": [80, 253]},
						{"origin": [-14, 2, 28], "size": [2, 1, 5], "uv": [66, 234]},
						{"origin": [-13, -3, 27], "size": [1, 9, 1], "uv": [156, 253]},
						{"origin": [-14, -2, 28], "size": [3, 1, 5], "uv": [86, 244]},
						{"origin": [-13, -3, 33], "size": [1, 9, 1], "uv": [190, 255]},
						{"origin": [12, -3, -34], "size": [1, 9, 1], "uv": [194, 255]},
						{"origin": [12, 2, -33], "size": [2, 1, 5], "uv": [244, 131]},
						{"origin": [12, -3, -28], "size": [1, 9, 1], "uv": [198, 255]},
						{"origin": [11, -2, -33], "size": [3, 1, 5], "uv": [102, 244]},
						{"origin": [-13, -3, -28], "size": [1, 9, 1], "uv": [202, 255]},
						{"origin": [-14, 2, -33], "size": [2, 1, 5], "uv": [244, 236]},
						{"origin": [-14, -2, -33], "size": [3, 1, 5], "uv": [118, 244]},
						{"origin": [-13, -3, -34], "size": [1, 9, 1], "uv": [242, 255]},
						{"origin": [-9.5, 22.5, -15.5], "size": [3, 1, 1], "uv": [68, 258]},
						{"origin": [6.5, 22.5, -15.5], "size": [3, 1, 1], "uv": [60, 258]},
						{"origin": [6.5, 22.5, -21.5], "size": [3, 1, 1], "uv": [258, 76]},
						{"origin": [-9.5, 22.5, -21.5], "size": [3, 1, 1], "uv": [258, 74]},
						{"origin": [-10.5, 22.5, -18.5], "size": [3, 1, 1], "pivot": [-9, 23, -18], "rotation": [0, 90, 0], "uv": [258, 78]},
						{"origin": [7.5, 22.5, -18.5], "size": [3, 1, 1], "pivot": [9, 23, -18], "rotation": [0, -90, 0], "uv": [258, 80]},
						{"origin": [-5.5, 6, -25.5], "size": [11, 14, 1], "uv": [136, 238]},
						{"origin": [-7.5, 6, 27.5], "size": [15, 6, 6], "uv": [0, 228]},
						{"origin": [-7.5, 10, 26.5], "size": [15, 2, 7], "inflate": -0.01, "pivot": [0, 12, 33.5], "rotation": [-15, 0, 0], "uv": [228, 114]},
						{
							"origin": [5.5, 11, 28.5],
							"size": [1, 2, 4],
							"pivot": [0, 12, 33.5],
							"rotation": [-15, 0, 0],
							"uv": {
								"north": {"uv": [4, 255], "uv_size": [1, 2]},
								"south": {"uv": [9, 255], "uv_size": [1, 2]},
								"up": {"uv": [4, 251], "uv_size": [1, 4]}
							}
						},
						{
							"origin": [-6.5, 11, 28.5],
							"size": [1, 2, 4],
							"pivot": [0, 12, 33.5],
							"rotation": [-15, 0, 0],
							"uv": {
								"north": {"uv": [14, 255], "uv_size": [1, 2]},
								"south": {"uv": [19, 255], "uv_size": [1, 2]},
								"up": {"uv": [14, 251], "uv_size": [1, 4]}
							}
						},
						{"origin": [-11.5, 6, 8.5], "size": [23, 13, 19], "uv": [184, 35]},
						{"origin": [-2.5, 19, 15.5], "size": [5, 4, 5], "uv": [66, 244]},
						{"origin": [0.5, 18.25, 16.75], "size": [1, 5, 4], "uv": [248, 74]},
						{"origin": [-1.5, 18.25, 16.75], "size": [1, 5, 4], "uv": [248, 83]},
						{"origin": [10.5, 6, -22.5], "size": [1, 16, 31], "uv": [184, 67]},
						{"origin": [-11.5, 6, -22.5], "size": [1, 16, 31], "uv": [176, 192]},
						{"origin": [-11.5, 19, 8.5], "size": [1, 3, 19], "uv": [0, 206]},
						{"origin": [10.5, 19, 8.5], "size": [1, 3, 19], "uv": [40, 206]},
						{"origin": [-11.5, 20, -24.5], "size": [1, 2, 2], "uv": [60, 248]},
						{"origin": [10.5, 20, -24.5], "size": [1, 2, 2], "uv": [170, 250]},
						{"origin": [-10.5, 19, 26.5], "size": [21, 3, 1], "uv": [228, 123]},
						{"origin": [-10.5, 19, 8.5], "size": [21, 3, 1], "uv": [228, 127]}
					]
				},
				{
					"name": "window",
					"parent": "wagon_main",
					"pivot": [-12, 13, 20.5],
					"cubes": [
						{"origin": [-12.5, 10, 17.5], "size": [1, 6, 6], "pivot": [-12, 13, 20.5], "rotation": [90, 0, 180], "uv": [193, 240], "mirror": true},
						{"origin": [-12.5, 10, -22.5], "size": [1, 6, 6], "pivot": [0, 13, -19.5], "rotation": [-90, 0, 0], "uv": [193, 240]},
						{"origin": [11.5, 10, 17.5], "size": [1, 6, 6], "pivot": [12, 13, 20.5], "rotation": [90, 0, 180], "uv": [193, 240]},
						{"origin": [11.5, 10, -22.5], "size": [1, 6, 6], "pivot": [0, 13, -19.5], "rotation": [-90, 0, 0], "uv": [193, 240], "mirror": true}
					]
				}
			]
		}
	]
}