{
	"format_version": "1.12.0",
	"minecraft:geometry": [
		{
			"description": {
				"identifier": "geometry.lb_ta_aem_7",
				"texture_width": 512,
				"texture_height": 512,
				"visible_bounds_width": 10,
				"visible_bounds_height": 6,
				"visible_bounds_offset": [0, 1, 0]
			},
			"bones": [
				{
					"name": "bone",
					"pivot": [0, 18.5, -41.5]
				},
				{
					"name": "train_main",
					"parent": "bone",
					"pivot": [0, -3.5, 0],
					"cubes": [
						{"origin": [-11.5, 23.5, -42], "size": [23, 3, 84], "uv": [0, 0]},
						{"origin": [-5.5, 26.5, -38], "size": [11, 3, 7], "uv": [216, 102]},
						{
							"origin": [-11.5, 3.5, -22],
							"size": [23, 20, 44],
							"uv": {
								"north": {"uv": [44, 131], "uv_size": [23, 20]},
								"east": {"uv": [0, 131], "uv_size": [44, 20]},
								"south": {"uv": [111, 131], "uv_size": [23, 20]},
								"west": {"uv": [67, 131], "uv_size": [44, 20]}
							}
						},
						{"origin": [-11.5, 3.5, 43], "size": [23, 13, 1], "uv": [182, 210]},
						{"origin": [-2, 13.5, 44], "size": [2, 2, 1], "uv": [260, 249]},
						{"origin": [0, 13.5, 44], "size": [2, 2, 1], "uv": [252, 260]},
						{"origin": [-2.5, 13, 43.5], "size": [5, 3, 1], "uv": [170, 219]},
						{"origin": [2.75, 14.5, 44], "size": [5, 1, 1], "uv": [230, 222]},
						{"origin": [-7.75, 14.5, 44], "size": [5, 1, 1], "uv": [252, 136]},
						{"origin": [-10.5, 13.5, 44], "size": [2, 2, 1], "uv": [260, 252]},
						{"origin": [-11, 13, 43.5], "size": [3, 3, 1], "uv": [258, 195]},
						{"origin": [8, 13, 43.5], "size": [3, 3, 1], "uv": [78, 260]},
						{"origin": [8.5, 13.5, 44], "size": [2, 2, 1], "uv": [260, 255]},
						{"origin": [-1.5, 16.5, 43], "size": [3, 8, 1], "pivot": [0, 16.5, 44], "rotation": [15, 0, 0], "uv": [248, 199]},
						{"origin": [-11.51953, 16.5, 43], "size": [1, 8, 1], "pivot": [-0.01953, 16.5, 44], "rotation": [15, 0, 0], "uv": [86, 237]},
						{"origin": [10.51953, 16.5, 43], "size": [1, 8, 1], "pivot": [0.01953, 16.5, 44], "rotation": [15, 0, 0], "uv": [16, 259]},
						{"origin": [-11.5, 20.5, 41], "size": [1, 3, 1], "uv": [262, 232]},
						{"origin": [-11.5, 19.5, 41], "size": [1, 1, 1.85156], "uv": [196, 248]},
						{"origin": [-11.5, 16.5, 41], "size": [1, 3, 2], "uv": [114, 260]},
						{"origin": [-11.5, 16.5, 39], "size": [1, 7, 2], "uv": [228, 249]},
						{"origin": [-11.5, 5.5, 29], "size": [1, 18, 2], "uv": [122, 232]},
						{"origin": [-11.5, 5.5, 31], "size": [1, 11, 12], "uv": [214, 36]},
						{"origin": [10.5, 5.5, 31], "size": [1, 11, 12], "uv": [214, 59]},
						{"origin": [10.5, 5.5, 29], "size": [1, 18, 2], "uv": [40, 238]},
						{"origin": [10.5, 16.5, 39], "size": [1, 7, 2], "uv": [234, 250]},
						{"origin": [10.5, 16.5, 41], "size": [1, 3, 2], "uv": [204, 260]},
						{"origin": [10.5, 19.5, 41], "size": [1, 1, 1.85156], "uv": [248, 208]},
						{"origin": [10.5, 20.5, 41], "size": [1, 3, 1], "uv": [262, 236]},
						{
							"origin": [-11, 6.5, -29],
							"size": [0.5, 11, 7],
							"uv": {
								"north": {"uv": [162, 232], "uv_size": [1, 11]},
								"east": {"uv": [156, 232], "uv_size": [7, 11]},
								"south": {"uv": [156, 232], "uv_size": [1, 11]},
								"west": {"uv": [163, 232], "uv_size": [7, 11]},
								"up": {"uv": [163, 232], "uv_size": [1, 7]},
								"down": {"uv": [156, 233], "uv_size": [1, -7]}
							}
						},
						{
							"origin": [10.4, 6.5, -29],
							"size": [0.6, 11, 7],
							"uv": {
								"north": {"uv": [162, 232], "uv_size": [1, 11]},
								"east": {"uv": [163, 232], "uv_size": [7, 11]},
								"south": {"uv": [156, 232], "uv_size": [1, 11]},
								"west": {"uv": [156, 232], "uv_size": [7, 11]},
								"up": {"uv": [163, 232], "uv_size": [1, 7]},
								"down": {"uv": [156, 233], "uv_size": [1, -7]}
							}
						},
						{
							"origin": [-11, 6.5, 22],
							"size": [0.5, 11, 7],
							"uv": {
								"north": {"uv": [162, 232], "uv_size": [1, 11]},
								"east": {"uv": [156, 232], "uv_size": [7, 11]},
								"south": {"uv": [156, 232], "uv_size": [1, 11]},
								"west": {"uv": [163, 232], "uv_size": [7, 11]},
								"up": {"uv": [163, 232], "uv_size": [1, 7]},
								"down": {"uv": [156, 233], "uv_size": [1, -7]}
							}
						},
						{
							"origin": [10.5, 6.5, 22],
							"size": [0.5, 11, 7],
							"uv": {
								"north": {"uv": [162, 232], "uv_size": [1, 11]},
								"east": {"uv": [163, 232], "uv_size": [7, 11]},
								"south": {"uv": [156, 232], "uv_size": [1, 11]},
								"west": {"uv": [156, 232], "uv_size": [7, 11]},
								"up": {"uv": [163, 232], "uv_size": [1, 7]},
								"down": {"uv": [156, 233], "uv_size": [1, -7]}
							}
						},
						{"origin": [-11.5, 5.5, -31], "size": [1, 18, 2], "uv": [46, 238]},
						{"origin": [-11.5, 5.5, -43], "size": [1, 11, 12], "uv": [0, 215]},
						{"origin": [-11.5, 16.5, -41], "size": [1, 7, 2], "uv": [122, 252]},
						{"origin": [-11.5, 20.5, -42], "size": [1, 3, 1], "uv": [160, 263]},
						{"origin": [-11.5, 19.5, -42.85156], "size": [1, 1, 1.85156], "uv": [78, 253]},
						{"origin": [-11.5, 16.5, -43], "size": [1, 3, 2], "uv": [210, 260]},
						{"origin": [10.5, 5.5, -43], "size": [1, 11, 12], "uv": [26, 215]},
						{"origin": [10.5, 5.5, -31], "size": [1, 18, 2], "uv": [240, 60]},
						{"origin": [10.5, 16.5, -41], "size": [1, 7, 2], "uv": [52, 253]},
						{"origin": [10.5, 16.5, -43], "size": [1, 3, 2], "uv": [260, 218]},
						{"origin": [10.5, 19.5, -42.85156], "size": [1, 1, 1.85156], "uv": [216, 255]},
						{"origin": [10.5, 20.5, -42], "size": [1, 3, 1], "uv": [164, 263]},
						{"origin": [-11.51953, 16.5, -44], "size": [1, 8, 1], "pivot": [-0.01953, 16.5, -44], "rotation": [-15, 0, 0], "uv": [20, 259]},
						{"origin": [0, 13.5, -45], "size": [2, 2, 1], "uv": [258, 260]},
						{"origin": [-2.5, 13, -44.5], "size": [5, 3, 1], "uv": [230, 218]},
						{"origin": [-2, 13.5, -45], "size": [2, 2, 1], "uv": [28, 261]},
						{"origin": [-7.75, 14.5, -45], "size": [5, 1, 1], "uv": [258, 34]},
						{"origin": [-11.5, 3.5, -44], "size": [23, 13, 1], "uv": [210, 185]},
						{"origin": [-11, 13, -44.5], "size": [3, 3, 1], "uv": [86, 260]},
						{"origin": [-10.5, 13.5, -45], "size": [2, 2, 1], "uv": [34, 261]},
						{"origin": [2.75, 14.5, -45], "size": [5, 1, 1], "uv": [258, 82]},
						{"origin": [8.5, 13.5, -45], "size": [2, 2, 1], "uv": [132, 261]},
						{"origin": [8, 13, -44.5], "size": [3, 3, 1], "uv": [106, 260]},
						{"origin": [-1.5, 16.5, -44], "size": [3, 8, 1], "pivot": [0, 16.5, -44], "rotation": [-15, 0, 0], "uv": [220, 249]},
						{"origin": [10.51953, 16.5, -44], "size": [1, 8, 1], "pivot": [0.01953, 16.5, -44], "rotation": [-15, 0, 0], "uv": [20, 259]},
						{"origin": [-5.5, 26.5, -10], "size": [11, 3, 20], "uv": [186, 153]},
						{"origin": [-3.5, 26.5, -24], "size": [7, 3, 5], "uv": [186, 176]},
						{"origin": [-5.5, 29.5, -25], "size": [11, 1, 7], "uv": [216, 122]},
						{"origin": [-1.5, 30.5, -23], "size": [3, 1, 3], "uv": [100, 250]},
						{"origin": [3.5, 26.5, -20], "size": [2, 3, 2], "uv": [216, 258]},
						{"origin": [3.5, 26.5, -25], "size": [2, 3, 2], "uv": [224, 258]},
						{"origin": [-5.5, 26.5, -20], "size": [2, 3, 2], "uv": [0, 259]},
						{"origin": [-5.5, 26.5, -25], "size": [2, 3, 2], "uv": [8, 259]},
						{"origin": [-1.5, 30.5, 20], "size": [3, 1, 3], "uv": [196, 250]},
						{"origin": [-5.5, 29.5, 18], "size": [11, 1, 7], "uv": [216, 130]},
						{"origin": [3.5, 26.5, 23], "size": [2, 3, 2], "uv": [260, 36]},
						{"origin": [-3.5, 26.5, 19], "size": [7, 3, 5], "uv": [230, 210]},
						{"origin": [3.5, 26.5, 18], "size": [2, 3, 2], "uv": [232, 259]},
						{"origin": [-5.5, 26.5, 18], "size": [2, 3, 2], "uv": [196, 259]},
						{"origin": [-5.5, 26.5, 23], "size": [2, 3, 2], "uv": [98, 259]},
						{"origin": [-1.5, 24, -43], "size": [3, 2, 1], "uv": [260, 223]},
						{"origin": [-2.5, 26, -41], "size": [5, 2, 1], "uv": [252, 161]},
						{"origin": [-5.5, 26.5, 31], "size": [11, 3, 7], "uv": [216, 112]},
						{"origin": [-2.5, 26, 40], "size": [5, 2, 1], "uv": [254, 246]},
						{"origin": [-1, 24, -44], "size": [2, 2, 1], "uv": [120, 261]},
						{"origin": [-10.5, 24, 41.5], "size": [9, 2, 1], "uv": [246, 79]},
						{"origin": [-10.5, 24, -42.5], "size": [9, 2, 1], "uv": [100, 247]},
						{"origin": [1.5, 24, -42.5], "size": [9, 2, 1], "uv": [248, 4]},
						{"origin": [-1, 24, 43], "size": [2, 2, 1], "uv": [126, 261]},
						{"origin": [-1.5, 24, 42], "size": [3, 2, 1], "uv": [260, 226]},
						{"origin": [1.5, 24, 41.5], "size": [9, 2, 1], "uv": [246, 76]},
						{"origin": [-11.5, 3.5, 22], "size": [23, 3, 7], "uv": [128, 200]},
						{"origin": [-11.5, 3.5, -29], "size": [23, 3, 7], "uv": [188, 200]},
						{"origin": [-11.5, 3.5, 29], "size": [23, 2, 14], "uv": [62, 184]},
						{"origin": [-11.5, 3.5, -43], "size": [23, 2, 14], "uv": [136, 184]},
						{"origin": [-11.5, 0.5, 5], "size": [3, 3, 28], "uv": [0, 151]},
						{"origin": [8.5, 0.5, 5], "size": [3, 3, 28], "uv": [62, 151]},
						{"origin": [8.5, 0.5, -33], "size": [3, 3, 28], "uv": [124, 153]},
						{"origin": [10.5, -2.5, -30], "size": [1, 3, 1], "uv": [40, 263]},
						{"origin": [10.5, -2.5, -22], "size": [1, 3, 1], "uv": [44, 263]},
						{"origin": [9.5, -2.5, -29], "size": [3, 1, 7], "uv": [66, 237]},
						{"origin": [-11.5, -2.5, -5], "size": [23, 6, 10], "uv": [62, 200]},
						{"origin": [6.25, 1, -44], "size": [2, 2, 1], "uv": [262, 59]},
						{"origin": [8.75, 1, -44], "size": [2, 2, 1], "uv": [50, 262]},
						{"origin": [5.5, 0.5, -43], "size": [6, 3, 6], "uv": [66, 228]},
						{"origin": [-10.75, 1, -44], "size": [2, 2, 1], "uv": [188, 261]},
						{"origin": [-8.25, 1, -44], "size": [2, 2, 1], "uv": [182, 261]},
						{"origin": [-2.5, 0.5, -43], "size": [5, 3, 6], "uv": [224, 233]},
						{"origin": [-11.5, -1.5, -37], "size": [23, 5, 4], "uv": [210, 176]},
						{"origin": [8.75, 1, 43], "size": [2, 2, 1], "uv": [176, 261]},
						{"origin": [6.25, 1, 43], "size": [2, 2, 1], "uv": [150, 261]},
						{"origin": [-10.75, 1, 43], "size": [2, 2, 1], "uv": [144, 261]},
						{"origin": [-8.25, 1, 43], "size": [2, 2, 1], "uv": [138, 261]},
						{"origin": [-11.5, 0.5, 37], "size": [6, 3, 6], "uv": [194, 224]},
						{"origin": [-2.5, 0.5, 37], "size": [5, 3, 6], "uv": [202, 233]},
						{"origin": [-5.5, -0.5, 37], "size": [11, 4, 4], "uv": [216, 138]},
						{"origin": [-10.5, -2.5, 40], "size": [21, 3, 1], "inflate": -0.02, "pivot": [0, 0.5, 41], "rotation": [22.5, 0, 0], "uv": [214, 82]},
						{"origin": [5.5, -0.5, 37], "size": [5, 1, 4], "uv": [248, 7]},
						{"origin": [5.5, 0.5, 37], "size": [6, 3, 6], "uv": [170, 224]},
						{"origin": [-11.5, -1.5, 33], "size": [23, 5, 4], "uv": [128, 210]},
						{"origin": [-11.5, 0.5, -33], "size": [3, 3, 28], "uv": [0, 182]},
						{"origin": [-6.5, -1.5, -33], "size": [13, 5, 28], "uv": [134, 120]},
						{"origin": [-6.5, -1.5, 5], "size": [13, 5, 28], "uv": [134, 87]},
						{"origin": [5.5, -0.5, -41], "size": [5, 1, 4], "uv": [248, 22]},
						{"origin": [-5.5, -0.5, -41], "size": [11, 4, 4], "uv": [66, 220]},
						{"origin": [-11.5, 0.5, -43], "size": [6, 3, 6], "uv": [218, 224]},
						{"origin": [-10.5, -2.5, -41], "size": [21, 3, 1], "inflate": -0.02, "pivot": [0, 0.5, -41], "rotation": [-22.5, 0, 0], "uv": [52, 216]},
						{"origin": [-10.5, -0.5, 37], "size": [5, 1, 4], "uv": [248, 12]},
						{"origin": [8.5, -2.5, -9], "size": [3, 3, 2], "uv": [252, 111]},
						{"origin": [8.5, -2.5, -17], "size": [3, 3, 2], "uv": [252, 116]},
						{"origin": [8.5, -0.5, -15], "size": [3, 1, 6], "uv": [216, 146]},
						{"origin": [10.5, -2.5, -13], "size": [1, 2, 2], "uv": [90, 228]},
						{"origin": [-11.5, -2.5, -13], "size": [1, 2, 2], "uv": [252, 164]},
						{"origin": [-11.5, -2.5, 11], "size": [1, 2, 2], "uv": [240, 260]},
						{"origin": [10.5, -2.5, 11], "size": [1, 2, 2], "uv": [246, 260]},
						{"origin": [8.5, -2.5, -15], "size": [2, 2, 6], "uv": [238, 242]},
						{"origin": [8.5, -2.5, 15], "size": [3, 3, 2], "uv": [252, 121]},
						{"origin": [8.5, -2.5, 9], "size": [2, 2, 6], "uv": [128, 243]},
						{"origin": [8.5, -0.5, 9], "size": [3, 1, 6], "uv": [234, 146]},
						{
							"origin": [-2.5, 11.5, -45],
							"size": [5, 1, 1],
							"uv": {
								"north": {"uv": [257, 207], "uv_size": [5, 1]},
								"east": {"uv": [256, 207], "uv_size": [1, 1]},
								"west": {"uv": [262, 207], "uv_size": [1, 1]}
							}
						},
						{"origin": [8.5, -2.5, 7], "size": [3, 3, 2], "uv": [252, 126]},
						{"origin": [-11.5, -2.5, 15], "size": [3, 3, 2], "uv": [252, 131]},
						{"origin": [-10.5, -2.5, 9], "size": [2, 2, 6], "uv": [144, 243]},
						{"origin": [-11.5, -0.5, 9], "size": [3, 1, 6], "uv": [220, 242]},
						{"origin": [-11.5, -2.5, 7], "size": [3, 3, 2], "uv": [252, 146]},
						{
							"origin": [11.5, 6.5, -21.5],
							"size": [1, 14, 1],
							"uv": {
								"west": {"uv": [174, 249], "uv_size": [1, 14]},
								"up": {"uv": [173, 248], "uv_size": [1, 1]},
								"down": {"uv": [174, 249], "uv_size": [1, -1]}
							}
						},
						{"origin": [-11.5, -0.5, -15], "size": [3, 1, 6], "uv": [242, 226]},
						{"origin": [-11.5, -2.5, -17], "size": [3, 3, 2], "uv": [252, 151]},
						{"origin": [-11.5, -2.5, -9], "size": [3, 3, 2], "uv": [252, 156]},
						{"origin": [-12.5, -2.5, -29], "size": [3, 1, 7], "uv": [0, 238]},
						{"origin": [-11.5, -2.5, -30], "size": [1, 3, 1], "uv": [56, 263]},
						{"origin": [-11.5, -2.5, -22], "size": [1, 3, 1], "uv": [60, 263]},
						{
							"origin": [11.5, 6.5, 20.5],
							"size": [1, 14, 1],
							"uv": {
								"west": {"uv": [174, 249], "uv_size": [1, 14]},
								"up": {"uv": [173, 248], "uv_size": [1, 1]},
								"down": {"uv": [174, 249], "uv_size": [1, -1]}
							}
						},
						{"origin": [-12.5, -2.5, 22], "size": [3, 1, 7], "uv": [20, 238]},
						{
							"origin": [-12.5, 6.5, -30.5],
							"size": [1, 14, 1],
							"uv": {
								"east": {"uv": [248, 154], "uv_size": [1, 14]},
								"up": {"uv": [249, 153], "uv_size": [1, 1]},
								"down": {"uv": [250, 154], "uv_size": [1, -1]}
							}
						},
						{
							"origin": [-12.5, 6.5, -21.5],
							"size": [1, 14, 1],
							"uv": {
								"east": {"uv": [248, 154], "uv_size": [1, 14]},
								"up": {"uv": [249, 153], "uv_size": [1, 1]},
								"down": {"uv": [250, 154], "uv_size": [1, -1]}
							}
						},
						{
							"origin": [-12.5, 6.5, 29.5],
							"size": [1, 14, 1],
							"uv": {
								"east": {"uv": [248, 154], "uv_size": [1, 14]},
								"up": {"uv": [249, 153], "uv_size": [1, 1]},
								"down": {"uv": [250, 154], "uv_size": [1, -1]}
							}
						},
						{
							"origin": [-12.5, 6.5, 20.5],
							"size": [1, 14, 1],
							"uv": {
								"east": {"uv": [248, 154], "uv_size": [1, 14]},
								"up": {"uv": [249, 153], "uv_size": [1, 1]},
								"down": {"uv": [250, 154], "uv_size": [1, -1]}
							}
						},
						{
							"origin": [11.5, 6.5, 29.5],
							"size": [1, 14, 1],
							"uv": {
								"west": {"uv": [174, 249], "uv_size": [1, 14]},
								"up": {"uv": [173, 248], "uv_size": [1, 1]},
								"down": {"uv": [174, 249], "uv_size": [1, -1]}
							}
						},
						{
							"origin": [-12.5, 10.5, -41],
							"size": [1, 1, 4],
							"uv": {
								"north": {"uv": [152, 255], "uv_size": [1, 1]},
								"east": {"uv": [148, 255], "uv_size": [4, 1]},
								"south": {"uv": [157, 255], "uv_size": [1, 1]}
							}
						},
						{
							"origin": [-12.5, 10.5, 37],
							"size": [1, 1, 4],
							"uv": {
								"north": {"uv": [116, 254], "uv_size": [1, 1]},
								"east": {"uv": [112, 254], "uv_size": [4, 1]},
								"south": {"uv": [121, 254], "uv_size": [1, 1]}
							}
						},
						{
							"origin": [11.5, 10.5, -41],
							"size": [1, 1, 4],
							"uv": {
								"north": {"uv": [256, 95], "uv_size": [1, 1]},
								"south": {"uv": [261, 95], "uv_size": [1, 1]},
								"west": {"uv": [257, 95], "uv_size": [4, 1]}
							}
						},
						{
							"origin": [11.5, 10.5, 37],
							"size": [1, 1, 4],
							"uv": {
								"north": {"uv": [244, 254], "uv_size": [1, 1]},
								"south": {"uv": [249, 254], "uv_size": [1, 1]},
								"west": {"uv": [245, 254], "uv_size": [4, 1]}
							}
						},
						{
							"origin": [-2.5, 11.5, 44],
							"size": [5, 1, 1],
							"uv": {
								"east": {"uv": [256, 205], "uv_size": [1, 1]},
								"south": {"uv": [263, 205], "uv_size": [5, 1]},
								"west": {"uv": [262, 205], "uv_size": [1, 1]}
							}
						},
						{"origin": [-11.5, -2.5, 29], "size": [1, 3, 1], "uv": [64, 263]},
						{"origin": [-11.5, -2.5, 21], "size": [1, 3, 1], "uv": [68, 263]},
						{
							"origin": [11.5, 6.5, -30.5],
							"size": [1, 14, 1],
							"uv": {
								"west": {"uv": [174, 249], "uv_size": [1, 14]},
								"up": {"uv": [173, 248], "uv_size": [1, 1]},
								"down": {"uv": [174, 249], "uv_size": [1, -1]}
							}
						},
						{"origin": [10.5, -2.5, 29], "size": [1, 3, 1], "uv": [72, 263]},
						{"origin": [9.5, -2.5, 22], "size": [3, 1, 7], "uv": [240, 36]},
						{"origin": [10.5, -2.5, 21], "size": [1, 3, 1], "uv": [156, 263]},
						{"origin": [-10.5, -0.5, -41], "size": [5, 1, 4], "uv": [248, 17]},
						{"origin": [-10.5, -2.5, -15], "size": [2, 2, 6], "uv": [52, 245]}
					]
				},
				{
					"name": "window",
					"parent": "train_main",
					"pivot": [0, -3.5, 0],
					"cubes": [
						{"origin": [-0.2, 22.5, -38.3], "size": [1, 1, 1], "uv": [453, 19]},
						{
							"origin": [-11, 17.5, -29],
							"size": [1, 6, 7],
							"uv": {
								"north": {"uv": [468, 9], "uv_size": [1, 6]},
								"east": {"uv": [476, 0], "uv_size": [7, 6]},
								"south": {"uv": [468, 9], "uv_size": [1, 6]},
								"west": {"uv": [463, 9], "uv_size": [7, 6]},
								"up": {"uv": [468, 9], "uv_size": [1, 7]},
								"down": {"uv": [468, 17], "uv_size": [1, -7]}
							}
						},
						{"origin": [-2.5, 8.5, -45], "size": [5, 1, 1], "uv": [258, 32]},
						{
							"origin": [-11, 17.5, 22],
							"size": [1, 6, 7],
							"uv": {
								"north": {"uv": [469, 8], "uv_size": [1, 6]},
								"east": {"uv": [470, 6], "uv_size": [7, 6]},
								"south": {"uv": [469, 8], "uv_size": [1, 6]},
								"west": {"uv": [460, 8], "uv_size": [7, 6]},
								"up": {"uv": [469, 9], "uv_size": [1, 7]},
								"down": {"uv": [469, 15], "uv_size": [1, -7]}
							}
						},
						{
							"origin": [10, 17.5, 22],
							"size": [1, 6, 7],
							"uv": {
								"north": {"uv": [468, 9], "uv_size": [1, 6]},
								"east": {"uv": [470, 12], "uv_size": [7, 6]},
								"south": {"uv": [468, 9], "uv_size": [1, 6]},
								"west": {"uv": [476, 0], "uv_size": [7, 6]},
								"up": {"uv": [468, 10], "uv_size": [1, 7]},
								"down": {"uv": [468, 16], "uv_size": [1, -7]}
							}
						},
						{
							"origin": [10, 17.5, -29],
							"size": [1, 6, 7],
							"uv": {
								"north": {"uv": [468, 8], "uv_size": [1, 6]},
								"east": {"uv": [470, 12], "uv_size": [7, 6]},
								"south": {"uv": [468, 8], "uv_size": [1, 6]},
								"west": {"uv": [470, 6], "uv_size": [7, 6]},
								"up": {"uv": [468, 8], "uv_size": [1, 7]},
								"down": {"uv": [468, 14], "uv_size": [1, -7]}
							}
						},
						{"origin": [11.5, 4.5, -41], "size": [1, 1, 4], "uv": [252, 101]},
						{"origin": [11.5, 4.5, 37], "size": [1, 1, 4], "uv": [252, 101]},
						{"origin": [11.5, 7.5, -41], "size": [1, 1, 4], "uv": [252, 96]},
						{"origin": [-12.5, 4.5, -41], "size": [1, 1, 4], "uv": [252, 106]},
						{"origin": [-12.5, 4.5, 37], "size": [1, 1, 4], "uv": [138, 251]},
						{"origin": [-2.5, 8.5, -45], "size": [5, 1, 1], "uv": [258, 32]},
						{"origin": [-12.5, 7.5, -41], "size": [1, 1, 4], "uv": [252, 86]},
						{"origin": [-12.5, 7.5, 37], "size": [1, 1, 4], "uv": [208, 250]},
						{"origin": [-12.5, 0.5, -29], "size": [1, 1, 7], "uv": [16, 246]},
						{"origin": [11.5, 3.5, 22], "size": [1, 1, 7], "uv": [0, 246]},
						{"origin": [11.5, 0.5, 22], "size": [1, 1, 7], "uv": [16, 246]},
						{"origin": [-12.5, 0.5, 22], "size": [1, 1, 7], "uv": [246, 68]},
						{"origin": [11.5, 3.5, -29], "size": [1, 1, 7], "uv": [0, 246]},
						{"origin": [11.5, 0.5, -29], "size": [1, 1, 7], "uv": [68, 245]},
						{"origin": [-2.5, 8.5, 44], "size": [5, 1, 1], "pivot": [0, 9, 44.5], "rotation": [0, 180, 0], "uv": [258, 32]},
						{"origin": [-12.5, 3.5, 22], "size": [1, 1, 7], "uv": [246, 138]},
						{"origin": [-12.5, 3.5, -29], "size": [1, 1, 7], "uv": [246, 60]},
						{"origin": [11.5, 7.5, 37], "size": [1, 1, 4], "uv": [250, 250]},
						{"origin": [6.8, 22.5, -36.3], "size": [1, 1, 1], "uv": [453, 19]},
						{"origin": [1.5, 16.5, 43.75], "size": [9, 8, 0], "pivot": [3, 16.5, 44], "rotation": [15, 0, 0], "uv": [240, 52]},
						{"origin": [-11, 16.5, 31], "size": [0, 7, 8], "uv": [90, 232]},
						{"origin": [11, 16.5, 31], "size": [0, 7, 8], "uv": [106, 232]},
						{
							"origin": [-11, 16.5, -39],
							"size": [0, 7, 8],
							"uv": {
								"north": {"uv": [98, 240], "uv_size": [0, 7]},
								"east": {"uv": [114, 240], "uv_size": [8, 7]},
								"south": {"uv": [106, 240], "uv_size": [0, 7]},
								"west": {"uv": [106, 240], "uv_size": [8, 7]},
								"up": {"uv": [98, 232], "uv_size": [0, 8]},
								"down": {"uv": [98, 240], "uv_size": [0, -8]}
							}
						},
						{"origin": [11, 16.5, -39], "size": [0, 7, 8], "uv": [186, 233]},
						{"origin": [-10.5, 16.5, -43.75], "size": [9, 8, 0], "pivot": [-3, 16.5, -44], "rotation": [-15, 0, 0], "uv": [202, 242]},
						{"origin": [1.5, 16.5, -43.75], "size": [9, 8, 0], "pivot": [3, 16.5, -44], "rotation": [-15, 0, 0], "uv": [242, 218]},
						{"origin": [-7.5, 7.9, -27], "size": [7, 8, 1], "uv": [483, 9]},
						{
							"origin": [0.5, 7.9, 27],
							"size": [7, 8, 1],
							"uv": {
								"north": {"uv": [492, 10], "uv_size": [7, 8]},
								"east": {"uv": [483, 10], "uv_size": [1, 8]},
								"south": {"uv": [484, 10], "uv_size": [7, 8]},
								"west": {"uv": [491, 10], "uv_size": [1, 8]},
								"up": {"uv": [484, 9], "uv_size": [7, 1]},
								"down": {"uv": [491, 10], "uv_size": [7, -1]}
							}
						},
						{"origin": [-7.5, 7.9, -34], "size": [7, 1, 7], "uv": [484, 1]},
						{"origin": [0.5, 7.9, 28], "size": [7, 1, 7], "uv": [484, 1]},
						{"origin": [-10.5, 5.9, -42], "size": [21, 8, 1.6], "uv": [468, 19]},
						{"origin": [-10.5, 5.9, 40.6], "size": [21, 8, 1.6], "uv": [468, 19]},
						{"origin": [-10.5, 16.5, 43.75], "size": [9, 8, 0], "pivot": [-3, 16.5, 44], "rotation": [15, 0, 0], "uv": [268, 43], "mirror": true},
						{
							"origin": [5.5, 7.9, -40.4],
							"size": [3, 5, 0.5],
							"uv": {
								"north": {"uv": [459, 2], "uv_size": [3, 5]},
								"east": {"uv": [467, 1], "uv_size": [-1, 5]},
								"south": {"uv": [467, 2], "uv_size": [3, 5]},
								"west": {"uv": [469, 1], "uv_size": [1, 5]},
								"up": {"uv": [467, 0], "uv_size": [3, 1]},
								"down": {"uv": [467, 1], "uv_size": [3, -1]}
							}
						}
					]
				},
				{
					"name": "screen",
					"parent": "train_main",
					"pivot": [0, 17.9, -37.8],
					"cubes": [
						{"origin": [-2.5, 14.5, -40.8], "size": [5, 1, 0.5], "uv": [497, 38]},
						{"origin": [-2.5, 14.5, 40.4], "size": [5, 1, 0.5], "uv": [497, 38]},
						{"origin": [-2.5, 14.5, -42.1], "size": [5, 5, 1.3], "uv": [500, 33]},
						{
							"origin": [-2.5, 14.5, 40.9],
							"size": [5, 5, 1.3],
							"uv": {
								"north": {"uv": [507, 34], "uv_size": [5, 5]},
								"east": {"uv": [500, 34], "uv_size": [1, 5]},
								"south": {"uv": [501, 34], "uv_size": [5, 5]},
								"west": {"uv": [506, 34], "uv_size": [1, 5]},
								"up": {"uv": [501, 33], "uv_size": [5, 1]},
								"down": {"uv": [506, 34], "uv_size": [5, -1]}
							}
						}
					]
				},
				{
					"name": "dial",
					"parent": "train_main",
					"pivot": [-0.05, 14.85, -40.7],
					"rotation": [0, 0, 40],
					"cubes": [
						{
							"origin": [-0.3, 14.5, -40.7],
							"size": [0.5, 3.7, 0],
							"uv": {
								"south": {"uv": [511, 41], "uv_size": [1, 2]}
							}
						}
					]
				},
				{
					"name": "dial2",
					"parent": "train_main",
					"pivot": [-0.05, 14.85, 40.7],
					"rotation": [0, 0, -40],
					"cubes": [
						{
							"origin": [-0.3, 14.5, 40.7],
							"size": [0.5, 3.7, 0],
							"uv": {
								"south": {"uv": [511, 41], "uv_size": [1, 2]}
							}
						}
					]
				},
				{
					"name": "lights",
					"parent": "train_main",
					"pivot": [5.4, 13.3, -39.3],
					"cubes": [
						{"origin": [6.5, 8.9, -40.4], "size": [1, 2, 1], "uv": [479, 36]}
					]
				},
				{
					"name": "dial_case2",
					"parent": "lights",
					"pivot": [0, 13.6, 43],
					"rotation": [45, 0, 0],
					"cubes": [
						{
							"origin": [2.5, 14.52233, 41.4812],
							"size": [8, 1, 3.5],
							"uv": {
								"north": {"uv": [479, 32], "uv_size": [8, 1]},
								"east": {"uv": [476, 32], "uv_size": [3, 1]},
								"south": {"uv": [490, 32], "uv_size": [8, 1]},
								"west": {"uv": [487, 32], "uv_size": [3, 1]},
								"up": {"uv": [479, 39], "uv_size": [8, 3]},
								"down": {"uv": [479, 32], "uv_size": [8, -3]}
							}
						},
						{
							"origin": [-10.5, 14.52233, 41.4812],
							"size": [8, 1, 3.5],
							"uv": {
								"north": {"uv": [466, 32], "uv_size": [8, 1]},
								"east": {"uv": [463, 32], "uv_size": [3, 1]},
								"south": {"uv": [477, 32], "uv_size": [8, 1]},
								"west": {"uv": [474, 32], "uv_size": [3, 1]},
								"up": {"uv": [466, 39], "uv_size": [8, 3]},
								"down": {"uv": [474, 32], "uv_size": [8, -3]}
							}
						}
					]
				},
				{
					"name": "dial_case",
					"parent": "train_main",
					"pivot": [0, 7.5, -46.1],
					"rotation": [-45, 0, 0],
					"cubes": [
						{"origin": [2.5, 15.1, -50.1], "size": [8, 1, 3.5], "uv": [476, 29]},
						{"origin": [-10.5, 15.1, -50.1], "size": [8, 1, 3.5], "uv": [463, 29]},
						{"origin": [-7.5, 16.1, -50.1], "size": [1, 1, 3.5], "uv": [463, 33]},
						{"origin": [-9.5, 16.1, -50.1], "size": [1, 1, 3.5], "uv": [463, 33]}
					]
				},
				{
					"name": "speed",
					"parent": "dial_case",
					"pivot": [-8, 16.55, -47.8],
					"rotation": [-90, 0, 0],
					"cubes": [
						{
							"origin": [-8.3, 16.3, -48.1],
							"size": [0.6, 2, 0.6],
							"uv": {
								"north": {"uv": [486, 35], "uv_size": [1, 2]},
								"east": {"uv": [486, 35], "uv_size": [1, 2]},
								"south": {"uv": [486, 35], "uv_size": [1, 2]},
								"west": {"uv": [486, 35], "uv_size": [1, 2]},
								"up": {"uv": [485, 35], "uv_size": [0, 0]},
								"down": {"uv": [485, 35], "uv_size": [0, 0]}
							}
						},
						{"origin": [-8.5, 18.3, -48.3], "size": [1, 1, 1], "uv": [487, 34]}
					]
				},
				{
					"name": "whistle",
					"parent": "train_main",
					"pivot": [1.275, 23, -36.775],
					"cubes": [
						{"origin": [0, 22, -38], "size": [0.5, 3, 0.5], "uv": [447, 7]},
						{"origin": [-0.25, 21, -38.25], "size": [1, 1, 1], "uv": [455, 21]}
					]
				},
				{
					"name": "bell",
					"parent": "train_main",
					"pivot": [7.3, 21.5, -35.8],
					"cubes": [
						{"origin": [7, 22, -36], "size": [0.5, 3, 0.5], "uv": [447, 7]},
						{"origin": [6.75, 21, -36.25], "size": [1, 1, 1], "uv": [508, 9]}
					]
				},
				{
					"name": "electric_arm",
					"parent": "train_main",
					"pivot": [0, 30.5, -22],
					"rotation": [-2.5, 0, 0],
					"cubes": [
						{"origin": [-1, 30.5, -22], "size": [2, 1, 15], "uv": [214, 4]}
					]
				},
				{
					"name": "electric_arm2",
					"parent": "electric_arm",
					"pivot": [0, 31.5, -7],
					"rotation": [-10, 0, 0],
					"cubes": [
						{"origin": [-0.5, 30.5, -22], "size": [1, 1, 15], "uv": [216, 86]},
						{"origin": [-12.5, 30.5, -23], "size": [25, 1, 1], "pivot": [0, 31.5, -22], "rotation": [45, 0, 0], "uv": [62, 182]},
						{"origin": [-12.5, 30.5, -26], "size": [25, 1, 1], "pivot": [0, 31.5, -22], "rotation": [45, 0, 0], "uv": [0, 213]},
						{"origin": [11.79289, 24.87868, -24.62132], "size": [1, 4, 1], "pivot": [11.79289, 28.87868, -23.62132], "rotation": [50.26439, 30, -35.26439], "uv": [94, 260]},
						{"origin": [11.79289, 25.39632, -21.68947], "size": [1, 4, 1], "pivot": [11.79289, 28.87868, -23.62132], "rotation": [20.26439, 30, -35.26439], "uv": [262, 98]},
						{"origin": [7.5, 30.5, -25], "size": [1, 1, 2], "pivot": [0, 31.5, -22], "rotation": [45, 0, 0], "uv": [262, 86]},
						{"origin": [14.5, 27.5, -25], "size": [1, 1, 2], "pivot": [0, 31.5, -22], "rotation": [45, 0, 0], "uv": [262, 103]},
						{"origin": [-15.5, 27.5, -25], "size": [1, 1, 2], "pivot": [0, 31.5, -22], "rotation": [45, 0, 0], "uv": [262, 116]},
						{"origin": [-12.79289, 25.39632, -21.68947], "size": [1, 4, 1], "pivot": [-11.79289, 28.87868, -23.62132], "rotation": [20.26439, -30, 35.26439], "uv": [262, 111]},
						{"origin": [-12.79289, 24.87868, -24.62132], "size": [1, 4, 1], "pivot": [-11.79289, 28.87868, -23.62132], "rotation": [50.26439, -30, 35.26439], "uv": [262, 106]},
						{"origin": [-8.5, 30.5, -25], "size": [1, 1, 2], "pivot": [0, 31.5, -22], "rotation": [45, 0, 0], "uv": [262, 89]},
						{"origin": [-5.5, 30.5, -25], "size": [1, 1, 2], "pivot": [0, 31.5, -22], "rotation": [45, 0, 0], "uv": [262, 92]},
						{"origin": [4.5, 30.5, -25], "size": [1, 1, 2], "pivot": [0, 31.5, -22], "rotation": [45, 0, 0], "uv": [262, 95]}
					]
				},
				{
					"name": "electric_arm3",
					"parent": "train_main",
					"pivot": [0, 30.5, 22],
					"rotation": [-27.5, 0, 0],
					"cubes": [
						{"origin": [-1, 30.5, 7], "size": [2, 1, 15], "uv": [214, 20]}
					]
				},
				{
					"name": "electric_arm4",
					"parent": "electric_arm3",
					"pivot": [0, 31.5, 7],
					"rotation": [72.5, 0, 0],
					"cubes": [
						{"origin": [-0.5, 30.5, 7], "size": [1, 1, 15], "uv": [216, 86]},
						{"origin": [-12.5, 30.5, 22], "size": [25, 1, 1], "pivot": [0, 31.5, 22], "rotation": [-45, 0, 0], "uv": [214, 0]},
						{"origin": [-12.5, 30.5, 25], "size": [25, 1, 1], "pivot": [0, 31.5, 22], "rotation": [-45, 0, 0], "uv": [214, 2]},
						{"origin": [11.79289, 24.87868, 23.62132], "size": [1, 4, 1], "pivot": [11.79289, 28.87868, 23.62132], "rotation": [-50.26439, -30, -35.26439], "uv": [262, 119]},
						{"origin": [11.79289, 25.39632, 20.68947], "size": [1, 4, 1], "pivot": [11.79289, 28.87868, 23.62132], "rotation": [-20.26439, -30, -35.26439], "uv": [262, 124]},
						{"origin": [7.5, 30.5, 23], "size": [1, 1, 2], "pivot": [0, 31.5, 22], "rotation": [-45, 0, 0], "uv": [262, 129]},
						{"origin": [14.5, 27.5, 23], "size": [1, 1, 2], "pivot": [0, 31.5, 22], "rotation": [-45, 0, 0], "uv": [262, 132]},
						{"origin": [-15.5, 27.5, 23], "size": [1, 1, 2], "pivot": [0, 31.5, 22], "rotation": [-45, 0, 0], "uv": [262, 138]},
						{"origin": [-12.79289, 25.39632, 20.68947], "size": [1, 4, 1], "pivot": [-11.79289, 28.87868, 23.62132], "rotation": [-20.26439, 30, 35.26439], "uv": [262, 141]},
						{"origin": [-12.79289, 24.87868, 23.62132], "size": [1, 4, 1], "pivot": [-11.79289, 28.87868, 23.62132], "rotation": [-50.26439, 30, 35.26439], "uv": [262, 146]},
						{"origin": [-8.5, 30.5, 23], "size": [1, 1, 2], "pivot": [0, 31.5, 22], "rotation": [-45, 0, 0], "uv": [262, 151]},
						{"origin": [-5.5, 30.5, 23], "size": [1, 1, 2], "pivot": [0, 31.5, 22], "rotation": [-45, 0, 0], "uv": [262, 154]},
						{"origin": [4.5, 30.5, 23], "size": [1, 1, 2], "pivot": [0, 31.5, 22], "rotation": [-45, 0, 0], "uv": [262, 157]}
					]
				},
				{
					"name": "wheels",
					"parent": "bone",
					"pivot": [0, -3.5, 0]
				},
				{
					"name": "wheels1",
					"parent": "wheels",
					"pivot": [0.00174, 0.07488, -29],
					"cubes": [
						{"origin": [-8.50781, -2.87048, -30.76256], "size": [2, 2, 3], "inflate": -0.02, "pivot": [-7.50781, 0.37952, -29.26256], "rotation": [-135, 0, 0], "uv": [58, 253]},
						{"origin": [-8.50781, -3.3956, -30.76256], "size": [2, 2, 3], "inflate": -0.02, "pivot": [-7.50781, -0.1456, -29.26256], "rotation": [-45, 0, 0], "uv": [68, 253]},
						{"origin": [-8.50781, -3.13304, -30.87132], "size": [2, 2, 3], "pivot": [-7.50781, 0.11696, -29.37132], "rotation": [-90, 0, 0], "uv": [0, 254]},
						{"origin": [-8.25781, -2.26172, -31], "size": [1.5, 4, 4], "uv": [248, 27]},
						{"origin": [-8.50781, 1.73828, -30.5], "size": [2, 2, 3], "uv": [10, 254]},
						{"origin": [-8.50781, 1.62952, -30.23744], "size": [2, 2, 3], "inflate": -0.02, "pivot": [-7.50781, 0.37952, -28.73744], "rotation": [-45, 0, 0], "uv": [20, 254]},
						{"origin": [-8.50781, 1.36696, -30.12868], "size": [2, 2, 3], "pivot": [-7.50781, 0.11696, -28.62868], "rotation": [-90, 0, 0], "uv": [100, 254]},
						{"origin": [-8.50781, 1.1044, -30.23744], "size": [2, 2, 3], "inflate": -0.02, "pivot": [-7.50781, -0.1456, -28.73744], "rotation": [-135, 0, 0], "uv": [196, 254]},
						{"origin": [-8.50781, -3.50436, -30.5], "size": [2, 2, 3], "uv": [254, 208]},
						{"origin": [6.51172, 1.62952, -30.23744], "size": [2, 2, 3], "inflate": -0.02, "pivot": [7.51172, 0.37952, -28.73744], "rotation": [-45, 0, 0], "uv": [254, 213]},
						{"origin": [6.51172, 1.36696, -30.12868], "size": [2, 2, 3], "pivot": [7.51172, 0.11696, -28.62868], "rotation": [-90, 0, 0], "uv": [254, 241]},
						{"origin": [6.51172, 1.1044, -30.23744], "size": [2, 2, 3], "inflate": -0.02, "pivot": [7.51172, -0.1456, -28.73744], "rotation": [-135, 0, 0], "uv": [78, 255]},
						{"origin": [6.51172, -3.3956, -30.76256], "size": [2, 2, 3], "inflate": -0.02, "pivot": [7.51172, -0.1456, -29.26256], "rotation": [-45, 0, 0], "uv": [88, 255]},
						{"origin": [6.75781, -2.26172, -31], "size": [1.5, 4, 4], "uv": [248, 168]},
						{"origin": [6.51172, 1.73828, -30.5], "size": [2, 2, 3], "uv": [110, 255]},
						{"origin": [6.51172, -2.87048, -30.76256], "size": [2, 2, 3], "inflate": -0.02, "pivot": [7.51172, 0.37952, -29.26256], "rotation": [-135, 0, 0], "uv": [206, 255]},
						{"origin": [6.51172, -3.13304, -30.87132], "size": [2, 2, 3], "pivot": [7.51172, 0.11696, -29.37132], "rotation": [-90, 0, 0], "uv": [240, 255]},
						{"origin": [6.51172, -3.50436, -30.5], "size": [2, 2, 3], "uv": [250, 255]}
					]
				},
				{
					"name": "wheels2",
					"parent": "wheels",
					"pivot": [0.00174, 0.07488, -12],
					"cubes": [
						{"origin": [-8.50781, -2.87048, -13.76256], "size": [2, 2, 3], "inflate": -0.02, "pivot": [-7.50781, 0.37952, -12.26256], "rotation": [-135, 0, 0], "uv": [148, 256]},
						{"origin": [-8.50781, -3.3956, -13.76256], "size": [2, 2, 3], "inflate": -0.02, "pivot": [-7.50781, -0.1456, -12.26256], "rotation": [-45, 0, 0], "uv": [176, 256]},
						{"origin": [-8.50781, -3.13304, -13.87132], "size": [2, 2, 3], "pivot": [-7.50781, 0.11696, -12.37132], "rotation": [-90, 0, 0], "uv": [186, 256]},
						{"origin": [-8.25781, -2.26172, -14], "size": [1.5, 4, 4], "uv": [176, 248]},
						{"origin": [-8.50781, 1.73828, -13.5], "size": [2, 2, 3], "uv": [256, 199]},
						{"origin": [-8.50781, 1.62952, -13.23744], "size": [2, 2, 3], "inflate": -0.02, "pivot": [-7.50781, 0.37952, -11.73744], "rotation": [-45, 0, 0], "uv": [258, 27]},
						{"origin": [-8.50781, 1.36696, -13.12868], "size": [2, 2, 3], "pivot": [-7.50781, 0.11696, -11.62868], "rotation": [-90, 0, 0], "uv": [40, 258]},
						{"origin": [-8.50781, 1.1044, -13.23744], "size": [2, 2, 3], "inflate": -0.02, "pivot": [-7.50781, -0.1456, -11.73744], "rotation": [-135, 0, 0], "uv": [258, 44]},
						{"origin": [-8.50781, -3.50436, -13.5], "size": [2, 2, 3], "uv": [258, 49]},
						{"origin": [6.51172, 1.62952, -13.23744], "size": [2, 2, 3], "inflate": -0.02, "pivot": [7.51172, 0.37952, -11.73744], "rotation": [-45, 0, 0], "uv": [258, 54]},
						{"origin": [6.51172, 1.36696, -13.12868], "size": [2, 2, 3], "pivot": [7.51172, 0.11696, -11.62868], "rotation": [-90, 0, 0], "uv": [58, 258]},
						{"origin": [6.51172, 1.1044, -13.23744], "size": [2, 2, 3], "inflate": -0.02, "pivot": [7.51172, -0.1456, -11.73744], "rotation": [-135, 0, 0], "uv": [68, 258]},
						{"origin": [6.51172, -3.3956, -13.76256], "size": [2, 2, 3], "inflate": -0.02, "pivot": [7.51172, -0.1456, -12.26256], "rotation": [-45, 0, 0], "uv": [158, 258]},
						{"origin": [6.75781, -2.26172, -14], "size": [1.5, 4, 4], "uv": [186, 248]},
						{"origin": [6.51172, 1.73828, -13.5], "size": [2, 2, 3], "uv": [258, 164]},
						{"origin": [6.51172, -2.87048, -13.76256], "size": [2, 2, 3], "inflate": -0.02, "pivot": [7.51172, 0.37952, -12.26256], "rotation": [-135, 0, 0], "uv": [258, 169]},
						{"origin": [6.51172, -3.13304, -13.87132], "size": [2, 2, 3], "pivot": [7.51172, 0.11696, -12.37132], "rotation": [-90, 0, 0], "uv": [258, 185]},
						{"origin": [6.51172, -3.50436, -13.5], "size": [2, 2, 3], "uv": [258, 190]}
					]
				},
				{
					"name": "wheels4",
					"parent": "wheels",
					"pivot": [0.00174, 0.07488, 29],
					"cubes": [
						{"origin": [-8.50781, -2.87048, 27.76256], "size": [2, 2, 3], "inflate": -0.02, "pivot": [-7.50781, 0.37952, 29.26256], "rotation": [135, 0, 0], "uv": [58, 253]},
						{"origin": [-8.50781, -3.3956, 27.76256], "size": [2, 2, 3], "inflate": -0.02, "pivot": [-7.50781, -0.1456, 29.26256], "rotation": [45, 0, 0], "uv": [68, 253]},
						{"origin": [-8.50781, -3.13304, 27.87132], "size": [2, 2, 3], "pivot": [-7.50781, 0.11696, 29.37132], "rotation": [90, 0, 0], "uv": [0, 254]},
						{"origin": [-8.25781, -2.26172, 27], "size": [1.5, 4, 4], "uv": [248, 27]},
						{"origin": [-8.50781, 1.73828, 27.5], "size": [2, 2, 3], "uv": [10, 254]},
						{"origin": [-8.50781, 1.62952, 27.23744], "size": [2, 2, 3], "inflate": -0.02, "pivot": [-7.50781, 0.37952, 28.73744], "rotation": [45, 0, 0], "uv": [20, 254]},
						{"origin": [-8.50781, 1.36696, 27.12868], "size": [2, 2, 3], "pivot": [-7.50781, 0.11696, 28.62868], "rotation": [90, 0, 0], "uv": [100, 254]},
						{"origin": [-8.50781, 1.1044, 27.23744], "size": [2, 2, 3], "inflate": -0.02, "pivot": [-7.50781, -0.1456, 28.73744], "rotation": [135, 0, 0], "uv": [196, 254]},
						{"origin": [-8.50781, -3.50436, 27.5], "size": [2, 2, 3], "uv": [254, 208]},
						{"origin": [6.51172, 1.62952, 27.23744], "size": [2, 2, 3], "inflate": -0.02, "pivot": [7.51172, 0.37952, 28.73744], "rotation": [45, 0, 0], "uv": [254, 213]},
						{"origin": [6.51172, 1.36696, 27.12868], "size": [2, 2, 3], "pivot": [7.51172, 0.11696, 28.62868], "rotation": [90, 0, 0], "uv": [254, 241]},
						{"origin": [6.51172, 1.1044, 27.23744], "size": [2, 2, 3], "inflate": -0.02, "pivot": [7.51172, -0.1456, 28.73744], "rotation": [135, 0, 0], "uv": [78, 255]},
						{"origin": [6.51172, -3.3956, 27.76256], "size": [2, 2, 3], "inflate": -0.02, "pivot": [7.51172, -0.1456, 29.26256], "rotation": [45, 0, 0], "uv": [88, 255]},
						{"origin": [6.75781, -2.26172, 27], "size": [1.5, 4, 4], "uv": [248, 168]},
						{"origin": [6.51172, 1.73828, 27.5], "size": [2, 2, 3], "uv": [110, 255]},
						{"origin": [6.51172, -2.87048, 27.76256], "size": [2, 2, 3], "inflate": -0.02, "pivot": [7.51172, 0.37952, 29.26256], "rotation": [135, 0, 0], "uv": [206, 255]},
						{"origin": [6.51172, -3.13304, 27.87132], "size": [2, 2, 3], "pivot": [7.51172, 0.11696, 29.37132], "rotation": [90, 0, 0], "uv": [240, 255]},
						{"origin": [6.51172, -3.50436, 27.5], "size": [2, 2, 3], "uv": [250, 255]}
					]
				},
				{
					"name": "wheels5",
					"parent": "wheels",
					"pivot": [0.00174, 0.07488, 12],
					"cubes": [
						{"origin": [-8.50781, -2.87048, 10.76256], "size": [2, 2, 3], "inflate": -0.02, "pivot": [-7.50781, 0.37952, 12.26256], "rotation": [135, 0, 0], "uv": [148, 256]},
						{"origin": [-8.50781, -3.3956, 10.76256], "size": [2, 2, 3], "inflate": -0.02, "pivot": [-7.50781, -0.1456, 12.26256], "rotation": [45, 0, 0], "uv": [176, 256]},
						{"origin": [-8.50781, -3.13304, 10.87132], "size": [2, 2, 3], "pivot": [-7.50781, 0.11696, 12.37132], "rotation": [90, 0, 0], "uv": [186, 256]},
						{"origin": [-8.25781, -2.26172, 10], "size": [1.5, 4, 4], "uv": [176, 248]},
						{"origin": [-8.50781, 1.73828, 10.5], "size": [2, 2, 3], "uv": [256, 199]},
						{"origin": [-8.50781, 1.62952, 10.23744], "size": [2, 2, 3], "inflate": -0.02, "pivot": [-7.50781, 0.37952, 11.73744], "rotation": [45, 0, 0], "uv": [258, 27]},
						{"origin": [-8.50781, 1.36696, 10.12868], "size": [2, 2, 3], "pivot": [-7.50781, 0.11696, 11.62868], "rotation": [90, 0, 0], "uv": [40, 258]},
						{"origin": [-8.50781, 1.1044, 10.23744], "size": [2, 2, 3], "inflate": -0.02, "pivot": [-7.50781, -0.1456, 11.73744], "rotation": [135, 0, 0], "uv": [258, 44]},
						{"origin": [-8.50781, -3.50436, 10.5], "size": [2, 2, 3], "uv": [258, 49]},
						{"origin": [6.51172, 1.62952, 10.23744], "size": [2, 2, 3], "inflate": -0.02, "pivot": [7.51172, 0.37952, 11.73744], "rotation": [45, 0, 0], "uv": [258, 54]},
						{"origin": [6.51172, 1.36696, 10.12868], "size": [2, 2, 3], "pivot": [7.51172, 0.11696, 11.62868], "rotation": [90, 0, 0], "uv": [58, 258]},
						{"origin": [6.51172, 1.1044, 10.23744], "size": [2, 2, 3], "inflate": -0.02, "pivot": [7.51172, -0.1456, 11.73744], "rotation": [135, 0, 0], "uv": [68, 258]},
						{"origin": [6.51172, -3.3956, 10.76256], "size": [2, 2, 3], "inflate": -0.02, "pivot": [7.51172, -0.1456, 12.26256], "rotation": [45, 0, 0], "uv": [158, 258]},
						{"origin": [6.75781, -2.26172, 10], "size": [1.5, 4, 4], "uv": [186, 248]},
						{"origin": [6.51172, 1.73828, 10.5], "size": [2, 2, 3], "uv": [258, 164]},
						{"origin": [6.51172, -2.87048, 10.76256], "size": [2, 2, 3], "inflate": -0.02, "pivot": [7.51172, 0.37952, 12.26256], "rotation": [135, 0, 0], "uv": [258, 169]},
						{"origin": [6.51172, -3.13304, 10.87132], "size": [2, 2, 3], "pivot": [7.51172, 0.11696, 12.37132], "rotation": [90, 0, 0], "uv": [258, 185]},
						{"origin": [6.51172, -3.50436, 10.5], "size": [2, 2, 3], "uv": [258, 190]}
					]
				},
				{
					"name": "hook_back",
					"parent": "bone",
					"pivot": [0, 6, 47],
					"cubes": [
						{"origin": [-2, 5.5, 45], "size": [4, 1, 1], "uv": [124, 151]},
						{"origin": [-2, 3.5, 45], "size": [4, 1, 1], "uv": [114, 182]},
						{"origin": [-1, 3.5, 44], "size": [2, 1, 1], "uv": [261, 230]},
						{"origin": [-1, 5.5, 44], "size": [2, 1, 1], "uv": [240, 80]},
						{"origin": [1, 3.5, 46], "size": [1, 1, 2], "uv": [262, 62]},
						{"origin": [-2, 3.5, 48], "size": [4, 1, 1], "uv": [52, 213]},
						{"origin": [-2, 3.5, 46], "size": [1, 1, 2], "uv": [262, 65]},
						{"origin": [-2, 5.5, 48], "size": [4, 1, 1], "uv": [258, 84]},
						{"origin": [-1, 5.5, 45], "size": [1, 1, 4], "pivot": [0, 6, 47], "rotation": [-90, 0, 90], "uv": [128, 256]},
						{"origin": [-1, 5.5, 49], "size": [4, 1, 1], "pivot": [0, 6, 47], "rotation": [-90, 0, 90], "uv": [258, 174]},
						{"origin": [-1, 5.5, 44], "size": [4, 1, 1], "pivot": [0, 6, 47], "rotation": [-90, 0, 90], "uv": [260, 41]},
						{"origin": [1, 5.5, 46], "size": [1, 1, 2], "uv": [262, 68]},
						{"origin": [-2, 5.5, 46], "size": [1, 1, 2], "uv": [262, 71]},
						{"origin": [2, 5.5, 45], "size": [1, 1, 4], "pivot": [0, 6, 47], "rotation": [-90, 0, 90], "uv": [138, 256]}
					]
				}
			]
		}
	]
}