{
	"format_version": "1.12.0",
	"minecraft:geometry": [
		{
			"description": {
				"identifier": "geometry.lb_ta_train_e2_steam",
				"texture_width": 256,
				"texture_height": 256,
				"visible_bounds_width": 9,
				"visible_bounds_height": 4,
				"visible_bounds_offset": [0, 1, 0]
			},
			"bones": [
				{
					"name": "train",
					"pivot": [0, -4, -6]
				},
				{
					"name": "window",
					"parent": "train",
					"pivot": [0, -4, 0],
					"cubes": [
						{"origin": [-7.5, 23, 10], "size": [6, 6, 0], "uv": [240, 237]},
						{"origin": [6.5, 15, 16], "size": [3, 2, 1], "uv": [122, 247]},
						{"origin": [6.5, 12, 16], "size": [3, 3, 1], "uv": [139, 252]},
						{"origin": [1.5, 23, 10], "size": [6, 6, 0], "uv": [182, 240]},
						{"origin": [0.75, 28, 18.75], "size": [1, 1, 1], "uv": [93, 169]},
						{"origin": [5.75, 28, 23.75], "size": [1, 1, 1], "uv": [93, 169]},
						{"origin": [1.5, 23, 32], "size": [6, 6, 0], "uv": [74, 241]},
						{"origin": [-9.5, 14, 14], "size": [3, 3, 1], "pivot": [-8, 15.5, 14.5], "rotation": [-90, 0, 180], "uv": [147, 252]},
						{"origin": [-4.5, 1.3, 42.05], "size": [9, 1, 6], "pivot": [0, -3.7, 31.3], "rotation": [77.5, 0, 0], "uv": [112, 46]},
						{"origin": [-4.5, 7.1, 18.75], "size": [9, 1, 9], "uv": [109, 36]},
						{"origin": [-7.5, 23, 32], "size": [6, 6, 0], "uv": [24, 241]}
					]
				},
				{
					"name": "whistle",
					"parent": "window",
					"pivot": [1.25, 28, 19.25],
					"cubes": [
						{"origin": [1, 27.5, 19], "size": [0.5, 3, 0.5], "uv": [98, 161]},
						{"origin": [0.75, 26.5, 18.75], "size": [1, 1, 1], "uv": [89, 168]}
					]
				},
				{
					"name": "bell",
					"parent": "window",
					"pivot": [6.25, 28, 19.25],
					"cubes": [
						{"origin": [6, 27.5, 24], "size": [0.5, 3, 0.5], "uv": [99, 161]},
						{"origin": [5.75, 26.5, 23.75], "size": [1, 1, 1], "uv": [97, 167]}
					]
				},
				{
					"name": "lights",
					"parent": "train",
					"pivot": [0, 19.5, 16],
					"cubes": [
						{"origin": [7.5, 13, 17], "size": [1, 2, 1], "uv": [89, 161]}
					]
				},
				{
					"name": "speed",
					"parent": "train",
					"pivot": [-8, 16, 14.875],
					"cubes": [
						{"origin": [-8.5, 15.9, 14.2], "size": [1, 1, 7], "pivot": [-8, 16.4, 15.2], "rotation": [-47.5, 0, 180], "uv": [151, 190]}
					]
				},
				{
					"name": "dial_case",
					"parent": "train",
					"pivot": [-2, 12.5, 5.2],
					"cubes": [
						{"origin": [-7.875, 17.5, 10.92797], "size": [1, 1, 1], "uv": [93, 169], "mirror": true},
						{
							"origin": [-10.25, 18.81813, 11.22797],
							"size": [1, 0.5, 0.5],
							"pivot": [-7.35, 19.1, 11.6],
							"rotation": [0, 0, 90],
							"uv": {
								"north": {"uv": [94, 168], "uv_size": [-4, -1]},
								"east": {"uv": [90, 167], "uv_size": [0, 0]},
								"south": {"uv": [95, 161], "uv_size": [-2, 1]},
								"west": {"uv": [89, 167], "uv_size": [0, 0]},
								"up": {"uv": [92, 165], "uv_size": [-2, -1]},
								"down": {"uv": [92, 170], "uv_size": [-2, -1]}
							}
						},
						{
							"origin": [-7.88187, 23.25, 11.22797],
							"size": [2, 0.5, 0.5],
							"pivot": [-7.38187, 23.5, 11.47797],
							"rotation": [0, 0, -90],
							"uv": {
								"north": {"uv": [95, 165], "uv_size": [-4, -1]},
								"east": {"uv": [91, 169], "uv_size": [0, 0]},
								"south": {"uv": [92, 166], "uv_size": [-4, 1]},
								"west": {"uv": [93, 168], "uv_size": [0, 0]},
								"up": {"uv": [94, 168], "uv_size": [-4, -1]},
								"down": {"uv": [94, 168], "uv_size": [-4, -1]}
							}
						},
						{
							"origin": [-11.25, 16.81813, 11.22797],
							"size": [2.5, 0.5, 0.5],
							"pivot": [-7.35, 17.1, 11.6],
							"rotation": [0, 0, 90],
							"uv": {
								"north": {"uv": [93, 169], "uv_size": [-4, -1]},
								"east": {"uv": [93, 167], "uv_size": [0, 0]},
								"south": {"uv": [92, 166], "uv_size": [-4, 1]},
								"west": {"uv": [90, 169], "uv_size": [0, 0]},
								"up": {"uv": [94, 166], "uv_size": [-4, -1]},
								"down": {"uv": [93, 165], "uv_size": [-4, -1]}
							}
						},
						{
							"origin": [-7.6, 22.25, 11.22797],
							"size": [3, 0.5, 0.5],
							"uv": {
								"north": {"uv": [93, 162], "uv_size": [-4, -1]},
								"east": {"uv": [66, 194], "uv_size": [0, 0]},
								"south": {"uv": [93, 166], "uv_size": [-4, 1]},
								"west": {"uv": [62, 194], "uv_size": [0, 0]},
								"up": {"uv": [93, 169], "uv_size": [-4, -1]},
								"down": {"uv": [92, 165], "uv_size": [-4, -1]}
							}
						},
						{
							"origin": [-4.6, 22.25, 11.22797],
							"size": [4, 0.5, 0.5],
							"uv": {
								"north": {"uv": [92, 165], "uv_size": [-4, -1]},
								"east": {"uv": [90, 166], "uv_size": [0, 0]},
								"south": {"uv": [94, 162], "uv_size": [-4, 1]},
								"west": {"uv": [91, 169], "uv_size": [0, 0]},
								"up": {"uv": [93, 168], "uv_size": [-4, -1]},
								"down": {"uv": [92, 166], "uv_size": [-4, -1]}
							}
						},
						{
							"origin": [-3.2, 22.65, 11.22797],
							"size": [4, 0.5, 0.5],
							"pivot": [0.4, 23.4, 11.2],
							"rotation": [0, 0, 90],
							"uv": {
								"north": {"uv": [92, 165], "uv_size": [-4, -1]},
								"east": {"uv": [90, 166], "uv_size": [0, 0]},
								"south": {"uv": [94, 162], "uv_size": [-4, 1]},
								"west": {"uv": [91, 169], "uv_size": [0, 0]},
								"up": {"uv": [93, 168], "uv_size": [-4, -1]},
								"down": {"uv": [92, 166], "uv_size": [-4, -1]}
							}
						},
						{
							"origin": [-3.2, 26.65, 11.22797],
							"size": [4, 0.5, 0.5],
							"pivot": [0.4, 27.4, 11.2],
							"rotation": [0, 0, 90],
							"uv": {
								"north": {"uv": [92, 165], "uv_size": [-4, -1]},
								"east": {"uv": [90, 166], "uv_size": [0, 0]},
								"south": {"uv": [94, 162], "uv_size": [-4, 1]},
								"west": {"uv": [91, 169], "uv_size": [0, 0]},
								"up": {"uv": [93, 168], "uv_size": [-4, -1]},
								"down": {"uv": [92, 166], "uv_size": [-4, -1]}
							}
						},
						{"origin": [-0.6, 22, 10.92797], "size": [1, 1, 1], "uv": [93, 169], "mirror": true},
						{"origin": [-7.875, 22, 10.92797], "size": [1, 1, 1], "uv": [93, 169], "mirror": true}
					]
				},
				{
					"name": "the_dial_itself",
					"parent": "dial_case",
					"pivot": [-7.3, 25.125, 11.4],
					"rotation": [0, 0, -45],
					"cubes": [
						{
							"origin": [-8.3, 23.24313, 11.32797],
							"size": [2, 4, 0.5],
							"uv": {
								"north": {"uv": [89, 161], "uv_size": [4, 7]},
								"east": {"uv": [94, 164], "uv_size": [1, 4]},
								"south": {"uv": [96, 155], "uv_size": [-4, -8]},
								"west": {"uv": [88, 166], "uv_size": [1, 4]},
								"up": {"uv": [88, 170], "uv_size": [4, 1]},
								"down": {"uv": [89, 168], "uv_size": [4, 1]}
							}
						},
						{
							"origin": [-5.8, 24.24313, 11.32797],
							"size": [0.5, 2, 0.5],
							"uv": {
								"north": {"uv": [90, 163], "uv_size": [1, 4]},
								"east": {"uv": [91, 160], "uv_size": [1, 4]},
								"south": {"uv": [89, 166], "uv_size": [1, 4]},
								"west": {"uv": [89, 163], "uv_size": [1, 4]},
								"up": {"uv": [89, 169], "uv_size": [1, 1]},
								"down": {"uv": [91, 168], "uv_size": [-1, -1]}
							}
						},
						{
							"origin": [-9.3, 24.24313, 11.32797],
							"size": [0.5, 2, 0.5],
							"uv": {
								"north": {"uv": [88, 165], "uv_size": [1, 4]},
								"east": {"uv": [93, 163], "uv_size": [1, 4]},
								"south": {"uv": [90, 164], "uv_size": [1, 4]},
								"west": {"uv": [89, 166], "uv_size": [1, 4]},
								"up": {"uv": [91, 168], "uv_size": [1, 1]},
								"down": {"uv": [94, 163], "uv_size": [-1, -1]}
							}
						},
						{
							"origin": [-8.8, 23.74313, 11.32797],
							"size": [0.5, 3, 0.5],
							"uv": {
								"north": {"uv": [89, 163], "uv_size": [-1, 6]},
								"east": {"uv": [91, 164], "uv_size": [-1, 6]},
								"south": {"uv": [84, 146], "uv_size": [1, 6]},
								"west": {"uv": [92, 163], "uv_size": [1, 4]},
								"up": {"uv": [90, 167], "uv_size": [-1, -1]},
								"down": {"uv": [95, 164], "uv_size": [-1, 1]}
							}
						},
						{
							"origin": [-6.3, 23.74313, 11.32797],
							"size": [0.5, 3, 0.5],
							"uv": {
								"north": {"uv": [89, 161], "uv_size": [-1, 6]},
								"east": {"uv": [88, 160], "uv_size": [-1, 6]},
								"south": {"uv": [83, 146], "uv_size": [1, 6]},
								"west": {"uv": [87, 160], "uv_size": [1, 6]},
								"up": {"uv": [90, 168], "uv_size": [-1, -1]},
								"down": {"uv": [91, 170], "uv_size": [-1, 1]}
							}
						}
					]
				},
				{
					"name": "dial",
					"parent": "dial_case",
					"pivot": [-7.45, 25.14313, 12.02797],
					"rotation": [0, 0, 135],
					"cubes": [
						{"origin": [-7.78284, 24.90171, 12.02797], "size": [0.5, 1.5, 0], "uv": [98, 156], "mirror": true}
					]
				},
				{
					"name": "light",
					"parent": "train",
					"pivot": [0, 1, -3],
					"cubes": [
						{"origin": [-7.5, 5.46447, -36.12132], "size": [3, 3, 1], "uv": [226, 115]}
					]
				},
				{
					"name": "train_main",
					"parent": "train",
					"pivot": [0, -5, 0],
					"cubes": [
						{"origin": [-11.5, 29, 10], "size": [23, 1, 22], "uv": [154, 105]},
						{"origin": [-8.5, 30, 14], "size": [16, 1, 14], "uv": [165, 113]},
						{"origin": [11.5, 29, 10], "size": [2, 1, 22], "inflate": -0.02, "pivot": [11.5, 29, 21], "rotation": [0, 0, -45], "uv": [90, 62]},
						{"origin": [-13.5, 29, 10], "size": [2, 1, 22], "inflate": -0.02, "pivot": [-11.5, 29, 21], "rotation": [0, 0, 45], "uv": [90, 62], "mirror": true},
						{"origin": [-10.5, 7, 10], "size": [21, 16, 1], "uv": [0, 191]},
						{"origin": [-6.5, 9, -25], "size": [13, 2, 6], "inflate": 0.5, "uv": [0, 208]},
						{"origin": [-6.5, 9, -31], "size": [13, 13, 46], "uv": [0, 132]},
						{"origin": [-3, 22, -6.5], "size": [6, 6, 6], "uv": [213, 204]},
						{"origin": [-2.5, 22, -27], "size": [5, 7, 5], "uv": [98, 191]},
						{"origin": [-3, 28, -27.5], "size": [6, 2, 6], "uv": [206, 216]},
						{"origin": [-5.5, 10, -32], "size": [11, 11, 1], "uv": [152, 214]},
						{"origin": [-1.5, 14, -33], "size": [3, 3, 1], "uv": [60, 244]},
						{"origin": [-3.5, 7, -30], "size": [7, 2, 17], "uv": [174, 175]},
						{"origin": [-3.5, 7, -25], "size": [7, 1, 6], "inflate": 0.5, "uv": [0, 216]},
						{"origin": [6.5, 7, -13], "size": [5, 12, 23], "uv": [168, 0]},
						{"origin": [-11.5, 7, -13], "size": [5, 12, 23], "uv": [118, 175]},
						{"origin": [-10.5, 23, 10], "size": [3, 6, 1], "uv": [242, 195]},
						{"origin": [7.5, 23, 10], "size": [3, 6, 1], "uv": [242, 227]},
						{"origin": [-1.5, 23, 10], "size": [3, 6, 1], "uv": [134, 243]},
						{"origin": [8.5, 19, -12], "size": [2, 6, 2], "uv": [60, 236]},
						{"origin": [-10.5, 19, -12], "size": [2, 6, 2], "uv": [220, 238]},
						{"origin": [7, 19, -5.5], "size": [4, 1, 4], "uv": [224, 53]},
						{"origin": [8.5, 19.5, -4], "size": [1, 1, 1], "uv": [194, 130]},
						{"origin": [-11, 19, -5.5], "size": [4, 1, 4], "uv": [122, 224]},
						{"origin": [-9.5, 19.5, -4], "size": [1, 1, 1], "uv": [198, 130]},
						{"origin": [-10.5, 23, 31], "size": [3, 6, 1], "uv": [194, 243]},
						{"origin": [-1.5, 23, 31], "size": [3, 6, 1], "uv": [228, 243]},
						{"origin": [-10.5, 19, 31], "size": [21, 4, 1], "uv": [44, 203]},
						{"origin": [7.5, 23, 31], "size": [3, 6, 1], "uv": [236, 243]},
						{"origin": [9.5, 7, 11], "size": [1, 22, 5], "uv": [74, 208]},
						{"origin": [-10.5, 7, 11], "size": [1, 22, 5], "uv": [74, 208], "mirror": true},
						{"origin": [6.5, 7, 11], "size": [3, 8, 5], "uv": [40, 217]},
						{"origin": [6.5, 15, 11], "size": [3, 3, 5], "uv": [40, 217]},
						{"origin": [-9.5, 7, 11], "size": [3, 8, 5], "uv": [56, 217]},
						{"origin": [9.5, 19, 28], "size": [1, 10, 3], "uv": [200, 224]},
						{"origin": [-10.5, 19, 28], "size": [1, 10, 3], "uv": [208, 224]},
						{"origin": [9.5, 27, 16], "size": [1, 2, 12], "uv": [88, 203]},
						{"origin": [-10.5, 27, 16], "size": [1, 2, 12], "uv": [114, 210]},
						{"origin": [-11.5, 7, 32], "size": [23, 12, 6], "uv": [168, 35]},
						{"origin": [-10.5, 19, 32], "size": [21, 3, 5], "uv": [107, 53]},
						{"origin": [10.5, 7, 21], "size": [1, 11, 5], "uv": [86, 217]},
						{"origin": [11.5, 7, 20], "size": [1, 11, 1], "uv": [242, 215]},
						{"origin": [11.5, 7, 26], "size": [1, 11, 1], "uv": [68, 243]},
						{"origin": [-6.5, 7, -13], "size": [13, 2, 2], "uv": [176, 214]},
						{"origin": [-7.5, 17, -29], "size": [1, 1, 16], "uv": [202, 139]},
						{"origin": [-7.5, 17, -30], "size": [1, 1, 1], "inflate": 0.2, "uv": [206, 214]},
						{"origin": [-7.5, 17, -21], "size": [1, 1, 1], "inflate": 0.2, "uv": [200, 222]},
						{"origin": [6.5, 17, -30], "size": [1, 1, 1], "inflate": 0.2, "uv": [234, 58]},
						{"origin": [6.5, 17, -29], "size": [1, 1, 16], "uv": [202, 156]},
						{"origin": [6.5, 17, -21], "size": [1, 1, 1], "inflate": 0.2, "uv": [234, 60]},
						{"origin": [7.5, 13, -16], "size": [3, 4, 3], "uv": [230, 216]},
						{"origin": [7.5, 8, -16], "size": [3, 4, 3], "uv": [230, 223]},
						{"origin": [8, 12, -15.5], "size": [2, 1, 2], "uv": [248, 0]},
						{"origin": [-10.5, 8, -16], "size": [3, 4, 3], "uv": [230, 230]},
						{"origin": [-10.5, 13, -16], "size": [3, 4, 3], "uv": [216, 231]},
						{"origin": [-10, 12, -15.5], "size": [2, 1, 2], "uv": [248, 3]},
						{"origin": [10.5, 7, 10], "size": [1, 12, 6], "uv": [32, 160]},
						{"origin": [-11.5, 7, 10], "size": [1, 12, 6], "uv": [26, 217], "mirror": true},
						{"origin": [10.5, 7, 16], "size": [1, 11, 5], "uv": [98, 217]},
						{"origin": [10.5, 7, 26], "size": [1, 11, 2], "uv": [166, 226]},
						{"origin": [-11.5, 7, 26], "size": [1, 11, 2], "uv": [68, 230]},
						{"origin": [-12.5, 7, 26], "size": [1, 11, 1], "uv": [110, 243]},
						{"origin": [-11.5, 7, 21], "size": [1, 11, 5], "uv": [176, 218]},
						{"origin": [-12.5, 7, 20], "size": [1, 11, 1], "uv": [114, 243]},
						{"origin": [-11.5, 7, 16], "size": [1, 11, 5], "uv": [188, 218]},
						{"origin": [-11.5, 7, 28], "size": [2, 12, 4], "uv": [222, 175]},
						{"origin": [9.5, 7, 28], "size": [2, 12, 4], "uv": [0, 223]},
						{"origin": [-3.5, 19, -33], "size": [7, 1, 1], "uv": [234, 187]},
						{"origin": [-0.6, 30, 11], "size": [1, 1, 1], "uv": [234, 189]},
						{"origin": [-0.6, 31.5, 11], "size": [1, 2, 1], "uv": [170, 210]},
						{"origin": [-0.6, 30.75, 11], "size": [1, 1, 1], "inflate": -0.2, "uv": [196, 234]},
						{"origin": [-1.5, 22, 6], "size": [3, 3, 3], "uv": [122, 241]},
						{"origin": [-2, 24, 5.5], "size": [4, 2, 4], "uv": [224, 26]},
						{"origin": [-2, 17, -33], "size": [8, 1, 1], "uv": [152, 210]},
						{"origin": [-2, 13, -33], "size": [8, 1, 1], "uv": [152, 212]},
						{"origin": [5.5, 13, -32], "size": [1, 5, 1], "uv": [114, 203]},
						{"origin": [-0.5, 15, -34], "size": [1, 1, 1], "uv": [236, 24]},
						{"origin": [-11.5, 6, -29], "size": [23, 1, 61], "uv": [0, 0]},
						{"origin": [-11.5, 6, -33], "size": [23, 1, 4], "inflate": 0.02, "pivot": [0, 7, -29], "rotation": [45, 0, 0], "uv": [44, 198]},
						{"origin": [-11.5, 3.46447, -35.12132], "size": [23, 1, 4], "uv": [174, 194]},
						{"origin": [-0.5, 4.46447, -35.12132], "size": [1, 5, 1], "uv": [110, 217]},
						{"origin": [7.5, 4.46447, -35.12132], "size": [1, 5, 1], "uv": [190, 246]},
						{"origin": [-11.5, -0.53553, -36.12132], "size": [23, 5, 1], "uv": [202, 128]},
						{"origin": [-8.5, 4.46447, -35.12132], "size": [5, 5, 2], "uv": [223, 120]},
						{"origin": [7.5, 0.46447, -40.12132], "size": [3, 3, 4], "uv": [216, 224]},
						{"origin": [7.5, 0.46447, -41.87132], "size": [3, 3, 2], "inflate": -0.2, "uv": [244, 105]},
						{"origin": [7.5, 0.46447, -42.12132], "size": [3, 3, 1], "uv": [246, 221]},
						{"origin": [-10.5, 0.46447, -40.12132], "size": [3, 3, 4], "uv": [226, 32]},
						{"origin": [-10.5, 0.46447, -41.87132], "size": [3, 3, 2], "inflate": -0.2, "uv": [244, 110]},
						{"origin": [-10.5, 0.46447, -42.12132], "size": [3, 3, 1], "uv": [24, 247]},
						{"origin": [-11.5, 4, 34], "size": [23, 3, 4], "uv": [44, 191]},
						{"origin": [-11.5, 6, 32], "size": [23, 1, 2], "uv": [168, 59]},
						{"origin": [-11.5, 6, 32], "size": [23, 1, 4], "inflate": 0.02, "pivot": [0, 7, 32], "rotation": [-45, 0, 0], "uv": [174, 199]},
						{"origin": [-11.5, 5, 33], "size": [23, 1, 1], "uv": [154, 128]},
						{"origin": [-11.5, 3.46447, 34.12132], "size": [23, 1, 5], "inflate": 0.03, "uv": [168, 53]},
						{"origin": [-11.5, -0.59553, 38.12132], "size": [23, 4, 1], "inflate": 0.03, "uv": [202, 134]},
						{"origin": [-6.5, 0, -30], "size": [13, 6, 64], "uv": [0, 62]},
						{"origin": [10, -2, -18], "size": [1, 8, 5], "uv": [12, 223]},
						{"origin": [11, -2, -18], "size": [2, 1, 5], "uv": [226, 39]},
						{"origin": [11, 2, -18], "size": [2, 1, 5], "uv": [226, 45]},
						{"origin": [-13, 2, -18], "size": [2, 1, 5], "uv": [228, 191]},
						{"origin": [-13, -2, -18], "size": [2, 1, 5], "uv": [152, 226]},
						{"origin": [-11, -2, -18], "size": [1, 8, 5], "uv": [224, 0]},
						{"origin": [-13, 2, 21], "size": [2, 1, 5], "uv": [54, 230]},
						{"origin": [-13, -2, 21], "size": [2, 1, 5], "uv": [40, 230]},
						{"origin": [10, -2, 21], "size": [1, 8, 5], "uv": [110, 224]},
						{"origin": [11, 2, 21], "size": [2, 1, 5], "uv": [122, 229]},
						{"origin": [11, -2, 21], "size": [2, 1, 5], "uv": [228, 197]},
						{"origin": [-11, -2, 21], "size": [1, 8, 5], "uv": [224, 13]},
						{"origin": [-6.5, 0, 34], "size": [13, 4, 5], "uv": [38, 208]},
						{"origin": [-6.5, 0, -36], "size": [13, 4, 6], "uv": [174, 204]},
						{"origin": [-3.5, 6, -30], "size": [7, 1, 1], "uv": [218, 59]}
					],
					"locators": {
						"whistle_particle": {
							"offset": [-0.1, 31.35, 11.5],
							"rotation": [0, 0, -180]
						},
						"smokestack": {
							"offset": [0, 30, -24.5],
							"rotation": [0, 0, -180]
						},
						"steam_release": {
							"offset": [0, 28, -3.5],
							"rotation": [0, 0, -180]
						}
					}
				},
				{
					"name": "arms",
					"parent": "train",
					"pivot": [0, 0.65, 16]
				},
				{
					"name": "arm_right_1",
					"parent": "arms",
					"pivot": [-9.5, 0.65, -4.125],
					"cubes": [
						{"origin": [-10, -0.34, -25], "size": [1, 2, 41], "uv": [154, 62]},
						{"origin": [-10, -0.34, -5], "size": [1, 2, 2], "inflate": 0.2, "uv": [248, 6]},
						{"origin": [-10, -0.34, 15], "size": [1, 2, 2], "inflate": 0.2, "uv": [248, 10]},
						{"origin": [-10, -0.34, -25], "size": [1, 2, 2], "inflate": 0.2, "uv": [12, 248]}
					]
				},
				{
					"name": "arm_left_1",
					"parent": "arms",
					"pivot": [9.5, 0.65, -4.125],
					"cubes": [
						{"origin": [9, -0.34, -25], "size": [1, 2, 41], "uv": [118, 132]},
						{"origin": [9, -0.34, -5], "size": [1, 2, 2], "inflate": 0.2, "uv": [200, 218]},
						{"origin": [9, -0.34, 15], "size": [1, 2, 2], "inflate": 0.2, "uv": [236, 169]},
						{"origin": [9, -0.34, -25], "size": [1, 2, 2], "inflate": 0.2, "uv": [80, 247]}
					]
				},
				{
					"name": "wheels",
					"parent": "train",
					"pivot": [0, -4, -25]
				},
				{
					"name": "wheels1",
					"parent": "wheels",
					"pivot": [-0.00096, 0.82532, -4],
					"cubes": [
						{"origin": [7.01953, -2.99384, -4.5], "size": [1, 7.654, 1], "uv": [172, 226]},
						{"origin": [6.5, -0.33984, -5], "size": [2, 2, 2], "uv": [244, 119]},
						{"origin": [7, -2.99384, -4.5], "size": [1, 7.654, 1], "pivot": [7, 0.83316, -4], "rotation": [-45, 0, 0], "uv": [136, 229]},
						{"origin": [7.01953, -2.99384, -4.5], "size": [1, 7.654, 1], "pivot": [7.01953, 0.83316, -4], "rotation": [-90, 0, 0], "uv": [118, 243]},
						{"origin": [7, -2.99384, -4.5], "size": [1, 7.654, 1], "pivot": [7, 0.83316, -4], "rotation": [-135, 0, 0], "uv": [142, 243]},
						{"origin": [6.48828, 3.0995, -5.76777], "size": [2, 2, 4], "inflate": -0.02, "pivot": [7.48828, 0.5995, -3.76777], "rotation": [-135, 0, 0], "uv": [152, 232]},
						{"origin": [6.48828, -3.99669, -6], "size": [2, 2, 4], "uv": [86, 233]},
						{"origin": [6.48828, -3.90049, -6.23224], "size": [2, 2, 4], "inflate": -0.02, "pivot": [7.48828, 0.59951, -4.23224], "rotation": [-45, 0, 0], "uv": [98, 233]},
						{"origin": [6.48828, -3.66826, -6.32843], "size": [2, 2, 4], "pivot": [7.49037, 0.83174, -4.32843], "rotation": [-90, 0, 0], "uv": [172, 234]},
						{"origin": [6.48828, -3.43602, -6.23223], "size": [2, 2, 4], "inflate": -0.02, "pivot": [7.48828, 1.06398, -4.23223], "rotation": [-135, 0, 0], "uv": [234, 175]},
						{"origin": [6.48828, 3.66017, -6], "size": [2, 2, 4], "uv": [234, 181]},
						{"origin": [6.48828, 3.56398, -5.76777], "size": [2, 2, 4], "inflate": -0.02, "pivot": [7.48828, 1.06398, -3.76777], "rotation": [-45, 0, 0], "uv": [184, 234]},
						{"origin": [6.48828, 3.33174, -5.67157], "size": [2, 2, 4], "pivot": [7.49037, 0.83174, -3.67157], "rotation": [-90, 0, 0], "uv": [24, 235]},
						{"origin": [-8.48828, 3.33174, -5.67157], "size": [2, 2, 4], "pivot": [-7.49037, 0.83174, -3.67157], "rotation": [-90, 0, 0], "uv": [74, 235]},
						{"origin": [-8.48828, 3.56398, -5.76777], "size": [2, 2, 4], "inflate": -0.02, "pivot": [-7.48828, 1.06398, -3.76777], "rotation": [-45, 0, 0], "uv": [122, 235]},
						{"origin": [-8.48828, 3.66017, -6], "size": [2, 2, 4], "uv": [236, 0]},
						{"origin": [-8.48828, -3.43602, -6.23223], "size": [2, 2, 4], "inflate": -0.02, "pivot": [-7.48828, 1.06398, -4.23223], "rotation": [-135, 0, 0], "uv": [236, 6]},
						{"origin": [-8.48828, -3.66826, -6.32843], "size": [2, 2, 4], "pivot": [-7.49037, 0.83174, -4.32843], "rotation": [-90, 0, 0], "uv": [12, 236]},
						{"origin": [-8.48828, -3.90049, -6.23224], "size": [2, 2, 4], "inflate": -0.02, "pivot": [-7.48828, 0.59951, -4.23224], "rotation": [-45, 0, 0], "uv": [236, 12]},
						{"origin": [-8.48828, -3.99669, -6], "size": [2, 2, 4], "uv": [236, 18]},
						{"origin": [-8.48828, 3.0995, -5.76777], "size": [2, 2, 4], "inflate": -0.02, "pivot": [-7.48828, 0.5995, -3.76777], "rotation": [-135, 0, 0], "uv": [36, 236]},
						{"origin": [-8, -2.99384, -4.5], "size": [1, 7.654, 1], "pivot": [-7, 0.83316, -4], "rotation": [-135, 0, 0], "uv": [202, 243]},
						{"origin": [-8.01953, -2.99384, -4.5], "size": [1, 7.654, 1], "pivot": [-7.01953, 0.83316, -4], "rotation": [-90, 0, 0], "uv": [146, 244]},
						{"origin": [-8, -2.99384, -4.5], "size": [1, 7.654, 1], "pivot": [-7, 0.83316, -4], "rotation": [-45, 0, 0], "uv": [150, 244]},
						{"origin": [-8.5, -0.33984, -5], "size": [2, 2, 2], "uv": [244, 123]},
						{"origin": [-8.01953, -2.99384, -4.5], "size": [1, 7.654, 1], "uv": [154, 244]}
					]
				},
				{
					"name": "wheels2",
					"parent": "wheels",
					"pivot": [-0.00096, 0.82532, 16],
					"cubes": [
						{"origin": [7.01953, -2.99384, 15.5], "size": [1, 7.654, 1], "uv": [206, 244]},
						{"origin": [6.5, -0.33984, 15], "size": [2, 2, 2], "uv": [210, 244]},
						{"origin": [7, -2.99384, 15.5], "size": [1, 7.654, 1], "pivot": [7, 0.83316, 16], "rotation": [-45, 0, 0], "uv": [244, 243]},
						{"origin": [7.01953, -2.99384, 15.5], "size": [1, 7.654, 1], "pivot": [7.01953, 0.83316, 16], "rotation": [-90, 0, 0], "uv": [0, 245]},
						{"origin": [7, -2.99384, 15.5], "size": [1, 7.654, 1], "pivot": [7, 0.83316, 16], "rotation": [-135, 0, 0], "uv": [4, 245]},
						{"origin": [6.48828, 3.0995, 14.23223], "size": [2, 2, 4], "inflate": -0.02, "pivot": [7.48828, 0.5995, 16.23223], "rotation": [-135, 0, 0], "uv": [48, 236]},
						{"origin": [6.48828, -3.99669, 14], "size": [2, 2, 4], "uv": [236, 139]},
						{"origin": [6.48828, -3.90049, 13.76776], "size": [2, 2, 4], "inflate": -0.02, "pivot": [7.48828, 0.59951, 15.76776], "rotation": [-45, 0, 0], "uv": [236, 145]},
						{"origin": [6.48828, -3.66826, 13.67157], "size": [2, 2, 4], "pivot": [7.49037, 0.83174, 15.67157], "rotation": [-90, 0, 0], "uv": [236, 151]},
						{"origin": [6.48828, -3.43602, 13.76777], "size": [2, 2, 4], "inflate": -0.02, "pivot": [7.48828, 1.06398, 15.76777], "rotation": [-135, 0, 0], "uv": [236, 157]},
						{"origin": [6.48828, 3.66017, 14], "size": [2, 2, 4], "uv": [236, 163]},
						{"origin": [6.48828, 3.56398, 14.23223], "size": [2, 2, 4], "inflate": -0.02, "pivot": [7.48828, 1.06398, 16.23223], "rotation": [-45, 0, 0], "uv": [110, 237]},
						{"origin": [6.48828, 3.33174, 14.32843], "size": [2, 2, 4], "pivot": [7.49037, 0.83174, 16.32843], "rotation": [-90, 0, 0], "uv": [134, 237]},
						{"origin": [-8.48828, 3.33174, 14.32843], "size": [2, 2, 4], "pivot": [-7.49037, 0.83174, 16.32843], "rotation": [-90, 0, 0], "uv": [196, 237]},
						{"origin": [-8.48828, 3.56398, 14.23223], "size": [2, 2, 4], "inflate": -0.02, "pivot": [-7.48828, 1.06398, 16.23223], "rotation": [-45, 0, 0], "uv": [228, 237]},
						{"origin": [-8.48828, 3.66017, 14], "size": [2, 2, 4], "uv": [238, 58]},
						{"origin": [-8.48828, -3.43602, 13.76777], "size": [2, 2, 4], "inflate": -0.02, "pivot": [-7.48828, 1.06398, 15.76777], "rotation": [-135, 0, 0], "uv": [238, 64]},
						{"origin": [-8.48828, -3.66826, 13.67157], "size": [2, 2, 4], "pivot": [-7.49037, 0.83174, 15.67157], "rotation": [-90, 0, 0], "uv": [238, 70]},
						{"origin": [-8.48828, -3.90049, 13.76776], "size": [2, 2, 4], "inflate": -0.02, "pivot": [-7.48828, 0.59951, 15.76776], "rotation": [-45, 0, 0], "uv": [238, 76]},
						{"origin": [-8.48828, -3.99669, 14], "size": [2, 2, 4], "uv": [238, 82]},
						{"origin": [-8.48828, 3.0995, 14.23223], "size": [2, 2, 4], "inflate": -0.02, "pivot": [-7.48828, 0.5995, 16.23223], "rotation": [-135, 0, 0], "uv": [238, 88]},
						{"origin": [-8, -2.99384, 15.5], "size": [1, 7.654, 1], "pivot": [-7, 0.83316, 16], "rotation": [-135, 0, 0], "uv": [8, 245]},
						{"origin": [-8.01953, -2.99384, 15.5], "size": [1, 7.654, 1], "pivot": [-7.01953, 0.83316, 16], "rotation": [-90, 0, 0], "uv": [86, 245]},
						{"origin": [-8, -2.99384, 15.5], "size": [1, 7.654, 1], "pivot": [-7, 0.83316, 16], "rotation": [-45, 0, 0], "uv": [90, 245]},
						{"origin": [-8.5, -0.33984, 15], "size": [2, 2, 2], "uv": [94, 245]},
						{"origin": [-8.01953, -2.99384, 15.5], "size": [1, 7.654, 1], "uv": [102, 245]}
					]
				},
				{
					"name": "wheels3",
					"parent": "wheels",
					"pivot": [0, 0.81898, -24],
					"cubes": [
						{"origin": [7.01953, -2.99384, -24.5], "size": [1, 7.654, 1], "uv": [106, 245]},
						{"origin": [6.5, -0.33984, -25], "size": [2, 2, 2], "uv": [158, 245]},
						{"origin": [7, -2.99384, -24.5], "size": [1, 7.654, 1], "pivot": [7, 0.83316, -24], "rotation": [45, 0, 0], "uv": [166, 245]},
						{"origin": [7.01953, -2.99384, -24.5], "size": [1, 7.654, 1], "pivot": [7.01953, 0.83316, -24], "rotation": [90, 0, 0], "uv": [170, 246]},
						{"origin": [7, -2.99384, -24.5], "size": [1, 7.654, 1], "pivot": [7, 0.83316, -24], "rotation": [135, 0, 0], "uv": [174, 246]},
						{"origin": [6.48828, 3.0995, -26.23223], "size": [2, 2, 4], "inflate": -0.02, "pivot": [7.48828, 0.5995, -24.23223], "rotation": [135, 0, 0], "uv": [12, 242]},
						{"origin": [6.48828, -3.99669, -26], "size": [2, 2, 4], "uv": [238, 94]},
						{"origin": [6.48828, -3.90049, -25.76776], "size": [2, 2, 4], "inflate": -0.02, "pivot": [7.48828, 0.59951, -23.76776], "rotation": [45, 0, 0], "uv": [146, 238]},
						{"origin": [6.48828, -3.66826, -25.67157], "size": [2, 2, 4], "pivot": [7.49037, 0.83174, -23.67157], "rotation": [90, 0, 0], "uv": [238, 203]},
						{"origin": [6.48828, -3.43602, -25.76777], "size": [2, 2, 4], "inflate": -0.02, "pivot": [7.48828, 1.06398, -23.76777], "rotation": [135, 0, 0], "uv": [208, 238]},
						{"origin": [6.48828, 3.66017, -26], "size": [2, 2, 4], "uv": [238, 209]},
						{"origin": [6.48828, 3.56398, -26.23223], "size": [2, 2, 4], "inflate": -0.02, "pivot": [7.48828, 1.06398, -24.23223], "rotation": [45, 0, 0], "uv": [0, 239]},
						{"origin": [6.48828, 3.33174, -26.32843], "size": [2, 2, 4], "pivot": [7.49037, 0.83174, -24.32843], "rotation": [90, 0, 0], "uv": [86, 239]},
						{"origin": [-8.48828, 3.33174, -26.32843], "size": [2, 2, 4], "pivot": [-7.49037, 0.83174, -24.32843], "rotation": [90, 0, 0], "uv": [98, 239]},
						{"origin": [-8.48828, 3.56398, -26.23223], "size": [2, 2, 4], "inflate": -0.02, "pivot": [-7.48828, 1.06398, -24.23223], "rotation": [45, 0, 0], "uv": [158, 239]},
						{"origin": [-8.48828, 3.66017, -26], "size": [2, 2, 4], "uv": [240, 24]},
						{"origin": [-8.48828, -3.43602, -25.76777], "size": [2, 2, 4], "inflate": -0.02, "pivot": [-7.48828, 1.06398, -23.76777], "rotation": [135, 0, 0], "uv": [240, 30]},
						{"origin": [-8.48828, -3.66826, -25.67157], "size": [2, 2, 4], "pivot": [-7.49037, 0.83174, -23.67157], "rotation": [90, 0, 0], "uv": [240, 36]},
						{"origin": [-8.48828, -3.90049, -25.76776], "size": [2, 2, 4], "inflate": -0.02, "pivot": [-7.48828, 0.59951, -23.76776], "rotation": [45, 0, 0], "uv": [240, 42]},
						{"origin": [-8.48828, -3.99669, -26], "size": [2, 2, 4], "uv": [240, 48]},
						{"origin": [-8.48828, 3.0995, -26.23223], "size": [2, 2, 4], "inflate": -0.02, "pivot": [-7.48828, 0.5995, -24.23223], "rotation": [135, 0, 0], "uv": [170, 240]},
						{"origin": [-8, -2.99384, -24.5], "size": [1, 7.654, 1], "pivot": [-7, 0.83316, -24], "rotation": [135, 0, 0], "uv": [246, 175]},
						{"origin": [-8.01953, -2.99384, -24.5], "size": [1, 7.654, 1], "pivot": [-7.01953, 0.83316, -24], "rotation": [90, 0, 0], "uv": [178, 246]},
						{"origin": [-8, -2.99384, -24.5], "size": [1, 7.654, 1], "pivot": [-7, 0.83316, -24], "rotation": [45, 0, 0], "uv": [182, 246]},
						{"origin": [-8.5, -0.33984, -25], "size": [2, 2, 2], "uv": [246, 183]},
						{"origin": [-8.01953, -2.99384, -24.5], "size": [1, 7.654, 1], "uv": [186, 246]}
					]
				},
				{
					"name": "hook_back",
					"parent": "train",
					"pivot": [0, -4, -10],
					"cubes": [
						{"origin": [-1, 5, 38], "size": [2, 1, 3], "uv": [240, 54]},
						{"origin": [-2, 5, 41], "size": [4, 1, 1], "uv": [226, 51]},
						{"origin": [-1, 3, 38], "size": [2, 1, 3], "uv": [244, 115]},
						{"origin": [-1, 5, 40], "size": [4, 1, 1], "pivot": [0, 5.5, 43], "rotation": [-90, 0, 90], "uv": [242, 234]},
						{"origin": [-1, 5, 41], "size": [1, 1, 4], "pivot": [0, 5.5, 43], "rotation": [-90, 0, 90], "uv": [238, 100]},
						{"origin": [-1, 2, 41], "size": [1, 1, 4], "pivot": [0, 2.5, 43], "rotation": [-90, 0, 90], "uv": [228, 98]},
						{"origin": [-2, 5, 44], "size": [4, 1, 1], "uv": [246, 215]},
						{"origin": [-2, 3, 44], "size": [4, 1, 1], "uv": [246, 217]},
						{"origin": [1, 5, 42], "size": [1, 1, 2], "uv": [222, 191]},
						{"origin": [1, 3, 42], "size": [1, 1, 2], "uv": [248, 14]},
						{"origin": [-1, 5, 45], "size": [4, 1, 1], "pivot": [0, 5.5, 43], "rotation": [-90, 0, 90], "uv": [218, 246]},
						{"origin": [-2, 3, 42], "size": [1, 1, 2], "uv": [248, 17]},
						{"origin": [-2, 5, 42], "size": [1, 1, 2], "uv": [18, 248]},
						{"origin": [-2, 3, 41], "size": [4, 1, 1], "uv": [246, 219]}
					]
				}
			]
		}
	]
}