{
	"format_version": "1.12.0",
	"minecraft:geometry": [
		{
			"description": {
				"identifier": "geometry.lb_ta_train_caboose",
				"texture_width": 512,
				"texture_height": 512,
				"visible_bounds_width": 10,
				"visible_bounds_height": 5,
				"visible_bounds_offset": [0, 1.5, 0]
			},
			"bones": [
				{
					"name": "wagon",
					"pivot": [0, 4.5, 42],
					"cubes": [
						{"origin": [-6.5, -2, -25], "size": [13, 4, 50], "uv": [184, 0]},
						{"origin": [-1, 3, -35], "size": [2, 1, 2], "uv": [152, 256]},
						{"origin": [-2, 3, -36], "size": [4, 1, 1], "uv": [294, 67]},
						{"origin": [1, 3, -38], "size": [1, 1, 2], "uv": [46, 347]},
						{"origin": [-2, 3, -39], "size": [4, 1, 1], "uv": [88, 301]},
						{"origin": [-2, 3, -38], "size": [1, 1, 2], "uv": [102, 347]}
					]
				},
				{
					"name": "wheels2",
					"parent": "wagon",
					"pivot": [0, -1.42512, -7],
					"cubes": [
						{"origin": [-8.50781, -4.37048, -8.76256], "size": [2, 2, 3], "pivot": [-7.50781, -1.12048, -7.26256], "rotation": [-135, 0, 0], "uv": [296, 319]},
						{"origin": [-8.51172, -4.63304, -8.87132], "size": [2, 2, 3], "pivot": [-7.51172, -1.38304, -7.37132], "rotation": [-90, 0, 0], "uv": [340, 166]},
						{"origin": [-8.50781, -4.8956, -8.76256], "size": [2, 2, 3], "pivot": [-7.50781, -1.6456, -7.26256], "rotation": [-45, 0, 0], "uv": [306, 341]},
						{"origin": [-8.51172, -5.00436, -8.5], "size": [2, 2, 3], "uv": [316, 341]},
						{"origin": [-8.50781, -0.3956, -8.23744], "size": [2, 2, 3], "pivot": [-7.50781, -1.6456, -6.73744], "rotation": [-135, 0, 0], "uv": [326, 341]},
						{"origin": [-8.51172, -0.13304, -8.12868], "size": [2, 2, 3], "pivot": [-7.51172, -1.38304, -6.62868], "rotation": [-90, 0, 0], "uv": [102, 342]},
						{"origin": [-8.25781, -3.76172, -9], "size": [1.5, 4, 4], "uv": [296, 311]},
						{"origin": [-8.50781, 0.12952, -8.23744], "size": [2, 2, 3], "pivot": [-7.50781, -1.12048, -6.73744], "rotation": [-45, 0, 0], "uv": [112, 342]},
						{"origin": [-8.51172, 0.23828, -8.5], "size": [2, 2, 3], "uv": [122, 342]},
						{"origin": [6.50781, 0.12952, -8.23744], "size": [2, 2, 3], "pivot": [7.50781, -1.12048, -6.73744], "rotation": [-45, 0, 0], "uv": [132, 342]},
						{"origin": [6.51172, -0.13304, -8.12868], "size": [2, 2, 3], "pivot": [7.51172, -1.38304, -6.62868], "rotation": [-90, 0, 0], "uv": [342, 171]},
						{"origin": [6.75781, -3.76172, -9], "size": [1.5, 4, 4], "uv": [340, 138]},
						{"origin": [6.50781, -0.3956, -8.23744], "size": [2, 2, 3], "pivot": [7.50781, -1.6456, -6.73744], "rotation": [-135, 0, 0], "uv": [342, 176]},
						{"origin": [6.51172, -5.00436, -8.5], "size": [2, 2, 3], "uv": [342, 181]},
						{"origin": [6.50781, -4.8956, -8.76256], "size": [2, 2, 3], "pivot": [7.50781, -1.6456, -7.26256], "rotation": [-45, 0, 0], "uv": [342, 186]},
						{"origin": [6.51172, -4.63304, -8.87132], "size": [2, 2, 3], "pivot": [7.51172, -1.38304, -7.37132], "rotation": [-90, 0, 0], "uv": [342, 191]},
						{"origin": [6.50781, -4.37048, -8.76256], "size": [2, 2, 3], "pivot": [7.50781, -1.12048, -7.26256], "rotation": [-135, 0, 0], "uv": [344, 152]},
						{"origin": [6.51172, 0.23828, -8.5], "size": [2, 2, 3], "uv": [344, 157]}
					]
				},
				{
					"name": "wheels1",
					"parent": "wagon",
					"pivot": [0, -1.42512, -20],
					"cubes": [
						{"origin": [-8.50781, -4.37048, -21.76256], "size": [2, 2, 3], "pivot": [-7.50781, -1.12048, -20.26256], "rotation": [-135, 0, 0], "uv": [296, 319]},
						{"origin": [-8.51172, -4.63304, -21.87132], "size": [2, 2, 3], "pivot": [-7.51172, -1.38304, -20.37132], "rotation": [-90, 0, 0], "uv": [340, 166]},
						{"origin": [-8.50781, -4.8956, -21.76256], "size": [2, 2, 3], "pivot": [-7.50781, -1.6456, -20.26256], "rotation": [-45, 0, 0], "uv": [306, 341]},
						{"origin": [-8.51172, -5.00436, -21.5], "size": [2, 2, 3], "uv": [316, 341]},
						{"origin": [-8.50781, -0.3956, -21.23744], "size": [2, 2, 3], "pivot": [-7.50781, -1.6456, -19.73744], "rotation": [-135, 0, 0], "uv": [326, 341]},
						{"origin": [-8.51172, -0.13304, -21.12868], "size": [2, 2, 3], "pivot": [-7.51172, -1.38304, -19.62868], "rotation": [-90, 0, 0], "uv": [102, 342]},
						{"origin": [-8.25781, -3.76172, -22], "size": [1.5, 4, 4], "uv": [296, 311]},
						{"origin": [-8.50781, 0.12952, -21.23744], "size": [2, 2, 3], "pivot": [-7.50781, -1.12048, -19.73744], "rotation": [-45, 0, 0], "uv": [112, 342]},
						{"origin": [-8.51172, 0.23828, -21.5], "size": [2, 2, 3], "uv": [122, 342]},
						{"origin": [6.50781, 0.12952, -21.23744], "size": [2, 2, 3], "pivot": [7.50781, -1.12048, -19.73744], "rotation": [-45, 0, 0], "uv": [132, 342]},
						{"origin": [6.51172, -0.13304, -21.12868], "size": [2, 2, 3], "pivot": [7.51172, -1.38304, -19.62868], "rotation": [-90, 0, 0], "uv": [342, 171]},
						{"origin": [6.75781, -3.76172, -22], "size": [1.5, 4, 4], "uv": [340, 138]},
						{"origin": [6.50781, -0.3956, -21.23744], "size": [2, 2, 3], "pivot": [7.50781, -1.6456, -19.73744], "rotation": [-135, 0, 0], "uv": [342, 176]},
						{"origin": [6.51172, -5.00436, -21.5], "size": [2, 2, 3], "uv": [342, 181]},
						{"origin": [6.50781, -4.8956, -21.76256], "size": [2, 2, 3], "pivot": [7.50781, -1.6456, -20.26256], "rotation": [-45, 0, 0], "uv": [342, 186]},
						{"origin": [6.51172, -4.63304, -21.87132], "size": [2, 2, 3], "pivot": [7.51172, -1.38304, -20.37132], "rotation": [-90, 0, 0], "uv": [342, 191]},
						{"origin": [6.50781, -4.37048, -21.76256], "size": [2, 2, 3], "pivot": [7.50781, -1.12048, -20.26256], "rotation": [-135, 0, 0], "uv": [344, 152]},
						{"origin": [6.51172, 0.23828, -21.5], "size": [2, 2, 3], "uv": [344, 157]}
					]
				},
				{
					"name": "wheels3",
					"parent": "wagon",
					"pivot": [0, -1.42512, 7],
					"cubes": [
						{"origin": [-8.50781, -4.37048, 5.76256], "size": [2, 2, 3], "pivot": [-7.50781, -1.12048, 7.26256], "rotation": [135, 0, 0], "uv": [296, 319]},
						{"origin": [-8.51172, -4.63304, 5.87132], "size": [2, 2, 3], "pivot": [-7.51172, -1.38304, 7.37132], "rotation": [90, 0, 0], "uv": [340, 166]},
						{"origin": [-8.50781, -4.8956, 5.76256], "size": [2, 2, 3], "pivot": [-7.50781, -1.6456, 7.26256], "rotation": [45, 0, 0], "uv": [306, 341]},
						{"origin": [-8.51172, -5.00436, 5.5], "size": [2, 2, 3], "uv": [316, 341]},
						{"origin": [-8.50781, -0.3956, 5.23744], "size": [2, 2, 3], "pivot": [-7.50781, -1.6456, 6.73744], "rotation": [135, 0, 0], "uv": [326, 341]},
						{"origin": [-8.51172, -0.13304, 5.12868], "size": [2, 2, 3], "pivot": [-7.51172, -1.38304, 6.62868], "rotation": [90, 0, 0], "uv": [102, 342]},
						{"origin": [-8.25781, -3.76172, 5], "size": [1.5, 4, 4], "uv": [296, 311]},
						{"origin": [-8.50781, 0.12952, 5.23744], "size": [2, 2, 3], "pivot": [-7.50781, -1.12048, 6.73744], "rotation": [45, 0, 0], "uv": [112, 342]},
						{"origin": [-8.51172, 0.23828, 5.5], "size": [2, 2, 3], "uv": [122, 342]},
						{"origin": [6.50781, 0.12952, 5.23744], "size": [2, 2, 3], "pivot": [7.50781, -1.12048, 6.73744], "rotation": [45, 0, 0], "uv": [132, 342]},
						{"origin": [6.51172, -0.13304, 5.12868], "size": [2, 2, 3], "pivot": [7.51172, -1.38304, 6.62868], "rotation": [90, 0, 0], "uv": [342, 171]},
						{"origin": [6.75781, -3.76172, 5], "size": [1.5, 4, 4], "uv": [340, 138]},
						{"origin": [6.50781, -0.3956, 5.23744], "size": [2, 2, 3], "pivot": [7.50781, -1.6456, 6.73744], "rotation": [135, 0, 0], "uv": [342, 176]},
						{"origin": [6.51172, -5.00436, 5.5], "size": [2, 2, 3], "uv": [342, 181]},
						{"origin": [6.50781, -4.8956, 5.76256], "size": [2, 2, 3], "pivot": [7.50781, -1.6456, 7.26256], "rotation": [45, 0, 0], "uv": [342, 186]},
						{"origin": [6.51172, -4.63304, 5.87132], "size": [2, 2, 3], "pivot": [7.51172, -1.38304, 7.37132], "rotation": [90, 0, 0], "uv": [342, 191]},
						{"origin": [6.50781, -4.37048, 5.76256], "size": [2, 2, 3], "pivot": [7.50781, -1.12048, 7.26256], "rotation": [135, 0, 0], "uv": [344, 152]},
						{"origin": [6.51172, 0.23828, 5.5], "size": [2, 2, 3], "uv": [344, 157]}
					]
				},
				{
					"name": "wheels4",
					"parent": "wagon",
					"pivot": [0, -1.42512, 20],
					"cubes": [
						{"origin": [-8.50781, -4.37048, 18.76256], "size": [2, 2, 3], "pivot": [-7.50781, -1.12048, 20.26256], "rotation": [135, 0, 0], "uv": [296, 319]},
						{"origin": [-8.51172, -4.63304, 18.87132], "size": [2, 2, 3], "pivot": [-7.51172, -1.38304, 20.37132], "rotation": [90, 0, 0], "uv": [340, 166]},
						{"origin": [-8.50781, -4.8956, 18.76256], "size": [2, 2, 3], "pivot": [-7.50781, -1.6456, 20.26256], "rotation": [45, 0, 0], "uv": [306, 341]},
						{"origin": [-8.51172, -5.00436, 18.5], "size": [2, 2, 3], "uv": [316, 341]},
						{"origin": [-8.50781, -0.3956, 18.23744], "size": [2, 2, 3], "pivot": [-7.50781, -1.6456, 19.73744], "rotation": [135, 0, 0], "uv": [326, 341]},
						{"origin": [-8.51172, -0.13304, 18.12868], "size": [2, 2, 3], "pivot": [-7.51172, -1.38304, 19.62868], "rotation": [90, 0, 0], "uv": [102, 342]},
						{"origin": [-8.25781, -3.76172, 18], "size": [1.5, 4, 4], "uv": [296, 311]},
						{"origin": [-8.50781, 0.12952, 18.23744], "size": [2, 2, 3], "pivot": [-7.50781, -1.12048, 19.73744], "rotation": [45, 0, 0], "uv": [112, 342]},
						{"origin": [-8.51172, 0.23828, 18.5], "size": [2, 2, 3], "uv": [122, 342]},
						{"origin": [6.50781, 0.12952, 18.23744], "size": [2, 2, 3], "pivot": [7.50781, -1.12048, 19.73744], "rotation": [45, 0, 0], "uv": [132, 342]},
						{"origin": [6.51172, -0.13304, 18.12868], "size": [2, 2, 3], "pivot": [7.51172, -1.38304, 19.62868], "rotation": [90, 0, 0], "uv": [342, 171]},
						{"origin": [6.75781, -3.76172, 18], "size": [1.5, 4, 4], "uv": [340, 138]},
						{"origin": [6.50781, -0.3956, 18.23744], "size": [2, 2, 3], "pivot": [7.50781, -1.6456, 19.73744], "rotation": [135, 0, 0], "uv": [342, 176]},
						{"origin": [6.51172, -5.00436, 18.5], "size": [2, 2, 3], "uv": [342, 181]},
						{"origin": [6.50781, -4.8956, 18.76256], "size": [2, 2, 3], "pivot": [7.50781, -1.6456, 20.26256], "rotation": [45, 0, 0], "uv": [342, 186]},
						{"origin": [6.51172, -4.63304, 18.87132], "size": [2, 2, 3], "pivot": [7.51172, -1.38304, 20.37132], "rotation": [90, 0, 0], "uv": [342, 191]},
						{"origin": [6.50781, -4.37048, 18.76256], "size": [2, 2, 3], "pivot": [7.50781, -1.12048, 20.26256], "rotation": [135, 0, 0], "uv": [344, 152]},
						{"origin": [6.51172, 0.23828, 18.5], "size": [2, 2, 3], "uv": [344, 157]}
					]
				},
				{
					"name": "wagon_main",
					"parent": "wagon",
					"pivot": [0, -5, 1.5],
					"cubes": [
						{"origin": [-12, 6, -34], "size": [24, 1, 9], "uv": [184, 54]},
						{"origin": [-11, 3, -33], "size": [22, 3, 8], "uv": [310, 23]},
						{"origin": [-12, 6, 25], "size": [24, 1, 9], "uv": [250, 54]},
						{"origin": [-11, 3, 25], "size": [22, 3, 8], "uv": [310, 34]},
						{"origin": [-12, 2, -34], "size": [24, 1, 68], "uv": [0, 0]},
						{
							"origin": [-10, 25, -31],
							"size": [20, 1, 21],
							"uv": {
								"north": {"uv": [222, 199], "uv_size": [20, 1]},
								"east": {"uv": [201, 199], "uv_size": [21, 1]},
								"south": {"uv": [222, 199], "uv_size": [20, 1]},
								"west": {"uv": [242, 199], "uv_size": [21, 1]},
								"up": {"uv": [222, 178], "uv_size": [20, 21]},
								"down": {"uv": [242, 199], "uv_size": [20, -21]}
							}
						},
						{"origin": [-10, 25, -10], "size": [1, 1, 20], "uv": [202, 179]},
						{"origin": [9, 25, -10], "size": [1, 1, 20], "uv": [202, 179]},
						{
							"origin": [-10, 25, 10],
							"size": [20, 1, 21],
							"uv": {
								"north": {"uv": [220, 199], "uv_size": [20, 1]},
								"east": {"uv": [196, 199], "uv_size": [21, 1]},
								"south": {"uv": [264, 199], "uv_size": [20, 1]},
								"west": {"uv": [242, 199], "uv_size": [21, 1]},
								"up": {"uv": [222, 137], "uv_size": [20, 21]},
								"down": {"uv": [242, 158], "uv_size": [20, -21]}
							}
						},
						{"origin": [-4, 26, -36], "size": [8, 1, 24], "uv": [48, 185]},
						{
							"origin": [-4, 26, 12],
							"size": [8, 1, 24],
							"uv": {
								"north": {"uv": [71, 209], "uv_size": [8, 1]},
								"east": {"uv": [46, 209], "uv_size": [24, 1]},
								"south": {"uv": [89, 209], "uv_size": [8, 1]},
								"west": {"uv": [80, 209], "uv_size": [24, 1]},
								"up": {"uv": [72, 137], "uv_size": [8, 24]},
								"down": {"uv": [80, 161], "uv_size": [8, -24]}
							}
						},
						{"origin": [-2, 34, -20], "size": [4, 2, 4], "uv": [86, 305]},
						{
							"origin": [-12, 23, -33],
							"size": [24, 2, 24],
							"uv": {
								"north": {"uv": [66, 135], "uv_size": [24, 2]},
								"east": {"uv": [42, 135], "uv_size": [24, 2]},
								"south": {"uv": [66, 135], "uv_size": [24, 2]},
								"west": {"uv": [90, 135], "uv_size": [24, 2]},
								"up": {"uv": [66, 111], "uv_size": [24, 24]},
								"down": {"uv": [90, 135], "uv_size": [24, -24]}
							}
						},
						{
							"origin": [8, 23, -9],
							"size": [4, 2, 18],
							"uv": {
								"north": {"uv": [86, 135], "uv_size": [4, 2]},
								"east": {"uv": [68, 135], "uv_size": [18, 2]},
								"south": {"uv": [108, 135], "uv_size": [4, 2]},
								"west": {"uv": [90, 135], "uv_size": [18, 2]},
								"up": {"uv": [86, 92], "uv_size": [4, 18]},
								"down": {"uv": [90, 110], "uv_size": [4, -18]}
							}
						},
						{
							"origin": [-12, 23, -9],
							"size": [4, 2, 18],
							"uv": {
								"north": {"uv": [86, 135], "uv_size": [4, 2]},
								"east": {"uv": [68, 135], "uv_size": [18, 2]},
								"south": {"uv": [108, 135], "uv_size": [4, 2]},
								"west": {"uv": [90, 135], "uv_size": [18, 2]},
								"up": {"uv": [66, 92], "uv_size": [4, 18]},
								"down": {"uv": [110, 109], "uv_size": [4, -18]}
							}
						},
						{
							"origin": [-12, 23, 9],
							"size": [24, 2, 24],
							"uv": {
								"north": {"uv": [65, 135], "uv_size": [24, 2]},
								"east": {"uv": [40, 135], "uv_size": [24, 2]},
								"south": {"uv": [115, 135], "uv_size": [24, 2]},
								"west": {"uv": [90, 135], "uv_size": [24, 2]},
								"up": {"uv": [66, 69], "uv_size": [24, 24]},
								"down": {"uv": [90, 93], "uv_size": [24, -24]}
							}
						},
						{"origin": [-8, 35, -11], "size": [16, 1, 22], "uv": [310, 0]},
						{"origin": [-10, 34, -13], "size": [20, 1, 26], "uv": [262, 200]},
						{"origin": [-10, 6, -25], "size": [6, 17, 2], "uv": [312, 114]},
						{"origin": [4, 6, -25], "size": [6, 17, 2], "uv": [316, 45]},
						{"origin": [10, 3, -25], "size": [1, 9, 50], "uv": [160, 200]},
						{"origin": [11, 11, -17], "size": [1, 1, 9], "uv": [276, 329]},
						{"origin": [11, 11, 8], "size": [1, 1, 9], "uv": [296, 331]},
						{"origin": [10, 21, -25], "size": [1, 2, 50], "uv": [102, 259]},
						{"origin": [8, 26, -11], "size": [1, 1, 22], "uv": [102, 210]},
						{"origin": [7.5, 27, -9], "size": [1, 1, 18], "uv": [312, 76]},
						{"origin": [-8.5, 27, -9], "size": [1, 1, 18], "uv": [312, 76], "mirror": true},
						{"origin": [8, 33, -11], "size": [1, 1, 22], "uv": [102, 233]},
						{"origin": [-9, 33, 11], "size": [18, 1, 1], "uv": [180, 135]},
						{"origin": [8, 27, -11], "size": [1, 6, 2], "uv": [310, 45]},
						{"origin": [8, 27, -4], "size": [1, 6, 1], "uv": [311, 46]},
						{"origin": [8, 27, 3], "size": [1, 6, 1], "uv": [311, 46]},
						{"origin": [-9, 27, -4], "size": [1, 6, 1], "uv": [311, 46]},
						{"origin": [-9, 27, 3], "size": [1, 6, 1], "uv": [311, 46]},
						{"origin": [3, 29, 11], "size": [1, 4, 1], "uv": [311, 46]},
						{"origin": [-4, 29, -12], "size": [1, 4, 1], "uv": [311, 46]},
						{"origin": [3, 29, -12], "size": [1, 4, 1], "uv": [311, 46]},
						{"origin": [-4, 29, 11], "size": [1, 4, 1], "uv": [311, 46]},
						{"origin": [8, 27, 9], "size": [1, 6, 2], "uv": [258, 344]},
						{"origin": [7, 29, 11], "size": [2, 4, 1], "uv": [158, 346]},
						{"origin": [-9, 29, 11], "size": [2, 4, 1], "uv": [172, 346]},
						{"origin": [-9, 33, -11], "size": [1, 1, 22], "uv": [112, 311]},
						{"origin": [-9, 27, -11], "size": [1, 6, 2], "uv": [310, 45]},
						{"origin": [-9, 26, -11], "size": [1, 1, 22], "uv": [66, 311]},
						{"origin": [-9, 26, 11], "size": [18, 3, 1], "uv": [184, 64]},
						{"origin": [7, 29, -12], "size": [2, 4, 1], "uv": [184, 346]},
						{"origin": [-9, 33, -12], "size": [18, 1, 1], "uv": [218, 135]},
						{"origin": [-9, 26, -12], "size": [18, 3, 1], "uv": [222, 64]},
						{"origin": [-9, 29, -12], "size": [2, 4, 1], "uv": [178, 346]},
						{"origin": [-9, 27, 9], "size": [1, 6, 2], "uv": [258, 344]},
						{"origin": [-9, 27, 9], "size": [1, 6, 2], "uv": [258, 344]},
						{"origin": [9.5, 14, -10], "size": [1, 6, 1], "uv": [94, 345]},
						{"origin": [9.5, 14, -16], "size": [1, 6, 1], "uv": [98, 345]},
						{"origin": [9.5, 20, -16], "size": [1, 1, 32], "uv": [306, 291]},
						{"origin": [-10.5, 20, -16], "size": [1, 1, 32], "uv": [306, 291], "mirror": true},
						{"origin": [9.5, 14, 15], "size": [1, 6, 1], "uv": [346, 103]},
						{"origin": [9.5, 14, 9], "size": [1, 6, 1], "uv": [346, 96]},
						{"origin": [9.5, 12, -16], "size": [1, 2, 32], "uv": [0, 303]},
						{"origin": [10, 12, -25], "size": [1, 9, 9], "uv": [68, 269]},
						{"origin": [10, 12, 16], "size": [1, 9, 9], "uv": [68, 287]},
						{"origin": [10, 12, -9], "size": [1, 9, 18], "uv": [158, 311]},
						{"origin": [-11, 21, -25], "size": [1, 2, 50], "uv": [204, 259]},
						{"origin": [-11, 12, -9], "size": [1, 9, 18], "uv": [196, 311]},
						{"origin": [-11, 12, -25], "size": [1, 9, 9], "uv": [312, 96]},
						{"origin": [-11, 3, -25], "size": [1, 9, 50], "uv": [0, 210]},
						{"origin": [-12, 11, -17], "size": [1, 1, 9], "uv": [332, 45]},
						{"origin": [-12, 11, 8], "size": [1, 1, 9], "uv": [316, 331]},
						{"origin": [-11, 12, 16], "size": [1, 9, 9], "uv": [276, 311]},
						{"origin": [-10.5, 12, -16], "size": [1, 2, 32], "uv": [306, 257]},
						{"origin": [-10.5, 14, 9], "size": [1, 6, 1], "uv": [154, 346]},
						{"origin": [-10.5, 14, 15], "size": [1, 6, 1], "uv": [150, 346]},
						{"origin": [-10.5, 14, -16], "size": [1, 6, 1], "uv": [146, 346]},
						{"origin": [-10.5, 14, -10], "size": [1, 6, 1], "uv": [142, 346]},
						{"origin": [-4, 21, -25], "size": [8, 2, 2], "uv": [66, 305]},
						{"origin": [-0.5, 13, 23], "size": [1, 6, 1], "uv": [90, 345]},
						{"origin": [-4, 19, 23], "size": [8, 2, 1], "uv": [294, 64]},
						{"origin": [-10, 3, -25], "size": [20, 4, 8], "uv": [318, 34]},
						{"origin": [-10, 3, -2], "size": [20, 4, 8], "uv": [318, 34]},
						{
							"origin": [-3, 7, -6],
							"size": [13, 4, 8],
							"uv": {
								"north": {"uv": [363, 42], "uv_size": [13, 4]},
								"east": {"uv": [319, 42], "uv_size": [8, 4]},
								"south": {"uv": [317, 42], "uv_size": [13, 4]},
								"west": {"uv": [340, 42], "uv_size": [8, 4]},
								"up": {"uv": [327, 34], "uv_size": [13, 8]},
								"down": {"uv": [340, 42], "uv_size": [13, -8]}
							}
						},
						{"origin": [-10, 3, -10], "size": [20, 4, 8], "uv": [318, 34]},
						{
							"origin": [0, 3, -17],
							"size": [10, 4, 3],
							"uv": {
								"north": {"uv": [337, 42], "uv_size": [10, 4]},
								"east": {"uv": [373, 42], "uv_size": [3, 4]},
								"south": {"uv": [317, 42], "uv_size": [10, 4]},
								"west": {"uv": [347, 42], "uv_size": [3, 4]},
								"up": {"uv": [337, 39], "uv_size": [10, 3]},
								"down": {"uv": [347, 42], "uv_size": [10, -3]}
							}
						},
						{"origin": [-10, 3, 17], "size": [20, 4, 8], "uv": [318, 34]},
						{"origin": [-4, 13, 23], "size": [1, 6, 1], "uv": [86, 345]},
						{"origin": [-4, 7, 23], "size": [8, 6, 1], "uv": [160, 338]},
						{"origin": [3, 13, 23], "size": [1, 6, 1], "uv": [82, 345]},
						{"origin": [-4, 7, -24], "size": [8, 6, 1], "uv": [177, 338]},
						{"origin": [3, 13, -24], "size": [1, 6, 1], "uv": [282, 346]},
						{"origin": [-4, 19, -24], "size": [8, 2, 1], "uv": [216, 338]},
						{"origin": [-0.5, 13, -24], "size": [1, 6, 1], "uv": [278, 346]},
						{"origin": [-4, 13, -24], "size": [1, 6, 1], "uv": [190, 346]},
						{"origin": [-4, 21, 23], "size": [8, 2, 2], "uv": [328, 128]},
						{"origin": [-10, 6, 23], "size": [6, 17, 2], "uv": [324, 152]},
						{"origin": [-10, 18, 25], "size": [1, 3, 1], "uv": [98, 301]},
						{"origin": [9, 18, 25], "size": [1, 3, 1], "uv": [108, 347]},
						{"origin": [-6, 21, 28], "size": [1, 2, 1], "uv": [108, 347]},
						{"origin": [-7, 17, 27], "size": [3, 5, 3], "uv": [105, 352]},
						{"origin": [5, 18, 25], "size": [3, 3, 1], "pivot": [6.5, 19.5, 25.5], "rotation": [0, 180, 0], "uv": [74, 345]},
						{"origin": [6, 7, 24.5], "size": [1, 11, 1], "pivot": [6.5, 12.5, 25], "rotation": [0, 180, 0], "uv": [302, 341]},
						{"origin": [-9, 18, -26], "size": [3, 3, 1], "uv": [74, 345]},
						{"origin": [-8, 7, -25.5], "size": [1, 11, 1], "uv": [302, 341]},
						{"origin": [-10, 18, -26], "size": [1, 3, 1], "uv": [116, 347]},
						{"origin": [9, 18, -26], "size": [1, 3, 1], "uv": [112, 347]},
						{"origin": [4, 6, 23], "size": [6, 17, 2], "uv": [324, 133]},
						{"origin": [-7.5, -3, -21], "size": [15, 2, 2], "uv": [260, 64]},
						{"origin": [8.5, -1, -15], "size": [1, 2, 3], "uv": [18, 345]},
						{"origin": [8.5, -3, -16], "size": [1, 2, 5], "uv": [278, 339]},
						{"origin": [-9.5, -1, -15], "size": [1, 2, 3], "uv": [10, 345]},
						{"origin": [-9.5, -3, -16], "size": [1, 2, 5], "uv": [338, 245]},
						{"origin": [-9.5, -3, -17], "size": [1, 5, 1], "uv": [314, 346]},
						{"origin": [-9.5, 1, -16], "size": [1, 1, 5], "uv": [340, 132]},
						{"origin": [-9.5, -3, -11], "size": [1, 5, 1], "uv": [310, 346]},
						{"origin": [-9.5, -1, -25], "size": [1, 3, 8], "uv": [84, 334]},
						{"origin": [-9.5, -4, -22], "size": [1, 3, 4], "uv": [218, 341]},
						{"origin": [8.5, 1, -16], "size": [1, 1, 5], "uv": [148, 250]},
						{"origin": [8.5, -3, -11], "size": [1, 5, 1], "uv": [306, 346]},
						{"origin": [8.5, -3, -17], "size": [1, 5, 1], "uv": [286, 346]},
						{"origin": [-8.5, -3, -17], "size": [17, 5, 7], "uv": [312, 64]},
						{"origin": [-9.5, -1, -10], "size": [1, 3, 8], "uv": [248, 333], "mirror": true},
						{"origin": [-9.5, -4, -9], "size": [1, 3, 4], "uv": [208, 341], "mirror": true},
						{"origin": [8.5, -4, -9], "size": [1, 3, 4], "uv": [208, 341]},
						{"origin": [8.5, -4, -22], "size": [1, 3, 4], "uv": [208, 341]},
						{"origin": [8.5, -1, -10], "size": [1, 3, 8], "uv": [248, 333]},
						{"origin": [8.5, -1, -25], "size": [1, 3, 8], "uv": [248, 333]},
						{"origin": [-7.5, -3, 19], "size": [15, 2, 2], "uv": [260, 64]},
						{"origin": [8.5, -1, 12], "size": [1, 2, 3], "uv": [18, 345]},
						{"origin": [8.5, -3, 11], "size": [1, 2, 5], "uv": [278, 339]},
						{"origin": [-9.5, -1, 12], "size": [1, 2, 3], "uv": [10, 345]},
						{"origin": [-9.5, -3, 11], "size": [1, 2, 5], "uv": [338, 245]},
						{"origin": [-9.5, -3, 16], "size": [1, 5, 1], "uv": [314, 346]},
						{"origin": [-9.5, 1, 11], "size": [1, 1, 5], "uv": [340, 132]},
						{"origin": [-9.5, -3, 10], "size": [1, 5, 1], "uv": [310, 346]},
						{"origin": [-9.5, -1, 17], "size": [1, 3, 8], "uv": [84, 334]},
						{"origin": [-9.5, -4, 18], "size": [1, 3, 4], "uv": [218, 341]},
						{"origin": [8.5, 1, 11], "size": [1, 1, 5], "uv": [148, 250]},
						{"origin": [8.5, -3, 10], "size": [1, 5, 1], "uv": [306, 346]},
						{"origin": [8.5, -3, 16], "size": [1, 5, 1], "uv": [286, 346]},
						{"origin": [-8.5, -3, 10], "size": [17, 5, 7], "uv": [312, 64]},
						{"origin": [-9.5, -1, 2], "size": [1, 3, 8], "uv": [248, 333], "mirror": true},
						{"origin": [-9.5, -4, 5], "size": [1, 3, 4], "uv": [208, 341], "mirror": true},
						{"origin": [8.5, -4, 5], "size": [1, 3, 4], "uv": [208, 341]},
						{"origin": [8.5, -4, 18], "size": [1, 3, 4], "uv": [208, 341]},
						{"origin": [8.5, -1, 2], "size": [1, 3, 8], "uv": [248, 333]},
						{"origin": [8.5, -1, 17], "size": [1, 3, 8], "uv": [248, 333]}
					]
				},
				{
					"name": "stairs",
					"parent": "wagon_main",
					"pivot": [0, -5, 6],
					"cubes": [
						{"origin": [4, 12, -26], "size": [9, 1, 1], "uv": [262, 257]},
						{"origin": [12, -3, -26], "size": [1, 15, 1], "uv": [152, 230]},
						{"origin": [12, 2, -33], "size": [2, 1, 7], "uv": [0, 337]},
						{"origin": [11, -2, -33], "size": [3, 1, 7], "uv": [332, 55]},
						{"origin": [12, -3, -34], "size": [1, 15, 1], "uv": [156, 230]},
						{"origin": [-13, 12, -34], "size": [9, 1, 1], "uv": [282, 257]},
						{"origin": [-5, 7, -34], "size": [1, 5, 1], "uv": [318, 346]},
						{"origin": [-10, 7, -34], "size": [1, 5, 1], "uv": [322, 346]},
						{"origin": [4, 7, -34], "size": [1, 5, 1], "uv": [330, 346]},
						{"origin": [9, 7, -34], "size": [1, 5, 1], "uv": [326, 346]},
						{"origin": [4, 13, -34], "size": [1, 19, 1], "uv": [148, 210]},
						{"origin": [-5, 13, -34], "size": [1, 13, 1], "uv": [290, 339]},
						{"origin": [9, 13, -34], "size": [1, 19, 1], "uv": [152, 210]},
						{"origin": [9, 31, -33], "size": [1, 1, 3], "uv": [342, 196]},
						{"origin": [4, 31, -33], "size": [1, 1, 3], "uv": [152, 246]},
						{"origin": [9, 29, -31], "size": [1, 2, 1], "uv": [124, 347]},
						{"origin": [4, 29, -31], "size": [1, 2, 1], "uv": [120, 347]},
						{"origin": [4, 12, -34], "size": [9, 1, 1], "uv": [66, 309]},
						{"origin": [5, 16, -34], "size": [4, 1, 1], "uv": [88, 303]},
						{"origin": [5, 20, -34], "size": [4, 1, 1], "uv": [88, 303]},
						{"origin": [5, 24, -34], "size": [4, 1, 1], "uv": [88, 303]},
						{"origin": [-14, 2, -33], "size": [2, 1, 7], "uv": [18, 337]},
						{"origin": [-14, -2, -33], "size": [3, 1, 7], "uv": [102, 334]},
						{"origin": [-13, -3, -34], "size": [1, 15, 1], "uv": [266, 333]},
						{"origin": [-13, -3, -26], "size": [1, 15, 1], "uv": [270, 333]},
						{"origin": [-13, 12, -26], "size": [9, 1, 1], "uv": [286, 135]}
					]
				},
				{
					"name": "window",
					"parent": "wagon_main",
					"pivot": [-2.5, 23, -33],
					"cubes": [
						{
							"origin": [10.5, 14, -15],
							"size": [0, 6, 5],
							"uv": {
								"east": {"uv": [0, 0], "uv_size": [5, 6]}
							}
						},
						{
							"origin": [10.5, 14, 10],
							"size": [0, 6, 5],
							"uv": {
								"east": {"uv": [0, 0], "uv_size": [5, 6]}
							}
						},
						{
							"origin": [-10.5, 14, -15],
							"size": [0, 6, 5],
							"uv": {
								"east": {"uv": [0, 0], "uv_size": [5, 6]}
							}
						},
						{
							"origin": [-10.5, 14, 10],
							"size": [0, 6, 5],
							"uv": {
								"east": {"uv": [0, 0], "uv_size": [5, 6]}
							}
						},
						{"origin": [-7, 29, -12], "size": [3, 4, 0], "uv": [17, 5]},
						{"origin": [4, 29, -12], "size": [3, 4, 0], "uv": [17, 5]},
						{"origin": [-7, 29, 12], "size": [3, 4, 0], "uv": [17, 5]},
						{"origin": [-3, 29, 12], "size": [6, 4, 0], "uv": [21, 10]},
						{"origin": [4, 29, 12], "size": [3, 4, 0], "uv": [17, 5]},
						{
							"origin": [-3, 29, -12],
							"size": [6, 4, 0],
							"uv": {
								"north": {"uv": [21, 10], "uv_size": [6, 4]},
								"east": {"uv": [21, 10], "uv_size": [0, 4]},
								"south": {"uv": [27, 10], "uv_size": [6, 4]},
								"west": {"uv": [27, 10], "uv_size": [0, 4]},
								"up": {"uv": [21, 10], "uv_size": [6, 0]},
								"down": {"uv": [27, 10], "uv_size": [6, 0]}
							}
						},
						{
							"origin": [8.5, 28, -9],
							"size": [0, 5, 5],
							"uv": {
								"east": {"uv": [0, 8], "uv_size": [5, 5]}
							}
						},
						{
							"origin": [8.5, 28, 4],
							"size": [0, 5, 5],
							"uv": {
								"east": {"uv": [0, 8], "uv_size": [5, 5]}
							}
						},
						{
							"origin": [8.5, 28, -3],
							"size": [0, 5, 6],
							"uv": {
								"north": {"uv": [6, 13], "uv_size": [0, 5]},
								"east": {"uv": [0, 13], "uv_size": [6, 5]},
								"south": {"uv": [12, 13], "uv_size": [0, 5]},
								"west": {"uv": [6, 13], "uv_size": [6, 5]},
								"up": {"uv": [6, 7], "uv_size": [0, 6]},
								"down": {"uv": [6, 13], "uv_size": [0, -6]}
							}
						},
						{
							"origin": [-8.5, 28, -9],
							"size": [0, 5, 5],
							"uv": {
								"east": {"uv": [0, 8], "uv_size": [5, 5]}
							}
						},
						{
							"origin": [-8.5, 28, 4],
							"size": [0, 5, 5],
							"uv": {
								"east": {"uv": [0, 8], "uv_size": [5, 5]}
							}
						},
						{
							"origin": [-8.5, 28, -3],
							"size": [0, 5, 6],
							"uv": {
								"north": {"uv": [6, 13], "uv_size": [0, 5]},
								"east": {"uv": [0, 13], "uv_size": [6, 5]},
								"south": {"uv": [12, 13], "uv_size": [0, 5]},
								"west": {"uv": [6, 13], "uv_size": [6, 5]},
								"up": {"uv": [6, 7], "uv_size": [0, 6]},
								"down": {"uv": [6, 13], "uv_size": [0, -6]}
							}
						},
						{"origin": [-2, 23, -37], "size": [0, 1, 4], "pivot": [-1.5, 23, -33], "rotation": [-50, 0, 0], "uv": [244, 344]},
						{"origin": [2, 23, -37], "size": [0, 1, 4], "pivot": [2.5, 23, -33], "rotation": [-50, 0, 0], "uv": [244, 344]},
						{"origin": [-2, 26.2, 31.4], "size": [0, 1, 4], "pivot": [-1.5, 26.2, 35.4], "rotation": [50, 0, 0], "uv": [244, 344]},
						{"origin": [2, 26.2, 31.4], "size": [0, 1, 4], "pivot": [2.5, 26.2, 35.4], "rotation": [50, 0, 0], "uv": [244, 344]},
						{
							"origin": [-3, 18, -33.5],
							"size": [1, 1, 1],
							"uv": {
								"north": {"uv": [347, 238], "uv_size": [1, 1]}
							}
						},
						{
							"origin": [-4, 19, -33.5],
							"size": [1, 1, 1],
							"uv": {
								"north": {"uv": [346, 237], "uv_size": [1, 1]}
							}
						},
						{
							"origin": [-4, 12, -33.5],
							"size": [1, 1, 1],
							"uv": {
								"north": {"uv": [346, 241], "uv_size": [1, 1]}
							}
						},
						{
							"origin": [3, 12, -33.5],
							"size": [1, 1, 1],
							"uv": {
								"north": {"uv": [353, 241], "uv_size": [1, 1]}
							}
						},
						{
							"origin": [3, 19, -33.5],
							"size": [1, 1, 1],
							"uv": {
								"north": {"uv": [353, 237], "uv_size": [1, 1]}
							}
						},
						{
							"origin": [2, 18, -33.5],
							"size": [1, 1, 1],
							"uv": {
								"north": {"uv": [352, 238], "uv_size": [1, 1]}
							}
						},
						{
							"origin": [1, 11, -33.5],
							"size": [2, 1, 1],
							"uv": {
								"north": {"uv": [347, 242], "uv_size": [2, 1]}
							}
						},
						{
							"origin": [-3, 11, -33.5],
							"size": [2, 1, 1],
							"uv": {
								"north": {"uv": [347, 242], "uv_size": [2, 1]}
							}
						},
						{
							"origin": [-1, 10, -33.5],
							"size": [2, 1, 1],
							"uv": {
								"north": {"uv": [349, 243], "uv_size": [2, 1]}
							}
						},
						{
							"origin": [-2, 17, -33.5],
							"size": [4, 1, 1],
							"uv": {
								"north": {"uv": [348, 239], "uv_size": [4, 1]}
							}
						},
						{"origin": [-1, 27, -19], "size": [2, 7, 2], "uv": [294, 341]},
						{"origin": [3.4, 16.5, -19], "size": [2, 7, 2], "pivot": [5.4, 16.5, -18], "rotation": [0, 0, -45], "uv": [294, 341]},
						{"origin": [-1, 20, -18.9], "size": [2, 3, 1.8], "uv": [296, 346]},
						{"origin": [3.4, 12, -18.9], "size": [2, 4.5, 1.8], "uv": [295, 342]},
						{"origin": [1, 7, -21.9], "size": [7, 7, 7], "uv": [287, 353]},
						{"origin": [-9.9, 7, -21.9], "size": [1, 4, 3], "uv": [290, 369]},
						{"origin": [-7.5, 6.5, -21.9], "size": [1, 4, 3], "pivot": [-8.5, 7.5, -24], "rotation": [0, 0, -25], "uv": [298, 369]}
					]
				},
				{
					"name": "lever",
					"parent": "window",
					"pivot": [-0.9, 8.2, -21],
					"rotation": [0, -37.5, 0],
					"cubes": [
						{"origin": [-1.9, 8.5, -20.9], "size": [1, 1, 1], "uv": [294, 378]},
						{"origin": [-1.9, 7.5, -20.9], "size": [3, 1, 1], "uv": [292, 376]},
						{"origin": [-1.9, 7, -19.8], "size": [1, 1, 0], "uv": [293, 378]},
						{"origin": [0.1, 7, -21], "size": [1, 1, 0], "uv": [293, 378]},
						{"origin": [-1.9, 7, -21], "size": [1, 1, 0], "uv": [293, 378]},
						{"origin": [0.1, 7, -19.8], "size": [1, 1, 0], "uv": [293, 378]}
					]
				},
				{
					"name": "lever2",
					"parent": "lever",
					"pivot": [-4.5, 8.2, -19.3],
					"rotation": [0, 40, 0],
					"cubes": [
						{"origin": [-5.5, 7.5, -19.2], "size": [3, 1, 1], "uv": [298, 378]},
						{"origin": [-5.5, 7, -18], "size": [1, 1, 0], "uv": [293, 380]},
						{"origin": [-3.5, 7, -19.3], "size": [1, 1, 0], "uv": [293, 380]},
						{"origin": [-5.5, 7, -19.3], "size": [1, 1, 0], "uv": [293, 380]},
						{"origin": [-3.5, 7, -18], "size": [1, 1, 0], "uv": [293, 380]}
					]
				},
				{
					"name": "light",
					"parent": "wagon_main",
					"pivot": [0, -5, -6]
				},
				{
					"name": "stairs2",
					"parent": "wagon_main",
					"pivot": [0, -5, -6],
					"cubes": [
						{"origin": [4, 12, 25], "size": [9, 1, 1], "uv": [332, 112]},
						{"origin": [12, -3, 25], "size": [1, 15, 1], "uv": [54, 337]},
						{"origin": [12, 2, 26], "size": [2, 1, 7], "uv": [36, 337]},
						{"origin": [11, -2, 26], "size": [3, 1, 7], "uv": [122, 334]},
						{"origin": [12, -3, 33], "size": [1, 15, 1], "uv": [58, 337]},
						{"origin": [-13, 12, 33], "size": [9, 1, 1], "uv": [338, 227]},
						{"origin": [-5, 7, 33], "size": [1, 5, 1], "uv": [346, 344]},
						{"origin": [-10, 7, 33], "size": [1, 5, 1], "uv": [34, 347]},
						{"origin": [4, 7, 33], "size": [1, 5, 1], "uv": [38, 347]},
						{"origin": [9, 7, 33], "size": [1, 5, 1], "uv": [42, 347]},
						{"origin": [-10, 13, 33], "size": [1, 19, 1], "uv": [156, 210]},
						{"origin": [4, 13, 33], "size": [1, 13, 1], "uv": [340, 152]},
						{"origin": [-5, 13, 33], "size": [1, 19, 1], "uv": [148, 230]},
						{"origin": [-5, 31, 30], "size": [1, 1, 3], "uv": [344, 162]},
						{"origin": [-10, 31, 30], "size": [1, 1, 3], "uv": [26, 345]},
						{"origin": [-5, 29, 30], "size": [1, 2, 1], "uv": [128, 347]},
						{"origin": [-10, 29, 30], "size": [1, 2, 1], "uv": [132, 347]},
						{"origin": [4, 12, 33], "size": [9, 1, 1], "uv": [338, 229]},
						{"origin": [-9, 16, 33], "size": [4, 1, 1], "uv": [344, 329]},
						{"origin": [-9, 20, 33], "size": [4, 1, 1], "uv": [34, 345]},
						{"origin": [-9, 24, 33], "size": [4, 1, 1], "uv": [44, 345]},
						{"origin": [-14, 2, 26], "size": [2, 1, 7], "uv": [142, 338]},
						{"origin": [-14, -2, 26], "size": [3, 1, 7], "uv": [336, 331]},
						{"origin": [-13, -3, 33], "size": [1, 15, 1], "uv": [62, 337]},
						{"origin": [-13, -3, 25], "size": [1, 15, 1], "uv": [274, 339]},
						{"origin": [-13, 12, 25], "size": [9, 1, 1], "uv": [338, 231]}
					]
				}
			]
		}
	]
}