{
	"format_version": "1.12.0",
	"minecraft:geometry": [
		{
			"description": {
				"identifier": "geometry.lb_ta_train_metro",
				"texture_width": 512,
				"texture_height": 512,
				"visible_bounds_width": 10,
				"visible_bounds_height": 5,
				"visible_bounds_offset": [0, 1.5, 0]
			},
			"bones": [
				{
					"name": "train",
					"pivot": [0, -3.9, 0]
				},
				{
					"name": "train_base",
					"parent": "train",
					"pivot": [0, -3.9, 0],
					"cubes": [
						{"origin": [-7.5, -1.9, -38.5], "size": [15, 5, 27], "uv": [196, 80]},
						{"origin": [-9.5, -0.9, -8.5], "size": [19, 4, 17], "uv": [204, 58]},
						{"origin": [-9.5, -0.9, -32.5], "size": [19, 2, 6], "uv": [248, 144]},
						{"origin": [-9.5, -0.9, -21.5], "size": [19, 2, 6], "uv": [36, 258]},
						{"origin": [7.5, -1.9, -26.5], "size": [3, 4, 5], "uv": [8, 296]},
						{"origin": [-10.5, -1.9, -26.5], "size": [3, 4, 5], "uv": [24, 297]},
						{"origin": [-9.5, 1.1, -32.5], "size": [19, 2, 2], "uv": [268, 245]},
						{"origin": [-9.5, 1.1, -17.5], "size": [19, 2, 2], "uv": [268, 249]},
						{"origin": [-9.5, 1.1, 30.5], "size": [19, 2, 2], "uv": [274, 51]},
						{"origin": [-9.5, -0.9, 26.5], "size": [19, 2, 6], "uv": [86, 258]},
						{"origin": [-9.5, -0.9, 15.5], "size": [19, 2, 6], "uv": [136, 258]},
						{"origin": [-9.5, 1.1, 15.5], "size": [19, 2, 2], "uv": [276, 23]},
						{"origin": [7.5, -1.9, 21.5], "size": [3, 4, 5], "uv": [298, 264]},
						{"origin": [-10.5, -1.9, 21.5], "size": [3, 4, 5], "uv": [300, 27]},
						{"origin": [-7.5, -2.9, -9.5], "size": [15, 6, 5], "uv": [260, 195]},
						{"origin": [-7.5, -2.9, -2.5], "size": [15, 6, 5], "uv": [260, 206]},
						{"origin": [-7.5, -2.9, 4.5], "size": [15, 6, 5], "uv": [260, 253]},
						{"origin": [-6.5, -1.9, -11.5], "size": [13, 5, 23], "uv": [204, 0]},
						{"origin": [-7.5, -1.9, 11.5], "size": [15, 5, 27], "uv": [196, 112]}
					]
				},
				{
					"name": "wheels1",
					"parent": "train_base",
					"pivot": [0, -0.32512, -30.5],
					"cubes": [
						{"origin": [6.51172, 1.33828, -32], "size": [2, 2, 3], "uv": [40, 312]},
						{"origin": [6.51172, 1.22952, -31.73744], "size": [2, 2, 3], "inflate": -0.01, "pivot": [7.51172, -0.02048, -30.23744], "rotation": [-45, 0, 0], "uv": [176, 311]},
						{"origin": [-8.25781, -2.66172, -32.5], "size": [1.5, 4, 4], "uv": [308, 104], "mirror": true},
						{"origin": [6.75781, -2.66172, -32.5], "size": [1.5, 4, 4], "uv": [308, 104]},
						{"origin": [6.51172, 0.96696, -31.62868], "size": [2, 2, 3], "pivot": [7.51172, -0.28304, -30.12868], "rotation": [-90, 0, 0], "uv": [312, 0]},
						{"origin": [6.51172, 0.7044, -31.73744], "size": [2, 2, 3], "inflate": -0.01, "pivot": [7.51172, -0.5456, -30.23744], "rotation": [-135, 0, 0], "uv": [312, 5]},
						{"origin": [6.51172, -3.90436, -32], "size": [2, 2, 3], "uv": [312, 291]},
						{"origin": [6.51172, -3.7956, -32.26256], "size": [2, 2, 3], "inflate": -0.01, "pivot": [7.51172, -0.5456, -30.76256], "rotation": [-45, 0, 0], "uv": [312, 10]},
						{"origin": [6.51172, -3.53304, -32.37132], "size": [2, 2, 3], "pivot": [7.51172, -0.28304, -30.87132], "rotation": [-90, 0, 0], "uv": [312, 70]},
						{"origin": [6.51172, -3.27048, -32.26256], "size": [2, 2, 3], "inflate": -0.01, "pivot": [7.51172, -0.02048, -30.76256], "rotation": [-135, 0, 0], "uv": [312, 65]},
						{"origin": [-8.51172, 0.96696, -31.62868], "size": [2, 2, 3], "pivot": [-7.51172, -0.28304, -30.12868], "rotation": [-90, 0, 0], "uv": [312, 0], "mirror": true},
						{"origin": [-8.51172, 0.7044, -31.73744], "size": [2, 2, 3], "inflate": -0.01, "pivot": [-7.51172, -0.5456, -30.23744], "rotation": [-135, 0, 0], "uv": [312, 5], "mirror": true},
						{"origin": [-8.51172, 1.22952, -31.73744], "size": [2, 2, 3], "inflate": -0.01, "pivot": [-7.51172, -0.02048, -30.23744], "rotation": [-45, 0, 0], "uv": [176, 311], "mirror": true},
						{"origin": [-8.51172, 1.33828, -32], "size": [2, 2, 3], "uv": [40, 312], "mirror": true},
						{"origin": [-8.51172, -3.27048, -32.26256], "size": [2, 2, 3], "inflate": -0.01, "pivot": [-7.51172, -0.02048, -30.76256], "rotation": [-135, 0, 0], "uv": [312, 65], "mirror": true},
						{"origin": [-8.51172, -3.53304, -32.37132], "size": [2, 2, 3], "pivot": [-7.51172, -0.28304, -30.87132], "rotation": [-90, 0, 0], "uv": [312, 70], "mirror": true},
						{"origin": [-8.51172, -3.7956, -32.26256], "size": [2, 2, 3], "inflate": -0.01, "pivot": [-7.51172, -0.5456, -30.76256], "rotation": [-45, 0, 0], "uv": [312, 10], "mirror": true},
						{"origin": [-8.51172, -3.90436, -32], "size": [2, 2, 3], "uv": [312, 291], "mirror": true}
					]
				},
				{
					"name": "wheels2",
					"parent": "train_base",
					"pivot": [0, -0.32512, -17.5],
					"cubes": [
						{"origin": [6.51172, 1.33828, -19], "size": [2, 2, 3], "uv": [40, 312]},
						{"origin": [6.51172, -3.27048, -19.26256], "size": [2, 2, 3], "inflate": -0.01, "pivot": [7.51172, -0.02048, -17.76256], "rotation": [-135, 0, 0], "uv": [312, 65]},
						{"origin": [6.51172, -3.53304, -19.37132], "size": [2, 2, 3], "pivot": [7.51172, -0.28304, -17.87132], "rotation": [-90, 0, 0], "uv": [312, 70]},
						{"origin": [-8.51172, 1.22952, -18.73744], "size": [2, 2, 3], "inflate": -0.01, "pivot": [-7.51172, -0.02048, -17.23744], "rotation": [-45, 0, 0], "uv": [176, 311], "mirror": true},
						{"origin": [-8.51172, 0.96696, -18.62868], "size": [2, 2, 3], "pivot": [-7.51172, -0.28304, -17.12868], "rotation": [-90, 0, 0], "uv": [312, 0], "mirror": true},
						{"origin": [-8.51172, 0.7044, -18.73744], "size": [2, 2, 3], "inflate": -0.01, "pivot": [-7.51172, -0.5456, -17.23744], "rotation": [-135, 0, 0], "uv": [312, 5], "mirror": true},
						{"origin": [6.75781, -2.66172, -19.5], "size": [1.5, 4, 4], "uv": [308, 104]},
						{"origin": [-8.51172, -3.7956, -19.26256], "size": [2, 2, 3], "inflate": -0.01, "pivot": [-7.51172, -0.5456, -17.76256], "rotation": [-45, 0, 0], "uv": [312, 10], "mirror": true},
						{"origin": [-8.25781, -2.66172, -19.5], "size": [1.5, 4, 4], "uv": [308, 104], "mirror": true},
						{"origin": [-8.51172, 1.33828, -19], "size": [2, 2, 3], "uv": [40, 312], "mirror": true},
						{"origin": [-8.51172, -3.27048, -19.26256], "size": [2, 2, 3], "inflate": -0.01, "pivot": [-7.51172, -0.02048, -17.76256], "rotation": [-135, 0, 0], "uv": [312, 65], "mirror": true},
						{"origin": [-8.51172, -3.53304, -19.37132], "size": [2, 2, 3], "pivot": [-7.51172, -0.28304, -17.87132], "rotation": [-90, 0, 0], "uv": [312, 70], "mirror": true},
						{"origin": [-8.51172, -3.90436, -19], "size": [2, 2, 3], "uv": [312, 291], "mirror": true},
						{"origin": [6.51172, -3.7956, -19.26256], "size": [2, 2, 3], "inflate": -0.01, "pivot": [7.51172, -0.5456, -17.76256], "rotation": [-45, 0, 0], "uv": [312, 10]},
						{"origin": [6.51172, -3.90436, -19], "size": [2, 2, 3], "uv": [312, 291]},
						{"origin": [6.51172, 0.7044, -18.73744], "size": [2, 2, 3], "inflate": -0.01, "pivot": [7.51172, -0.5456, -17.23744], "rotation": [-135, 0, 0], "uv": [312, 5]},
						{"origin": [6.51172, 0.96696, -18.62868], "size": [2, 2, 3], "pivot": [7.51172, -0.28304, -17.12868], "rotation": [-90, 0, 0], "uv": [312, 0]},
						{"origin": [6.51172, 1.22952, -18.73744], "size": [2, 2, 3], "inflate": -0.01, "pivot": [7.51172, -0.02048, -17.23744], "rotation": [-45, 0, 0], "uv": [176, 311]}
					]
				},
				{
					"name": "wheels3",
					"parent": "train_base",
					"pivot": [0, -0.32512, 17.5],
					"cubes": [
						{"origin": [6.51172, 1.33828, 16], "size": [2, 2, 3], "uv": [40, 312]},
						{"origin": [6.51172, -3.27048, 16.26256], "size": [2, 2, 3], "inflate": -0.01, "pivot": [7.51172, -0.02048, 17.76256], "rotation": [135, 0, 0], "uv": [312, 65]},
						{"origin": [6.75781, -2.66172, 15.5], "size": [1.5, 4, 4], "uv": [308, 104]},
						{"origin": [6.51172, 1.22952, 15.73744], "size": [2, 2, 3], "inflate": -0.01, "pivot": [7.51172, -0.02048, 17.23744], "rotation": [45, 0, 0], "uv": [176, 311]},
						{"origin": [6.51172, 0.96696, 15.62868], "size": [2, 2, 3], "pivot": [7.51172, -0.28304, 17.12868], "rotation": [90, 0, 0], "uv": [312, 0]},
						{"origin": [6.51172, 0.7044, 15.73744], "size": [2, 2, 3], "inflate": -0.01, "pivot": [7.51172, -0.5456, 17.23744], "rotation": [135, 0, 0], "uv": [312, 5]},
						{"origin": [6.51172, -3.90436, 16], "size": [2, 2, 3], "uv": [312, 291]},
						{"origin": [6.51172, -3.7956, 16.26256], "size": [2, 2, 3], "inflate": -0.01, "pivot": [7.51172, -0.5456, 17.76256], "rotation": [45, 0, 0], "uv": [312, 10]},
						{"origin": [6.51172, -3.53304, 16.37132], "size": [2, 2, 3], "pivot": [7.51172, -0.28304, 17.87132], "rotation": [90, 0, 0], "uv": [312, 70]},
						{"origin": [-8.25781, -2.66172, 15.5], "size": [1.5, 4, 4], "uv": [308, 104], "mirror": true},
						{"origin": [-8.51172, -3.53304, 16.37132], "size": [2, 2, 3], "pivot": [-7.51172, -0.28304, 17.87132], "rotation": [90, 0, 0], "uv": [312, 70], "mirror": true},
						{"origin": [-8.51172, -3.7956, 16.26256], "size": [2, 2, 3], "inflate": -0.01, "pivot": [-7.51172, -0.5456, 17.76256], "rotation": [45, 0, 0], "uv": [312, 10], "mirror": true},
						{"origin": [-8.51172, -3.90436, 16], "size": [2, 2, 3], "uv": [312, 291], "mirror": true},
						{"origin": [-8.51172, 0.7044, 15.73744], "size": [2, 2, 3], "inflate": -0.01, "pivot": [-7.51172, -0.5456, 17.23744], "rotation": [135, 0, 0], "uv": [312, 5], "mirror": true},
						{"origin": [-8.51172, 0.96696, 15.62868], "size": [2, 2, 3], "pivot": [-7.51172, -0.28304, 17.12868], "rotation": [90, 0, 0], "uv": [312, 0], "mirror": true},
						{"origin": [-8.51172, 1.22952, 15.73744], "size": [2, 2, 3], "inflate": -0.01, "pivot": [-7.51172, -0.02048, 17.23744], "rotation": [45, 0, 0], "uv": [176, 311], "mirror": true},
						{"origin": [-8.51172, 1.33828, 16], "size": [2, 2, 3], "uv": [40, 312], "mirror": true},
						{"origin": [-8.51172, -3.27048, 16.26256], "size": [2, 2, 3], "inflate": -0.01, "pivot": [-7.51172, -0.02048, 17.76256], "rotation": [135, 0, 0], "uv": [312, 65], "mirror": true}
					]
				},
				{
					"name": "wheels4",
					"parent": "train_base",
					"pivot": [0, -0.32512, 30.5],
					"cubes": [
						{"origin": [6.51172, 1.22952, 28.73744], "size": [2, 2, 3], "inflate": -0.01, "pivot": [7.51172, -0.02048, 30.23744], "rotation": [45, 0, 0], "uv": [176, 311]},
						{"origin": [6.51172, 1.33828, 29], "size": [2, 2, 3], "uv": [40, 312]},
						{"origin": [6.51172, -3.27048, 29.26256], "size": [2, 2, 3], "inflate": -0.01, "pivot": [7.51172, -0.02048, 30.76256], "rotation": [135, 0, 0], "uv": [312, 65]},
						{"origin": [6.51172, -3.7956, 29.26256], "size": [2, 2, 3], "inflate": -0.01, "pivot": [7.51172, -0.5456, 30.76256], "rotation": [45, 0, 0], "uv": [312, 10]},
						{"origin": [6.51172, -3.53304, 29.37132], "size": [2, 2, 3], "pivot": [7.51172, -0.28304, 30.87132], "rotation": [90, 0, 0], "uv": [312, 70]},
						{"origin": [6.75781, -2.66172, 28.5], "size": [1.5, 4, 4], "uv": [308, 104]},
						{"origin": [6.51172, 0.7044, 28.73744], "size": [2, 2, 3], "inflate": -0.01, "pivot": [7.51172, -0.5456, 30.23744], "rotation": [135, 0, 0], "uv": [312, 5]},
						{"origin": [6.51172, 0.96696, 28.62868], "size": [2, 2, 3], "pivot": [7.51172, -0.28304, 30.12868], "rotation": [90, 0, 0], "uv": [312, 0]},
						{"origin": [6.51172, -3.90436, 29], "size": [2, 2, 3], "uv": [312, 291]},
						{"origin": [-8.25781, -2.66172, 28.5], "size": [1.5, 4, 4], "uv": [308, 104], "mirror": true},
						{"origin": [-8.51172, -3.7956, 29.26256], "size": [2, 2, 3], "inflate": -0.01, "pivot": [-7.51172, -0.5456, 30.76256], "rotation": [45, 0, 0], "uv": [312, 10], "mirror": true},
						{"origin": [-8.51172, -3.53304, 29.37132], "size": [2, 2, 3], "pivot": [-7.51172, -0.28304, 30.87132], "rotation": [90, 0, 0], "uv": [312, 70], "mirror": true},
						{"origin": [-8.51172, -3.27048, 29.26256], "size": [2, 2, 3], "inflate": -0.01, "pivot": [-7.51172, -0.02048, 30.76256], "rotation": [135, 0, 0], "uv": [312, 65], "mirror": true},
						{"origin": [-8.51172, 1.33828, 29], "size": [2, 2, 3], "uv": [40, 312], "mirror": true},
						{"origin": [-8.51172, 1.22952, 28.73744], "size": [2, 2, 3], "inflate": -0.01, "pivot": [-7.51172, -0.02048, 30.23744], "rotation": [45, 0, 0], "uv": [176, 311], "mirror": true},
						{"origin": [-8.51172, 0.96696, 28.62868], "size": [2, 2, 3], "pivot": [-7.51172, -0.28304, 30.12868], "rotation": [90, 0, 0], "uv": [312, 0], "mirror": true},
						{"origin": [-8.51172, 0.7044, 28.73744], "size": [2, 2, 3], "inflate": -0.01, "pivot": [-7.51172, -0.5456, 30.23744], "rotation": [135, 0, 0], "uv": [312, 5], "mirror": true},
						{"origin": [-8.51172, -3.90436, 29], "size": [2, 2, 3], "uv": [312, 291], "mirror": true}
					]
				},
				{
					"name": "train_main",
					"parent": "train",
					"pivot": [0, -3.9, 0],
					"cubes": [
						{"origin": [10.5, 8.1, -32.5], "size": [1, 6, 8], "uv": [111, 325]},
						{"origin": [10.5, 14.1, -32.5], "size": [1, 13, 2], "uv": [200, 308]},
						{"origin": [10.5, 24.1, -30.5], "size": [1, 3, 4], "uv": [316, 234]},
						{"origin": [10.5, 14.1, -26.5], "size": [1, 13, 2], "uv": [206, 308]},
						{"origin": [-11.5, 14.1, -32.5], "size": [1, 13, 2], "uv": [200, 308], "mirror": true},
						{"origin": [-11.5, 8.1, -32.5], "size": [1, 6, 8], "uv": [111, 325], "mirror": true},
						{"origin": [-11.5, 14.1, -26.5], "size": [1, 13, 2], "uv": [206, 308], "mirror": true},
						{"origin": [-11.5, 24.1, -30.5], "size": [1, 3, 4], "uv": [316, 234], "mirror": true},
						{"origin": [-11.5, 4.1, 26.5], "size": [1, 10, 13], "uv": [64, 266]},
						{"origin": [-11.5, 24.1, 26.5], "size": [1, 2, 13], "uv": [198, 280]},
						{"origin": [-11.5, 14.1, 24.5], "size": [1, 12, 2], "uv": [114, 307]},
						{"origin": [-10.5, 5.1, 11.5], "size": [7, 2, 28], "uv": [0, 225]},
						{"origin": [-10.5, 7.1, 11.5], "size": [1, 5, 28], "uv": [128, 225]},
						{"origin": [-10.5, 4.1, 10.5], "size": [6, 10, 1], "uv": [260, 302]},
						{"origin": [-4.5, 4.1, 10.5], "size": [1, 24, 1], "uv": [220, 295]},
						{"origin": [-4.5, 4.1, -8.5], "size": [1, 24, 1], "uv": [212, 295]},
						{"origin": [-10.5, 5.1, -21.5], "size": [7, 2, 13], "uv": [260, 180]},
						{"origin": [-10.5, 7.1, -21.5], "size": [1, 5, 13], "uv": [260, 277]},
						{"origin": [-10.5, 4.1, -8.5], "size": [6, 10, 1], "uv": [234, 302]},
						{"origin": [9.5, 7.1, -21.5], "size": [1, 5, 13], "uv": [276, 59]},
						{"origin": [3.5, 5.1, -21.5], "size": [7, 2, 13], "uv": [260, 165]},
						{"origin": [3.5, 5.1, 11.5], "size": [7, 2, 28], "uv": [204, 28]},
						{"origin": [9.5, 7.1, 11.5], "size": [1, 5, 28], "uv": [70, 225]},
						{"origin": [-11.5, 4.1, 9.5], "size": [1, 10, 17], "uv": [0, 255]},
						{"origin": [-11.5, 24.1, 11.5], "size": [1, 2, 13], "uv": [280, 122]},
						{"origin": [-11.5, 14.1, 9.5], "size": [1, 12, 2], "uv": [108, 307]},
						{"origin": [-11.5, 14.1, -8.5], "size": [1, 12, 2], "uv": [102, 307]},
						{
							"origin": [-12.5, 8.1, -23.5],
							"size": [1, 9, 1],
							"uv": {
								"east": {"uv": [152, 308], "uv_size": [1, 9]},
								"up": {"uv": [153, 307], "uv_size": [1, 1]},
								"down": {"uv": [154, 308], "uv_size": [1, -1]}
							}
						},
						{"origin": [-11.5, 24.1, -21.5], "size": [1, 2, 13], "uv": [280, 107]},
						{"origin": [-11.5, 26.1, -24.5], "size": [1, 3, 64], "uv": [130, 158]},
						{"origin": [-11.5, 27.1, -36.5], "size": [1, 2, 12], "uv": [226, 288]},
						{"origin": [-11.5, 14.1, -24.5], "size": [1, 12, 3], "uv": [16, 305]},
						{"origin": [-11.5, 4.1, -26.5], "size": [1, 4, 2], "uv": [86, 313]},
						{"origin": [3.5, 4.1, -8.5], "size": [1, 24, 1], "uv": [256, 288]},
						{"origin": [4.5, 4.1, -8.5], "size": [6, 10, 1], "uv": [300, 253]},
						{"origin": [3.5, 4.1, 10.5], "size": [1, 24, 1], "uv": [252, 288]},
						{"origin": [4.5, 4.1, 10.5], "size": [6, 10, 1], "uv": [300, 201]},
						{"origin": [-11.5, 4.1, -24.5], "size": [1, 10, 18], "uv": [186, 250]},
						{"origin": [-11.5, 6.1, -30.5], "size": [1, 2, 4], "uv": [310, 190]},
						{
							"origin": [-12.5, 8.1, -34.5],
							"size": [1, 9, 1],
							"uv": {
								"east": {"uv": [152, 308], "uv_size": [1, 9]},
								"up": {"uv": [153, 307], "uv_size": [1, 1]},
								"down": {"uv": [154, 308], "uv_size": [1, -1]}
							}
						},
						{"origin": [-11.5, 8.1, -37.5], "size": [1, 19, 5], "uv": [90, 289]},
						{"origin": [-11.5, 4.1, -39.5], "size": [1, 4, 9], "uv": [192, 295]},
						{"origin": [-11.5, 8.1, -39.5], "size": [1, 14, 2], "uv": [24, 306]},
						{"origin": [10.5, 4.1, 26.5], "size": [1, 10, 13], "uv": [36, 266]},
						{"origin": [10.5, 24.1, 26.5], "size": [1, 2, 13], "uv": [280, 92]},
						{"origin": [10.5, 14.1, 24.5], "size": [1, 12, 2], "uv": [306, 305]},
						{"origin": [10.5, 14.1, 9.5], "size": [1, 12, 2], "uv": [306, 291]},
						{"origin": [10.5, 4.1, 9.5], "size": [1, 10, 17], "uv": [224, 253]},
						{"origin": [10.5, 24.1, 11.5], "size": [1, 2, 13], "uv": [280, 77]},
						{"origin": [10.5, 14.1, -8.5], "size": [1, 12, 2], "uv": [30, 306]},
						{"origin": [10.5, 24.1, -21.5], "size": [1, 2, 13], "uv": [170, 278]},
						{"origin": [-10.5, 4.1, -22.5], "size": [21, 24, 1], "uv": [186, 225]},
						{"origin": [10.5, 14.1, -24.5], "size": [1, 12, 3], "uv": [8, 305]},
						{"origin": [10.5, 27.1, -36.5], "size": [1, 2, 12], "uv": [0, 282]},
						{"origin": [10.5, 26.1, -24.5], "size": [1, 3, 64], "uv": [0, 158]},
						{"origin": [-11.5, 12.1, -40.5], "size": [1, 3, 1], "uv": [256, 313]},
						{"origin": [10.5, 12.1, -40.5], "size": [1, 3, 1], "uv": [252, 313]},
						{"origin": [10.5, 8.1, -39.5], "size": [1, 14, 2], "uv": [274, 302]},
						{
							"origin": [11.5, 8.1, -23.5],
							"size": [1, 9, 1],
							"uv": {
								"west": {"uv": [52, 298], "uv_size": [1, 9]},
								"up": {"uv": [51, 297], "uv_size": [1, 1]},
								"down": {"uv": [52, 298], "uv_size": [1, -1]}
							}
						},
						{
							"origin": [11.5, 8.1, -34.5],
							"size": [1, 9, 1],
							"uv": {
								"west": {"uv": [52, 298], "uv_size": [1, 9]},
								"up": {"uv": [51, 297], "uv_size": [1, 1]},
								"down": {"uv": [52, 298], "uv_size": [1, -1]}
							}
						},
						{"origin": [10.5, 8.1, -37.5], "size": [1, 19, 5], "uv": [78, 289]},
						{"origin": [10.5, 6.1, -30.5], "size": [1, 2, 4], "uv": [26, 282]},
						{"origin": [10.5, 4.1, -26.5], "size": [1, 4, 2], "uv": [186, 311]},
						{"origin": [10.5, 4.1, -39.5], "size": [1, 4, 9], "uv": [294, 217]},
						{"origin": [10.5, 4.1, -24.5], "size": [1, 10, 18], "uv": [230, 225]},
						{"origin": [-11.5, 7.1, 39.5], "size": [4, 22, 2], "uv": [66, 289]},
						{"origin": [-0.5, 14.1, 39.5], "size": [1, 10, 1], "uv": [50, 311]},
						{"origin": [-7.5, 14.1, 39.5], "size": [2, 10, 1], "uv": [308, 123]},
						{"origin": [5.5, 14.1, 39.5], "size": [2, 10, 1], "uv": [308, 112]},
						{"origin": [-7.5, 24.1, 39.5], "size": [15, 2, 1], "uv": [36, 255]},
						{"origin": [-7.5, 7.1, 39.5], "size": [15, 7, 1], "uv": [226, 280]},
						{"origin": [-7.5, 26.1, 39.5], "size": [15, 3, 2], "uv": [280, 139]},
						{"origin": [7.5, 7.1, 39.5], "size": [4, 22, 2], "uv": [54, 289]},
						{"origin": [-11.5, 3.1, 39.5], "size": [23, 4, 2], "uv": [260, 159]},
						{"origin": [-10.5, 4.1, -42.5], "size": [5, 3, 1], "uv": [310, 186]},
						{"origin": [5.5, 4.1, -42.5], "size": [5, 3, 1], "uv": [298, 273]},
						{"origin": [4.5, 3.1, -41.5], "size": [7, 4, 2], "uv": [304, 59]},
						{"origin": [10.26012, 0.75257, 38.5], "size": [1, 3, 3], "inflate": -0.02, "uv": [54, 313]},
						{"origin": [6.5, -2.9, 38.5], "size": [6, 4, 2.9], "inflate": -0.01, "pivot": [6.5, -2.9, 41.5], "rotation": [0, 0, -37.5], "uv": [301, 180]},
						{"origin": [-6.5, -2.9, 38.5], "size": [13, 4, 3], "uv": [288, 284]},
						{"origin": [-12.5, -2.9, 38.5], "size": [6, 4, 2.9], "inflate": -0.01, "pivot": [-6.5, -2.9, 41.5], "rotation": [0, 0, 37.5], "uv": [301, 173]},
						{"origin": [-11.5, 1.1, 38.5], "size": [23, 2, 3], "uv": [196, 152]},
						{"origin": [6.5, -2.9, -41.4], "size": [6, 4, 3], "inflate": -0.01, "pivot": [6.5, -2.9, -41.4], "rotation": [0, 0, -37.5], "uv": [300, 165]},
						{"origin": [-11.26012, 0.75257, -41.5], "size": [1, 3, 3], "inflate": -0.02, "uv": [312, 308]},
						{"origin": [10.26012, 0.75257, -41.5], "size": [1, 3, 3], "inflate": -0.02, "uv": [312, 302]},
						{"origin": [-12.5, -2.9, -41.4], "size": [6, 4, 3], "inflate": -0.01, "pivot": [-6.5, -2.9, -41.4], "rotation": [0, 0, 37.5], "uv": [300, 41]},
						{"origin": [-6.5, -2.9, -41.5], "size": [13, 4, 3], "uv": [288, 277]},
						{"origin": [-11.5, 3.1, -41.5], "size": [7, 4, 2], "uv": [302, 15]},
						{"origin": [-2.5, 2.1, -43.5], "size": [5, 4, 1], "uv": [248, 152]},
						{"origin": [-2.5, 5.1, -42.5], "size": [5, 1, 2], "uv": [170, 275]},
						{"origin": [-3.5, 2.1, -42.5], "size": [7, 3, 2], "uv": [300, 212]},
						{"origin": [-4.5, 1.1, -40.5], "size": [9, 6, 1], "uv": [260, 295]},
						{"origin": [-8.5, 12.1, -38.5], "size": [3, 1, 3], "pivot": [0, 12.1, -39.5], "rotation": [-22.5, 0, 0], "uv": [156, 289]},
						{"origin": [-10.5, 9.1, -39.5], "size": [21, 3, 5], "pivot": [0, 12.1, -39.5], "rotation": [-22.5, 0, 0], "uv": [196, 144]},
						{"origin": [-11.5, 7.1, -41.5], "size": [23, 5, 2], "uv": [260, 152]},
						{"origin": [-11.5, 25.84771, -38.58364], "size": [2, 4, 2], "inflate": 0.01, "pivot": [0, 25.84771, -38.58364], "rotation": [-32.5, 0, 0], "uv": [312, 296]},
						{"origin": [-9.5, 27.84771, -38.58364], "size": [19, 2, 2], "pivot": [0, 25.84771, -38.58364], "rotation": [-32.5, 0, 0], "uv": [276, 55]},
						{"origin": [9.5, 25.84771, -38.58364], "size": [2, 4, 2], "inflate": 0.01, "pivot": [0, 25.84771, -38.58364], "rotation": [-32.5, 0, 0], "uv": [260, 217]},
						{"origin": [9.5, 10.1, -42.5], "size": [2, 16, 2], "inflate": 0.02, "pivot": [0, 11.1, -41.5], "rotation": [-15, 0, 0], "uv": [0, 296]},
						{"origin": [-1.5, 11.53185, -41.98236], "size": [3, 3, 2], "inflate": -0.02, "pivot": [0, 13.03185, -40.98236], "rotation": [-10.7286, -10.5453, -44.007], "uv": [166, 311]},
						{"origin": [-9.5, 10.1, -42.5], "size": [19, 3, 2], "pivot": [2, 11.1, -41.5], "rotation": [-15, 0, 0], "uv": [268, 240]},
						{"origin": [-11.5, 10.1, -42.5], "size": [2, 16, 2], "inflate": 0.02, "pivot": [0, 11.1, -41.5], "rotation": [-15, 0, 0], "uv": [280, 295]},
						{"origin": [7.5, 13.1, -42.5], "size": [2, 2, 2], "pivot": [0, 11.1, -41.5], "rotation": [-15, 0, 0], "uv": [78, 313]},
						{"origin": [-9.5, 13.1, -42.5], "size": [2, 2, 2], "pivot": [0, 11.1, -41.5], "rotation": [-15, 0, 0], "uv": [310, 273]},
						{"origin": [4.5, 1.1, -41.5], "size": [7, 2, 3], "uv": [300, 36]},
						{"origin": [-11.5, 1.1, -41.5], "size": [7, 2, 3], "uv": [298, 144]},
						{"origin": [-3.5, 4, -30.5], "size": [7, 1, 7], "uv": [26, 289]},
						{"origin": [-3.5, 4, -23.5], "size": [7, 8, 1], "uv": [170, 266]},
						{"origin": [-11.5, 3.1, -39.5], "size": [23, 1, 79], "uv": [0, 0]},
						{"origin": [-10.5, 29.1, -36.5], "size": [21, 1, 76], "uv": [1, 81]},
						{"origin": [-10.5, 28.1, -36.5], "size": [21, 1, 76], "uv": [1, 81]}
					]
				},
				{
					"name": "whistle",
					"parent": "train_main",
					"pivot": [-4.2, 12.6, -4.7],
					"cubes": [
						{"origin": [3, 26.6, -34.4], "size": [0.5, 3, 0.5], "uv": [506, 8]},
						{"origin": [2.8, 25.6, -34.7], "size": [1, 1, 1], "uv": [508, 16]}
					]
				},
				{
					"name": "bell",
					"parent": "train_main",
					"pivot": [0.7, 13.6, -4.7],
					"cubes": [
						{"origin": [6, 26.6, -27.4], "size": [0.5, 3, 0.5], "uv": [505, 6]},
						{"origin": [5.8, 25.6, -27.7], "size": [1, 1, 1], "uv": [508, 14]}
					]
				},
				{
					"name": "window",
					"parent": "train_main",
					"pivot": [0, 26.12619, -38.46111],
					"cubes": [
						{"origin": [11.3, 4.1, -30.5], "size": [0, 2, 4], "uv": [62, 313]},
						{"origin": [-11.3, 4.1, -30.5], "size": [0, 2, 4], "uv": [70, 313]},
						{"origin": [5.8, 27.1, -27.7], "size": [1, 1, 1], "uv": [508, 18]},
						{"origin": [2.8, 27.1, -34.7], "size": [1, 1, 1], "uv": [508, 18]},
						{"origin": [11, 14.1, -21.5], "size": [0, 10, 13], "uv": [92, 266]},
						{"origin": [11, 14.1, -30.5], "size": [0, 10, 4], "uv": [291, 55]},
						{"origin": [11, 14.1, 26.5], "size": [0, 10, 13], "uv": [144, 266]},
						{"origin": [11, 14.1, 11.5], "size": [0, 10, 13], "uv": [118, 266]},
						{"origin": [-5.5, 14.1, 40], "size": [11, 10, 0], "uv": [294, 230]},
						{"origin": [-11, 14.1, 26.5], "size": [0, 10, 13], "uv": [276, 0]},
						{"origin": [-11, 14.1, 11.5], "size": [0, 10, 13], "uv": [274, 28]},
						{"origin": [-11, 14.1, -21.5], "size": [0, 10, 13], "uv": [268, 217]},
						{"origin": [-11, 14.1, -30.5], "size": [0, 10, 4], "uv": [291, 55], "mirror": true},
						{"origin": [-9.5, 13.1, -41.5], "size": [19, 13, 0], "pivot": [0, 11.1, -41.5], "rotation": [-15, 0, 0], "uv": [260, 264]},
						{"origin": [-9.5, 26.12619, -37.46111], "size": [19, 2, 0], "pivot": [0, 26.12619, -38.46111], "rotation": [-32.5, 0, 0], "uv": [280, 137]}
					]
				},
				{
					"name": "dial_case",
					"parent": "window",
					"pivot": [1.5, 10.9, -37.2],
					"rotation": [-21, 0, 0],
					"cubes": [
						{"origin": [-3.6, 10.9, -38.8], "size": [6.2, 2, 4], "uv": [468, 0]},
						{"origin": [-3.6, 12.9, -35.8], "size": [6.2, 1, 1], "uv": [463, 8]}
					]
				},
				{
					"name": "dial",
					"parent": "dial_case",
					"pivot": [-0.5, 13, -31.3],
					"cubes": [
						{
							"origin": [-0.7, 13, -37.3],
							"size": [0.4, 0, 2],
							"pivot": [-0.5, 13, -31.3],
							"rotation": [0, -20, 0],
							"uv": {
								"down": {"uv": [462, 1], "uv_size": [1, -1]}
							}
						}
					]
				},
				{
					"name": "lit",
					"parent": "window",
					"pivot": [7, 11.5, -36.5],
					"rotation": [65, 0, 0],
					"cubes": [
						{"origin": [5.5, 9.5, -37], "size": [3, 5, 1], "uv": [480, 10]}
					]
				},
				{
					"name": "lights",
					"parent": "lit",
					"pivot": [2, 0, 0],
					"cubes": [
						{"origin": [6.5, 10.5, -36], "size": [1, 2, 1], "uv": [506, 10]}
					]
				},
				{
					"name": "door2",
					"parent": "train_main",
					"pivot": [0, -3.9, 0]
				},
				{
					"name": "door_half3",
					"parent": "door2",
					"pivot": [-11, 18.7, 5.2],
					"cubes": [
						{"origin": [-11.5, 14.1, 1.5], "size": [1, 12, 1], "uv": [314, 149]},
						{"origin": [-11.5, 24.1, 2.5], "size": [1, 2, 5], "uv": [308, 97]},
						{"origin": [-11.5, 14.1, 7.5], "size": [1, 12, 2], "uv": [318, 148]},
						{"origin": [-11.5, 4.1, 1.5], "size": [1, 10, 8], "uv": [174, 293]}
					]
				},
				{
					"name": "door_win3",
					"parent": "door_half3",
					"pivot": [-11, 18.7, 5.2],
					"cubes": [
						{"origin": [-11, 14.1, 2.5], "size": [0, 10, 5], "uv": [224, 302]}
					]
				},
				{
					"name": "door_half4",
					"parent": "door2",
					"pivot": [-11, 18.7, -2.2],
					"cubes": [
						{"origin": [-11.5, 14.1, 0.5], "size": [1, 12, 1], "uv": [314, 149]},
						{"origin": [-11.5, 24.1, -4.5], "size": [1, 2, 5], "uv": [308, 90]},
						{"origin": [-11.5, 14.1, -6.5], "size": [1, 12, 2], "uv": [318, 148]},
						{"origin": [-11.5, 4.1, -6.5], "size": [1, 10, 8], "uv": [156, 293]}
					]
				},
				{
					"name": "door_win4",
					"parent": "door_half4",
					"pivot": [0, -3.9, 0],
					"cubes": [
						{"origin": [-11, 14.1, -4.5], "size": [0, 10, 5], "uv": [302, 0]}
					]
				},
				{
					"name": "door1",
					"parent": "train_main",
					"pivot": [0, -3.9, 0]
				},
				{
					"name": "door_half1",
					"parent": "door1",
					"pivot": [11, 18.7, -2.2],
					"cubes": [
						{"origin": [10.5, 4.1, -6.5], "size": [1, 10, 8], "uv": [102, 289]},
						{"origin": [10.5, 14.1, -6.5], "size": [1, 12, 2], "uv": [324, 148]},
						{"origin": [10.5, 24.1, -4.5], "size": [1, 2, 5], "uv": [308, 76]},
						{"origin": [10.5, 14.1, 0.5], "size": [1, 12, 1], "uv": [314, 149]}
					]
				},
				{
					"name": "door_win1",
					"parent": "door_half1",
					"pivot": [11, 18.7, -2.2],
					"cubes": [
						{"origin": [11, 14.1, -4.5], "size": [0, 10, 5], "uv": [40, 297]}
					]
				},
				{
					"name": "door_half2",
					"parent": "door1",
					"pivot": [11, 18.7, 5.2],
					"cubes": [
						{"origin": [10.5, 4.1, 1.5], "size": [1, 10, 8], "uv": [138, 289]},
						{"origin": [10.5, 14.1, 1.5], "size": [1, 12, 1], "uv": [314, 149]},
						{"origin": [10.5, 24.1, 2.5], "size": [1, 2, 5], "uv": [308, 83]},
						{"origin": [10.5, 14.1, 7.5], "size": [1, 12, 2], "uv": [324, 148]}
					]
				},
				{
					"name": "door_win2",
					"parent": "door_half2",
					"pivot": [11, 18.7, 5.2],
					"cubes": [
						{"origin": [11, 14.1, 2.5], "size": [0, 10, 5], "uv": [300, 186]}
					]
				},
				{
					"name": "speed",
					"parent": "train_main",
					"pivot": [-7, 11.60523, -36.99896],
					"rotation": [-50, 0, 0],
					"cubes": [
						{"origin": [-7.5, 11.10523, -37.49896], "size": [1, 5, 1], "pivot": [-7, 11.60523, -36.99896], "rotation": [-22.5, 0, 0], "uv": [92, 313]},
						{"origin": [-7.5, 15.10523, -37.49896], "size": [1, 2, 1], "inflate": 0.2, "pivot": [-7, 11.60523, -36.99896], "rotation": [-22.5, 0, 0], "uv": [92, 319]}
					]
				},
				{
					"name": "train_hook",
					"parent": "train",
					"pivot": [0, -3.9, 0],
					"cubes": [
						{"origin": [-1, 5.1, 41.5], "size": [2, 1, 2], "uv": [310, 48]},
						{"origin": [-2, 5.1, 43.5], "size": [4, 1, 1], "uv": [198, 278]},
						{"origin": [-2, 5.1, 46.5], "size": [4, 1, 1], "uv": [208, 278]},
						{"origin": [1, 5.1, 44.5], "size": [1, 1, 2], "uv": [224, 250]},
						{"origin": [-2, 5.1, 44.5], "size": [1, 1, 2], "uv": [96, 313]},
						{"origin": [-1, 5.1, 43.5], "size": [1, 1, 4], "pivot": [0, 5.6, 45.5], "rotation": [-90, 0, 90], "uv": [310, 196]},
						{"origin": [-1, 5.1, 42.5], "size": [4, 1, 1], "pivot": [0, 5.6, 45.5], "rotation": [-90, 0, 90], "uv": [298, 149]},
						{"origin": [2, 5.1, 43.5], "size": [1, 1, 4], "pivot": [0, 5.6, 45.5], "rotation": [-90, 0, 90], "uv": [156, 311]},
						{"origin": [-1, 5.1, 47.5], "size": [4, 1, 1], "pivot": [0, 5.6, 45.5], "rotation": [-90, 0, 90], "uv": [300, 48]},
						{"origin": [-1, 3.1, 41.5], "size": [2, 1, 2], "uv": [310, 162]},
						{"origin": [-2, 3.1, 43.5], "size": [4, 1, 1], "uv": [302, 21]},
						{"origin": [-2, 3.1, 46.5], "size": [4, 1, 1], "uv": [308, 134]},
						{"origin": [1, 3.1, 44.5], "size": [1, 1, 2], "uv": [234, 313]},
						{"origin": [-2, 3.1, 44.5], "size": [1, 1, 2], "uv": [240, 313]}
					]
				}
			]
		}
	]
}