{
	"format_version": "1.12.0",
	"minecraft:geometry": [
		{
			"description": {
				"identifier": "geometry.lb_ta_train_quarry",
				"texture_width": 512,
				"texture_height": 512,
				"visible_bounds_width": 9,
				"visible_bounds_height": 4,
				"visible_bounds_offset": [0, 1, 0]
			},
			"bones": [
				{
					"name": "train",
					"pivot": [0.03853, 10.40055, 2.25047],
					"cubes": [
						{"origin": [9.5, -1.4, -3], "size": [1, 5, 2], "uv": [74, 212]},
						{"origin": [-10.5, -1.4, -3], "size": [1, 5, 2], "uv": [100, 251]},
						{"origin": [-9.5, -1.4, -3], "size": [19, 1, 2], "uv": [132, 110]},
						{"origin": [-5.5, -0.4, -30], "size": [11, 4, 55], "uv": [0, 59]},
						{"origin": [7.5, 2.6, -24], "size": [1, 1, 47], "uv": [0, 118]},
						{"origin": [7.5, 0.6, 20], "size": [1, 2, 3], "uv": [172, 256]},
						{"origin": [7.5, 0.6, -24], "size": [1, 2, 3], "uv": [256, 196]},
						{"origin": [7.5, 0.6, -16], "size": [1, 2, 10], "uv": [40, 239]},
						{"origin": [-8.5, 0.6, -24], "size": [1, 2, 3], "uv": [256, 201]},
						{"origin": [-8.5, 2.6, -24], "size": [1, 1, 47], "uv": [162, 0]},
						{"origin": [-8.5, 0.6, 20], "size": [1, 2, 3], "uv": [200, 256]},
						{"origin": [5.5, -0.4, 22], "size": [2, 4, 1], "uv": [258, 3]},
						{"origin": [-7.5, -0.4, 22], "size": [2, 4, 1], "uv": [8, 258]},
						{"origin": [5.5, -0.4, 23], "size": [5, 1, 4], "uv": [46, 215]},
						{"origin": [5.5, 0.6, 23], "size": [1, 3, 4], "uv": [40, 251]},
						{"origin": [-10.5, -0.4, 23], "size": [5, 1, 4], "uv": [126, 220]},
						{"origin": [-6.5, 0.6, 23], "size": [1, 3, 4], "uv": [50, 251]}
					]
				},
				{
					"name": "speed",
					"parent": "train",
					"pivot": [-6.5, 6.1, 12.5],
					"rotation": [-30, 0, 0],
					"cubes": [
						{"origin": [-8, 12.6, 12], "size": [2, 4, 2], "uv": [6, 14]},
						{"origin": [-7.5, 5.6, 12.5], "size": [1, 9, 1], "uv": [26, 1]}
					]
				},
				{
					"name": "train_main",
					"parent": "train",
					"pivot": [0.04169, -3.41908, -0.06916],
					"cubes": [
						{"origin": [-11.5, 3.6, -31], "size": [23, 1, 58], "uv": [0, 0]},
						{"origin": [2, 5.6, 30], "size": [1, 1, 4], "pivot": [0, 6.1, 32], "rotation": [-90, 0, 90], "uv": [90, 251]},
						{"origin": [-2, 3.6, 31], "size": [1, 1, 2], "uv": [258, 21]},
						{"origin": [-2, 3.6, 33], "size": [4, 1, 1], "uv": [246, 196]},
						{"origin": [1, 3.6, 31], "size": [1, 1, 2], "uv": [20, 258]},
						{"origin": [-1, 3.6, 28], "size": [2, 1, 2], "uv": [136, 257]},
						{"origin": [-2, 3.6, 30], "size": [4, 1, 1], "uv": [236, 196]},
						{"origin": [9.5, -1.4, 27], "size": [2, 5, 1], "uv": [141, 260]},
						{"origin": [6.5, 3.6, 27], "size": [5, 1, 1], "uv": [192, 164]},
						{"origin": [6.5, -1.4, 27], "size": [3, 2, 1], "uv": [156, 196]},
						{"origin": [2.5, -1.4, 27], "size": [4, 4, 1], "uv": [204, 152]},
						{"origin": [-9.5, -1.4, 27], "size": [3, 2, 1], "uv": [256, 224]},
						{"origin": [-6.5, -1.4, 27], "size": [4, 4, 1], "uv": [216, 152]},
						{"origin": [-11.5, 3.6, 27], "size": [5, 1, 1], "uv": [144, 196]},
						{"origin": [-6.5, 2.6, 27], "size": [13, 2, 1], "uv": [162, 55]},
						{"origin": [-11.5, -1.4, 27], "size": [2, 5, 1], "uv": [130, 257]},
						{"origin": [2.5, -1.4, -31], "size": [4, 4, 1], "uv": [70, 251]},
						{"origin": [6.5, -1.4, -31], "size": [3, 2, 1], "uv": [122, 257]},
						{"origin": [9.5, -1.4, -31], "size": [2, 5, 1], "uv": [214, 256]},
						{"origin": [-9.5, -1.4, -31], "size": [3, 2, 1], "uv": [168, 113]},
						{"origin": [-11.5, -1.4, -31], "size": [2, 5, 1], "uv": [256, 212]},
						{"origin": [-6.5, -1.4, -31], "size": [4, 4, 1], "uv": [60, 251]},
						{"origin": [-6.5, 2.6, -31], "size": [13, 1, 1], "uv": [132, 116]},
						{"origin": [-10.5, 29.6, 8], "size": [21, 1, 21], "uv": [80, 166]},
						{"origin": [-2.5, 22.6, 9], "size": [5, 5, 1], "uv": [246, 233]},
						{"origin": [-0.5, 20.6, 7], "size": [1, 8, 1], "uv": [74, 201]},
						{"origin": [-0.3, 28.6, 7.2], "size": [0.6, 3, 0.6], "uv": [75, 202]},
						{"origin": [-0.5, 20.6, 8], "size": [1, 1, 1], "uv": [258, 192]},
						{"origin": [-0.5, 20.6, 10], "size": [1, 1, 1], "uv": [258, 194]},
						{"origin": [-1.5, 20.6, -28], "size": [3, 4, 3], "uv": [63, 16]},
						{"origin": [-1, 25.6, -27], "size": [2, 1, 1], "uv": [68, 8]},
						{"origin": [0.5, 24.6, -27], "size": [0.5, 1, 1], "uv": [66, 5]},
						{"origin": [-4.98187, 5.65, 12.5], "size": [2, 1, 1], "pivot": [-4.48187, 5.9, 12.77797], "rotation": [0, 0, -180], "uv": [74, 20]},
						{"origin": [-1, 24.6, -27], "size": [0.5, 1, 1], "uv": [74, 6]},
						{"origin": [-0.5, 20.6, 11], "size": [1, 1, 1], "uv": [258, 194]},
						{"origin": [-0.5, 27.925, 7], "size": [1, 1, 1], "inflate": 0.2, "uv": [230, 251]},
						{"origin": [-0.5, 29.6, 7], "size": [1, 2, 1], "inflate": 0.2, "uv": [230, 251]},
						{"origin": [-0.5, 25.6, 8], "size": [1, 1, 1], "uv": [258, 188]},
						{"origin": [-0.5, 25.6, 7], "size": [1, 1, 1], "inflate": 0.2, "uv": [258, 190]},
						{"origin": [-10.5, 27.6, 9], "size": [21, 2, 1], "uv": [132, 107]},
						{"origin": [-10.5, 4.6, 9], "size": [21, 18, 1], "uv": [46, 220]},
						{"origin": [9.75, 7.6, 12], "size": [1, 3, 4], "uv": [180, 248]},
						{"origin": [-10.75, 7.6, 12], "size": [1, 3, 4], "uv": [190, 248]},
						{"origin": [-10.5, 22.6, 9], "size": [3, 5, 1], "uv": [256, 127]},
						{"origin": [7.5, 22.6, 9], "size": [3, 5, 1], "uv": [256, 133]},
						{"origin": [-8.5, 4.6, 27], "size": [17, 18, 1], "uv": [90, 220]},
						{"origin": [-1.5, 22.6, 27], "size": [3, 5, 1], "uv": [154, 256]},
						{"origin": [-8.5, 22.6, 27], "size": [2, 5, 1], "uv": [256, 206]},
						{"origin": [-8.5, 27.6, 27], "size": [17, 2, 1], "uv": [132, 113]},
						{"origin": [6.5, 22.6, 27], "size": [2, 5, 1], "uv": [208, 256]},
						{"origin": [9.5, 4.6, 27], "size": [1, 25, 1], "uv": [106, 239]},
						{"origin": [8.5, 14.6, 27], "size": [1, 1, 1], "uv": [40, 258]},
						{"origin": [-9.5, 14.6, 27], "size": [1, 1, 1], "uv": [40, 258]},
						{
							"origin": [-9.5, 4.6, 27.5],
							"size": [1, 10, 0],
							"uv": {
								"south": {"uv": [43, 224], "uv_size": [1, 10]}
							}
						},
						{
							"origin": [8.5, 4.6, 27.5],
							"size": [1, 10, 0],
							"uv": {
								"south": {"uv": [44, 224], "uv_size": [-1, 10]}
							}
						},
						{"origin": [-10.5, 4.6, 27], "size": [1, 25, 1], "uv": [110, 239]},
						{"origin": [-5.5, 4.6, -25], "size": [11, 11, 7], "uv": [126, 226]},
						{"origin": [5.25, 3.6, -24.96875], "size": [3, 1, 7], "pivot": [8.25, 4.6, -21.46875], "rotation": [0, 0, 20], "uv": [144, 188]},
						{"origin": [-8.25, 3.6, -24.96875], "size": [3, 1, 7], "pivot": [-8.25, 4.6, -21.46875], "rotation": [0, 0, -20], "uv": [162, 240]},
						{"origin": [-3.5, 6.6, -25.5], "size": [7, 7, 1], "uv": [244, 87]},
						{"origin": [-1, 9.1, -26.5], "size": [2, 2, 1], "uv": [258, 18]},
						{"origin": [-4.5, 9.6, -27.5], "size": [5, 1, 1], "pivot": [0, 10.1, -27], "rotation": [0, 0, -45], "uv": [192, 162]},
						{"origin": [3.5, 7.6, -26], "size": [1, 5, 1], "uv": [258, 8]},
						{"origin": [-2.5, 11.6, -26], "size": [6, 1, 1], "uv": [160, 116]},
						{"origin": [-2.5, 7.6, -26], "size": [6, 1, 1], "uv": [190, 55]},
						{"origin": [4.5, 4.6, -16], "size": [1, 3, 1], "uv": [258, 27]},
						{"origin": [4.5, 8.35, -18], "size": [1, 1, 27], "uv": [200, 198]},
						{"origin": [5.5, 8.35, -23], "size": [1, 1, 6], "uv": [246, 226]},
						{"origin": [5.5, 8.35, -23], "size": [1, 1, 1], "inflate": 0.2, "uv": [220, 258]},
						{"origin": [-6.5, 8.35, -23], "size": [1, 1, 1], "inflate": 0.2, "uv": [258, 194]},
						{"origin": [-6.5, 8.35, -23], "size": [1, 1, 6], "uv": [146, 244]},
						{"origin": [-5.5, 8.35, -18], "size": [1, 1, 27], "uv": [144, 198]},
						{"origin": [4.5, 4.6, -7], "size": [1, 3, 1], "uv": [258, 31]},
						{"origin": [4.5, 4.6, -12], "size": [1, 2, 2], "uv": [204, 55]},
						{"origin": [-6.5, 9.6, -18], "size": [13, 8, 27], "uv": [0, 166]},
						{"origin": [2.5, 18.6, -25], "size": [1, 1, 31], "uv": [80, 188]},
						{"origin": [2.5, 17.6, -16], "size": [1, 1, 1], "uv": [56, 258]},
						{"origin": [2.5, 18.6, -16], "size": [1, 1, 1], "inflate": 0.2, "uv": [100, 258]},
						{"origin": [2.5, 18.6, 6], "size": [1, 1, 1], "inflate": 0.2, "uv": [144, 258]},
						{"origin": [2.5, 17.6, 6], "size": [1, 1, 1], "uv": [148, 258]},
						{"origin": [-3.5, 18.6, -25], "size": [1, 1, 31], "uv": [192, 107]},
						{"origin": [-2.5, 18.6, -25], "size": [5, 1, 1], "uv": [190, 57]},
						{"origin": [-3.5, 18.6, -16], "size": [1, 1, 1], "inflate": 0.2, "uv": [258, 156]},
						{"origin": [-3.5, 17.6, -16], "size": [1, 1, 1], "uv": [258, 158]},
						{"origin": [-3.5, 18.6, 6], "size": [1, 1, 1], "inflate": 0.2, "uv": [258, 156]},
						{"origin": [-3.5, 17.6, 6], "size": [1, 1, 1], "uv": [258, 184]},
						{"origin": [-2.5, 17.6, -7], "size": [5, 1, 5], "uv": [234, 240]},
						{"origin": [-0.5, 18.6, -5], "size": [1, 1, 1], "uv": [258, 186]},
						{
							"origin": [-4.5, 4.6, -18],
							"size": [9, 5, 27],
							"uv": {
								"north": {"uv": [191, 193], "uv_size": [9, 5]},
								"east": {"uv": [164, 193], "uv_size": [27, 5]},
								"south": {"uv": [227, 193], "uv_size": [9, 5]},
								"west": {"uv": [200, 193], "uv_size": [27, 5]}
							}
						},
						{
							"origin": [5, 6.6, -2],
							"size": [0, 1, 2],
							"uv": {
								"west": {"uv": [218, 56], "uv_size": [2, 1]}
							}
						},
						{
							"origin": [5, 6.6, 4],
							"size": [0, 1, 2],
							"uv": {
								"west": {"uv": [218, 56], "uv_size": [2, 1]}
							}
						},
						{"origin": [4.5, 4.6, -3], "size": [1, 3, 1], "uv": [32, 258]},
						{"origin": [4.5, 4.6, 1], "size": [1, 2, 2], "uv": [40, 235]},
						{
							"origin": [5, 5.6, -1],
							"size": [0, 1, 6],
							"uv": {
								"west": {"uv": [219, 57], "uv_size": [6, 1]},
								"down": {"uv": [219, 57], "uv_size": [0, -6]}
							}
						},
						{
							"origin": [5, 6.6, -15],
							"size": [0, 1, 2],
							"uv": {
								"west": {"uv": [218, 56], "uv_size": [2, 1]}
							}
						},
						{
							"origin": [5, 6.6, -9],
							"size": [0, 1, 2],
							"uv": {
								"west": {"uv": [218, 56], "uv_size": [2, 1]}
							}
						},
						{
							"origin": [-5, 6.6, -15],
							"size": [0, 1, 2],
							"uv": {
								"west": {"uv": [218, 56], "uv_size": [2, 1]}
							}
						},
						{
							"origin": [-5, 5.6, -14],
							"size": [0, 1, 6],
							"uv": {
								"west": {"uv": [219, 57], "uv_size": [6, 1]},
								"down": {"uv": [219, 57], "uv_size": [0, -6]}
							}
						},
						{
							"origin": [-5, 6.6, -9],
							"size": [0, 1, 2],
							"uv": {
								"west": {"uv": [218, 56], "uv_size": [2, 1]}
							}
						},
						{
							"origin": [-5, 6.6, -2],
							"size": [0, 1, 2],
							"uv": {
								"west": {"uv": [218, 56], "uv_size": [2, 1]}
							}
						},
						{
							"origin": [-5, 5.6, -1],
							"size": [0, 1, 6],
							"uv": {
								"west": {"uv": [219, 57], "uv_size": [6, 1]},
								"down": {"uv": [219, 57], "uv_size": [0, -6]}
							}
						},
						{
							"origin": [-5, 6.6, 4],
							"size": [0, 1, 2],
							"uv": {
								"west": {"uv": [218, 56], "uv_size": [2, 1]}
							}
						},
						{
							"origin": [5, 5.6, -14],
							"size": [0, 1, 6],
							"uv": {
								"west": {"uv": [219, 57], "uv_size": [6, 1]},
								"down": {"uv": [219, 57], "uv_size": [0, -6]}
							}
						},
						{"origin": [4.5, 4.6, 6], "size": [1, 3, 1], "uv": [258, 35]},
						{"origin": [-5.5, 4.6, -3], "size": [1, 3, 1], "uv": [36, 258]},
						{"origin": [-5.5, 4.6, 1], "size": [1, 2, 2], "uv": [14, 258]},
						{"origin": [-5.5, 4.6, 6], "size": [1, 3, 1], "uv": [258, 39]},
						{"origin": [-5.5, 4.6, -7], "size": [1, 3, 1], "uv": [40, 258]},
						{"origin": [-5.5, 4.6, -12], "size": [1, 2, 2], "uv": [258, 14]},
						{"origin": [-5.5, 4.6, -16], "size": [1, 3, 1], "uv": [258, 43]},
						{"origin": [-3, 31.6, -24.5], "size": [6, 1, 6], "uv": [186, 48]},
						{"origin": [-3, 15.1, -24.5], "size": [6, 1, 6], "uv": [162, 48]},
						{"origin": [-2.5, 28.6, -24], "size": [5, 3, 5], "uv": [182, 240]},
						{"origin": [-2, 5.6, 30], "size": [4, 1, 1], "uv": [228, 105]},
						{"origin": [-1, 5.6, 28], "size": [2, 1, 2], "uv": [0, 258]},
						{"origin": [-2, 5.6, 33], "size": [4, 1, 1], "uv": [252, 182]},
						{"origin": [-1, 5.6, 30], "size": [1, 1, 4], "pivot": [0, 6.1, 32], "rotation": [-90, 0, 90], "uv": [80, 251]},
						{"origin": [-1, 5.6, 34], "size": [4, 1, 1], "pivot": [0, 6.1, 32], "rotation": [-90, 0, 90], "uv": [254, 154]},
						{"origin": [-1, 5.6, 29], "size": [4, 1, 1], "pivot": [0, 6.1, 32], "rotation": [-90, 0, 90], "uv": [256, 218]},
						{"origin": [1, 5.6, 31], "size": [1, 1, 2], "uv": [258, 24]},
						{"origin": [-2, 5.6, 31], "size": [1, 1, 2], "uv": [26, 258]},
						{"origin": [6, 12.6, -9], "size": [1, 3, 9], "uv": [7, 181]},
						{"origin": [-7, 12.6, -9], "size": [1, 3, 9], "uv": [7, 181], "mirror": true},
						{"origin": [9.5, 13.6, 10], "size": [1, 16, 5], "uv": [4, 229]},
						{"origin": [9.5, 4.6, 10], "size": [1, 9, 9], "uv": [0, 240]},
						{"origin": [-10.5, 4.6, 10], "size": [1, 9, 9], "uv": [20, 240]},
						{"origin": [-10.5, 13.6, 10], "size": [1, 16, 5], "uv": [24, 229]}
					],
					"locators": {
						"whistle_particle": {
							"offset": [0, 29.25, 7.5],
							"rotation": [0, 0, -180]
						},
						"steam_release": {
							"offset": [-3, 31.6, 12.5],
							"rotation": [0, 0, -180]
						},
						"smokestack": {
							"offset": [0, 33.1, -21.5],
							"rotation": [0, 0, -180]
						}
					}
				},
				{
					"name": "window",
					"parent": "train_main",
					"pivot": [0, -3.4, 0],
					"cubes": [
						{"origin": [1, 21.6, -27], "size": [1, 2, 1], "uv": [7, 15]},
						{"origin": [-2, 21.6, -27], "size": [1, 2, 1], "uv": [7, 15]},
						{"origin": [-1, 18.6, -26], "size": [2, 2, 1], "uv": [7, 15]},
						{"origin": [-4.5, 4.6, 10], "size": [9, 13, 4], "uv": [228, 30]},
						{"origin": [-8, 4.6, 12], "size": [2, 2, 2], "uv": [20, 19]},
						{
							"origin": [-4.5, 4.6, 23],
							"size": [9, 4, 4],
							"uv": {
								"north": {"uv": [232, 52], "uv_size": [9, 4]},
								"east": {"uv": [228, 52], "uv_size": [4, 4]},
								"west": {"uv": [241, 52], "uv_size": [4, 4]},
								"up": {"uv": [232, 48], "uv_size": [9, 4]},
								"down": {"uv": [241, 52], "uv_size": [9, -4]}
							}
						},
						{"origin": [-1, 21.6, -28.5], "size": [2, 2, 1], "uv": [143, 171]},
						{"origin": [-0.5, 17.6, 12], "size": [1, 12, 1], "uv": [80, 201]},
						{"origin": [-3.5, 25.6, 12], "size": [1, 6, 1], "uv": [80, 201]},
						{"origin": [-2.5, 23.6, 12], "size": [1, 3, 1], "pivot": [-2, 25.1, 12.5], "rotation": [0, 0, -90], "uv": [80, 201]},
						{"origin": [1.5, 25.6, 12], "size": [1, 4, 1], "uv": [80, 201]},
						{"origin": [-6.5, 22.6, 27.5], "size": [5, 5, 0], "uv": [251, 158]},
						{"origin": [5.5, 20.9, 8.25], "size": [3, 1, 5], "pivot": [8.2, 19.4, 8.5], "rotation": [-90, 0, 0], "uv": [2, 144], "mirror": true},
						{"origin": [1.5, 22.6, 27.5], "size": [5, 5, 0], "uv": [114, 239]},
						{"origin": [2.5, 22.6, 9.5], "size": [5, 5, 0], "uv": [114, 239]},
						{"origin": [-2, 15.6, -23.5], "size": [4, 18, 4], "uv": [236, 162]},
						{"origin": [-7.5, 22.6, 9.5], "size": [5, 5, 0], "uv": [251, 158]}
					]
				},
				{
					"name": "whistle",
					"parent": "train_main",
					"pivot": [1.3, 20.3, 12.9],
					"cubes": [
						{"origin": [1.7, 21.3, 12.2], "size": [0.5, 7.3, 0.5], "uv": [85, 202]},
						{
							"origin": [1.2, 20.8, 12.15],
							"size": [2, 0.5, 0.5],
							"uv": {
								"north": {"uv": [7, 163], "uv_size": [-2, -1]},
								"east": {"uv": [7, 163], "uv_size": [0, 0]},
								"south": {"uv": [9, 163], "uv_size": [-2, -1]},
								"west": {"uv": [5, 163], "uv_size": [1, 1]},
								"up": {"uv": [12, 163], "uv_size": [-2, 1]},
								"down": {"uv": [12, 162], "uv_size": [-2, 1]}
							}
						}
					]
				},
				{
					"name": "dial_case",
					"parent": "train_main",
					"pivot": [-0.7, 6.1, 4.3],
					"cubes": [
						{
							"origin": [-3.58187, 17.45, 10.32797],
							"size": [2, 0.5, 0.5],
							"pivot": [-3.08187, 17.7, 10.57797],
							"rotation": [0, 0, -90],
							"uv": {
								"north": {"uv": [14, 151], "uv_size": [-4, -1]},
								"east": {"uv": [8, 159], "uv_size": [1, 1]},
								"south": {"uv": [14, 152], "uv_size": [-4, 1]},
								"west": {"uv": [11, 157], "uv_size": [1, 1]},
								"up": {"uv": [14, 155], "uv_size": [-4, -1]},
								"down": {"uv": [13, 154], "uv_size": [-4, -1]}
							}
						},
						{
							"origin": [-4.58187, 19.35, 10.32797],
							"size": [2, 0.5, 0.5],
							"pivot": [-4.08187, 19.6, 10.57797],
							"rotation": [0, 0, -180],
							"uv": {
								"north": {"uv": [14, 151], "uv_size": [-4, -1]},
								"east": {"uv": [8, 159], "uv_size": [1, 1]},
								"south": {"uv": [14, 152], "uv_size": [-4, 1]},
								"west": {"uv": [11, 157], "uv_size": [1, 1]},
								"up": {"uv": [14, 155], "uv_size": [-4, -1]},
								"down": {"uv": [13, 154], "uv_size": [-4, -1]}
							}
						},
						{"origin": [-3.575, 19.1, 10.02797], "size": [1, 1, 1], "uv": [11, 160], "mirror": true},
						{"origin": [-1.475, 19.6, 10.02797], "size": [3, 3, 0.5], "uv": [25, 19], "mirror": true},
						{"origin": [-1.475, 29.1, 11.02797], "size": [5, 1, 3], "uv": [20, 19], "mirror": true}
					]
				},
				{
					"name": "the_dial_itself",
					"parent": "dial_case",
					"pivot": [-6, 19.725, 10.5],
					"rotation": [0, 0, -45],
					"cubes": [
						{
							"origin": [-7.14142, 18.12597, 10.82797],
							"size": [2, 4, 0.5],
							"uv": {
								"north": {"uv": [10, 148], "uv_size": [4, 7]},
								"east": {"uv": [9, 150], "uv_size": [-1, 4]},
								"south": {"uv": [14, 9], "uv_size": [-4, -8]},
								"west": {"uv": [8, 149], "uv_size": [-1, 4]},
								"up": {"uv": [3, 137], "uv_size": [4, 1]},
								"down": {"uv": [8, 156], "uv_size": [4, 1]}
							}
						},
						{
							"origin": [-4.64142, 19.12597, 10.82797],
							"size": [0.5, 2, 0.5],
							"uv": {
								"north": {"uv": [7, 155], "uv_size": [1, 4]},
								"east": {"uv": [9, 154], "uv_size": [1, 4]},
								"south": {"uv": [7, 150], "uv_size": [1, 4]},
								"west": {"uv": [11, 152], "uv_size": [1, 4]},
								"up": {"uv": [14, 154], "uv_size": [1, 1]},
								"down": {"uv": [12, 151], "uv_size": [-1, -1]}
							}
						},
						{
							"origin": [-8.14142, 19.12597, 10.82797],
							"size": [0.5, 2, 0.5],
							"uv": {
								"north": {"uv": [9, 155], "uv_size": [1, 4]},
								"east": {"uv": [12, 152], "uv_size": [1, 4]},
								"south": {"uv": [9, 151], "uv_size": [1, 4]},
								"west": {"uv": [9, 150], "uv_size": [1, 4]},
								"up": {"uv": [10, 150], "uv_size": [1, 1]},
								"down": {"uv": [10, 157], "uv_size": [-1, -1]}
							}
						},
						{
							"origin": [-7.64142, 18.62597, 10.82797],
							"size": [0.5, 3, 0.5],
							"uv": {
								"north": {"uv": [13, 150], "uv_size": [-1, 6]},
								"east": {"uv": [12, 150], "uv_size": [-1, 6]},
								"south": {"uv": [2, 137], "uv_size": [1, 6]},
								"west": {"uv": [65, 196], "uv_size": [0, 3]},
								"up": {"uv": [12, 157], "uv_size": [-1, -1]},
								"down": {"uv": [14, 157], "uv_size": [-1, -1]}
							}
						},
						{
							"origin": [-5.14142, 18.62597, 10.82797],
							"size": [0.5, 3, 0.5],
							"uv": {
								"north": {"uv": [11, 151], "uv_size": [-1, 6]},
								"east": {"uv": [9, 150], "uv_size": [-1, 6]},
								"south": {"uv": [1, 137], "uv_size": [1, 6]},
								"west": {"uv": [12, 150], "uv_size": [1, 6]},
								"up": {"uv": [10, 159], "uv_size": [-1, -1]},
								"down": {"uv": [8, 158], "uv_size": [-1, 1]}
							}
						}
					]
				},
				{
					"name": "dial",
					"parent": "dial_case",
					"pivot": [-6.38535, 19.89564, 11.52797],
					"rotation": [0, 0, 135],
					"cubes": [
						{"origin": [-6.63535, 19.64564, 11.52797], "size": [0.5, 1.5, 0], "uv": [16, 146], "mirror": true}
					]
				},
				{
					"name": "lights",
					"parent": "train_main",
					"pivot": [5, 8.7, 13.2],
					"rotation": [-90, 0, 0],
					"cubes": [
						{"origin": [6.5, 6.2, 4.25], "size": [1, 1, 2], "uv": [4, 162], "mirror": true}
					]
				},
				{
					"name": "fire_door",
					"parent": "train_main",
					"pivot": [-3.5, 9.1, 14],
					"cubes": [
						{"origin": [-3.5, 9.6, 13.5], "size": [7, 7, 1], "uv": [244, 95]},
						{"origin": [-0.5, 12.6, 14.5], "size": [4, 1, 1], "uv": [220, 256]}
					]
				},
				{
					"name": "motors",
					"parent": "train",
					"pivot": [0, 1.6, -22.5],
					"rotation": [-2.75, 0, 0]
				},
				{
					"name": "motor2",
					"parent": "motors",
					"pivot": [8.7, 3.6, -27],
					"cubes": [
						{"origin": [7.7, -0.4, -18], "size": [1, 1, 12.5], "uv": [191, 227]},
						{"origin": [7.7, 2.6, -18], "size": [1, 1, 12.5], "uv": [219, 227]},
						{"origin": [6.2, -0.4, -27], "size": [4, 4, 9], "uv": [228, 74]},
						{"origin": [7.2, 0.6, -29], "size": [2, 2, 2], "uv": [114, 257]}
					]
				},
				{
					"name": "arm_left_1",
					"parent": "motor2",
					"pivot": [8.2, 1.6, -18],
					"cubes": [
						{"origin": [8.2, -0.4, -11], "size": [1, 4, 3], "inflate": 0.2, "uv": [256, 110]},
						{"origin": [8.7, 1.1, -10], "size": [1, 1, 1], "uv": [240, 259]},
						{"origin": [7.7, 1.1, -22], "size": [1, 1, 11], "uv": [113, 190]}
					]
				},
				{
					"name": "arm_left_2",
					"parent": "arm_left_1",
					"pivot": [8.2, 1.6, -11.5],
					"cubes": [
						{"origin": [7.7, 1.1, -11.475], "size": [1, 1, 21], "uv": [1, 266]},
						{"origin": [7.7, 1.1, 9.525], "size": [1, 1, 1], "inflate": 0.2, "uv": [228, 259]}
					]
				},
				{
					"name": "motor",
					"parent": "motors",
					"pivot": [-8.725, 3.6, -27],
					"cubes": [
						{"origin": [-8.725, -0.4, -18], "size": [1, 1, 12], "uv": [191, 227], "mirror": true},
						{"origin": [-8.725, 2.6, -18], "size": [1, 1, 12], "uv": [219, 227], "mirror": true},
						{"origin": [-10.225, -0.4, -27], "size": [4, 4, 9], "uv": [228, 74], "mirror": true},
						{"origin": [-9.225, 0.6, -29], "size": [2, 2, 2], "uv": [114, 257], "mirror": true}
					]
				},
				{
					"name": "arm_right_1",
					"parent": "motor",
					"pivot": [-8.225, 1.6, -18],
					"cubes": [
						{"origin": [-9.225, -0.4, -11.475], "size": [1, 4, 3], "inflate": 0.2, "uv": [256, 110], "mirror": true},
						{"origin": [-9.725, 1.1, -10.475], "size": [1, 1, 1], "uv": [240, 259], "mirror": true},
						{"origin": [-8.725, 1.1, -22.475], "size": [1, 1, 11], "uv": [113, 190], "mirror": true}
					]
				},
				{
					"name": "arm_right_2",
					"parent": "arm_right_1",
					"pivot": [-8.225, 1.6, -11.5],
					"cubes": [
						{"origin": [-8.725, 1.1, -11.475], "size": [1, 1, 21], "uv": [1, 266], "mirror": true},
						{"origin": [-8.725, 1.1, 9.525], "size": [1, 1, 1], "inflate": 0.2, "uv": [228, 259], "mirror": true}
					]
				},
				{
					"name": "wheels1",
					"parent": "train",
					"pivot": [0, 0.16622, -11],
					"cubes": [
						{"origin": [5.51172, 1.72952, -12.23744], "size": [2, 2, 3], "inflate": -0.02, "pivot": [6.51172, 0.47952, -10.73744], "rotation": [-45, 0, 0], "uv": [200, 251]},
						{"origin": [5.51172, 1.46696, -12.12868], "size": [2, 2, 3], "pivot": [6.51172, 0.21696, -10.62868], "rotation": [-90, 0, 0], "uv": [210, 251]},
						{"origin": [5.51172, 1.2044, -12.23744], "size": [2, 2, 3], "inflate": -0.02, "pivot": [6.51172, -0.0456, -10.73744], "rotation": [-135, 0, 0], "uv": [220, 251]},
						{"origin": [5.51172, -3.2956, -12.76256], "size": [2, 2, 3], "inflate": -0.02, "pivot": [6.51172, -0.0456, -11.26256], "rotation": [-45, 0, 0], "uv": [114, 252]},
						{"origin": [4.75781, -0.91172, -12], "size": [3.5, 2, 2], "uv": [224, 162]},
						{"origin": [5.75781, -2.16172, -13], "size": [1.5, 4, 4], "uv": [234, 246]},
						{"origin": [5.51172, 1.83828, -12.5], "size": [2, 2, 3], "uv": [124, 252]},
						{"origin": [5.51172, -2.77048, -12.76256], "size": [2, 2, 3], "inflate": -0.02, "pivot": [6.51172, 0.47952, -11.26256], "rotation": [-135, 0, 0], "uv": [134, 252]},
						{"origin": [5.51172, -3.03304, -12.87132], "size": [2, 2, 3], "pivot": [6.51172, 0.21696, -11.37132], "rotation": [-90, 0, 0], "uv": [252, 162]},
						{"origin": [5.51172, -3.40436, -12.5], "size": [2, 2, 3], "uv": [252, 167]},
						{"origin": [-7.51172, 1.72952, -12.23744], "size": [2, 2, 3], "inflate": -0.02, "pivot": [-6.51172, 0.47952, -10.73744], "rotation": [-45, 0, 0], "uv": [254, 73]},
						{"origin": [-7.51172, 1.46696, -12.12868], "size": [2, 2, 3], "pivot": [-6.51172, 0.21696, -10.62868], "rotation": [-90, 0, 0], "uv": [254, 68]},
						{"origin": [-7.51172, 1.2044, -12.23744], "size": [2, 2, 3], "inflate": -0.02, "pivot": [-6.51172, -0.0456, -10.73744], "rotation": [-135, 0, 0], "uv": [254, 63]},
						{"origin": [-7.51172, -3.2956, -12.76256], "size": [2, 2, 3], "inflate": -0.02, "pivot": [-6.51172, -0.0456, -11.26256], "rotation": [-45, 0, 0], "uv": [254, 58]},
						{"origin": [-8.25781, -0.91172, -12], "size": [3.5, 2, 2], "uv": [244, 103]},
						{"origin": [-7.51172, 1.83828, -12.5], "size": [2, 2, 3], "uv": [254, 53]},
						{"origin": [-7.51172, -2.77048, -12.76256], "size": [2, 2, 3], "inflate": -0.02, "pivot": [-6.51172, 0.47952, -11.26256], "rotation": [-135, 0, 0], "uv": [254, 48]},
						{"origin": [-7.51172, -3.03304, -12.87132], "size": [2, 2, 3], "pivot": [-6.51172, 0.21696, -11.37132], "rotation": [-90, 0, 0], "uv": [252, 177]},
						{"origin": [-7.51172, -3.40436, -12.5], "size": [2, 2, 3], "uv": [252, 172]},
						{"origin": [-7.25781, -2.16172, -13], "size": [1.5, 4, 4], "uv": [244, 246]}
					]
				},
				{
					"name": "wheels2",
					"parent": "train",
					"pivot": [0, 0.16622, 10],
					"cubes": [
						{"origin": [5.51172, 1.72952, 8.76256], "size": [2, 2, 3], "inflate": -0.02, "pivot": [6.51172, 0.47952, 10.26256], "rotation": [-45, 0, 0], "uv": [254, 78]},
						{"origin": [5.51172, 1.46696, 8.87132], "size": [2, 2, 3], "pivot": [6.51172, 0.21696, 10.37132], "rotation": [-90, 0, 0], "uv": [254, 139]},
						{"origin": [5.51172, 1.2044, 8.76256], "size": [2, 2, 3], "inflate": -0.02, "pivot": [6.51172, -0.0456, 10.26256], "rotation": [-135, 0, 0], "uv": [254, 144]},
						{"origin": [5.51172, -3.2956, 8.23744], "size": [2, 2, 3], "inflate": -0.02, "pivot": [6.51172, -0.0456, 9.73744], "rotation": [-45, 0, 0], "uv": [254, 149]},
						{"origin": [4.75781, -0.91172, 9], "size": [3.5, 2, 2], "uv": [254, 83]},
						{"origin": [5.75781, -2.16172, 8], "size": [1.5, 4, 4], "uv": [160, 248]},
						{"origin": [5.51172, 1.83828, 8.5], "size": [2, 2, 3], "uv": [230, 254]},
						{"origin": [5.51172, -2.77048, 8.23744], "size": [2, 2, 3], "inflate": -0.02, "pivot": [6.51172, 0.47952, 9.73744], "rotation": [-135, 0, 0], "uv": [254, 239]},
						{"origin": [5.51172, -3.03304, 8.12868], "size": [2, 2, 3], "pivot": [6.51172, 0.21696, 9.62868], "rotation": [-90, 0, 0], "uv": [240, 254]},
						{"origin": [5.51172, -3.40436, 8.5], "size": [2, 2, 3], "uv": [254, 244]},
						{"origin": [-7.51172, 1.72952, 8.76256], "size": [2, 2, 3], "inflate": -0.02, "pivot": [-6.51172, 0.47952, 10.26256], "rotation": [-45, 0, 0], "uv": [254, 249]},
						{"origin": [-7.51172, 1.46696, 8.87132], "size": [2, 2, 3], "pivot": [-6.51172, 0.21696, 10.37132], "rotation": [-90, 0, 0], "uv": [250, 254]},
						{"origin": [-7.51172, 1.2044, 8.76256], "size": [2, 2, 3], "inflate": -0.02, "pivot": [-6.51172, -0.0456, 10.26256], "rotation": [-135, 0, 0], "uv": [180, 255]},
						{"origin": [-7.51172, -3.2956, 8.23744], "size": [2, 2, 3], "inflate": -0.02, "pivot": [-6.51172, -0.0456, 9.73744], "rotation": [-45, 0, 0], "uv": [190, 255]},
						{"origin": [-8.25781, -0.91172, 9], "size": [3.5, 2, 2], "uv": [162, 256]},
						{"origin": [-7.51172, 1.83828, 8.5], "size": [2, 2, 3], "uv": [60, 256]},
						{"origin": [-7.51172, -2.77048, 8.23744], "size": [2, 2, 3], "inflate": -0.02, "pivot": [-6.51172, 0.47952, 9.73744], "rotation": [-135, 0, 0], "uv": [70, 256]},
						{"origin": [-7.51172, -3.03304, 8.12868], "size": [2, 2, 3], "pivot": [-6.51172, 0.21696, 9.62868], "rotation": [-90, 0, 0], "uv": [80, 256]},
						{"origin": [-7.51172, -3.40436, 8.5], "size": [2, 2, 3], "uv": [90, 256]},
						{"origin": [-7.25781, -2.16172, 8], "size": [1.5, 4, 4], "uv": [170, 248]}
					]
				}
			]
		}
	]
}