{
	"format_version": "1.21.0",
	"minecraft:geometry": [
		{
			"description": {
				"identifier": "geometry.lb_ta_upgtel",
				"texture_width": 256,
				"texture_height": 256,
				"visible_bounds_width": 9,
				"visible_bounds_height": 4,
				"visible_bounds_offset": [0, 1, 0]
			},
			"bones": [
				{
					"name": "bb_main",
					"pivot": [0, 2.5, 0],
					"cubes": [
						{"origin": [-8.5, 1.5, 5], "size": [17, 2, 2], "uv": [176, 167]}
					]
				},
				{
					"name": "train",
					"pivot": [0, 11.25, 0.5],
					"cubes": [
						{"origin": [-9.5, -2.5, -8], "size": [19, 3, 16], "uv": [123, 0]},
						{"origin": [-8.5, 4.5, 11], "size": [17, 1, 2], "uv": [177, 4]},
						{"origin": [-8.5, 4.5, 20], "size": [17, 1, 5], "uv": [168, 116]},
						{"origin": [-8.5, 0.5, -7], "size": [17, 2, 2], "uv": [177, 0]},
						{
							"origin": [-9.5, 2.5, -8],
							"size": [19, 3, 16],
							"uv": {
								"north": {"uv": [16, 129], "uv_size": [19, 3]},
								"east": {"uv": [0, 129], "uv_size": [16, 3]},
								"south": {"uv": [51, 129], "uv_size": [19, 3]},
								"west": {"uv": [35, 129], "uv_size": [16, 3]},
								"down": {"uv": [35, 129], "uv_size": [19, -16]}
							}
						},
						{"origin": [-10.5, 3.5, -41], "size": [1, 1, 4], "uv": [61, 123]},
						{"origin": [-9, -1.5, -29], "size": [18, 4, 1], "uv": [95, 172]},
						{"origin": [-9.5, 2.5, 36], "size": [19, 3, 7], "uv": [0, 146]},
						{"origin": [-9, -0.5, -24], "size": [18, 3, 4], "uv": [168, 86]},
						{"origin": [-9, -0.5, -34], "size": [18, 3, 4], "uv": [101, 165]},
						{"origin": [-9, -0.5, -30], "size": [18, 1, 1], "uv": [104, 168]},
						{"origin": [-9, -0.5, -25], "size": [18, 1, 1], "uv": [104, 168]},
						{"origin": [-9, -0.5, -20], "size": [18, 1, 1], "uv": [104, 168]},
						{"origin": [-9, -0.5, -15], "size": [18, 1, 1], "uv": [104, 168]},
						{"origin": [-9, -0.5, 14], "size": [18, 1, 1], "uv": [104, 168]},
						{"origin": [-9, -0.5, 19], "size": [18, 1, 1], "uv": [104, 168]},
						{"origin": [-9, -0.5, 24], "size": [18, 1, 1], "uv": [104, 168]},
						{"origin": [-9, -0.5, 29], "size": [18, 1, 1], "uv": [104, 168]},
						{"origin": [-9, -0.5, -14], "size": [18, 3, 4], "uv": [165, 73]},
						{"origin": [-9, -0.5, 30], "size": [18, 3, 4], "uv": [55, 165]},
						{"origin": [-9, -0.5, 10], "size": [18, 3, 4], "uv": [151, 66]},
						{"origin": [-9, -0.5, 20], "size": [18, 3, 4], "uv": [123, 77]},
						{"origin": [-9, 2.5, 8], "size": [18, 2, 28], "uv": [102, 116]},
						{"origin": [-9, 2.5, -36], "size": [18, 2, 28], "uv": [102, 86]},
						{"origin": [-9, -1.5, -26], "size": [18, 4, 1], "uv": [55, 172]},
						{"origin": [-9, -1.5, -28], "size": [18, 1, 2], "uv": [171, 56]},
						{"origin": [-9, -0.5, -27.5], "size": [18, 3, 1], "uv": [176, 163]},
						{"origin": [-9, -1.5, -16], "size": [18, 4, 1], "uv": [171, 51]},
						{"origin": [-9, -0.5, -17.5], "size": [18, 3, 1], "uv": [176, 159]},
						{"origin": [-9, -1.5, -18], "size": [18, 1, 2], "uv": [170, 24]},
						{"origin": [-9, -1.5, -19], "size": [18, 4, 1], "uv": [171, 46]},
						{"origin": [-9, -1.5, 18], "size": [18, 4, 1], "uv": [170, 19]},
						{"origin": [-9, -0.5, 16.5], "size": [18, 3, 1], "uv": [176, 155]},
						{"origin": [-9, -1.5, 16], "size": [18, 1, 2], "uv": [168, 111]},
						{"origin": [-9, -1.5, 15], "size": [18, 4, 1], "uv": [169, 80]},
						{"origin": [-9, -1.5, 28], "size": [18, 4, 1], "uv": [168, 139]},
						{"origin": [-9, -0.5, 26.5], "size": [18, 3, 1], "uv": [171, 59]},
						{"origin": [-9, -1.5, 26], "size": [18, 1, 2], "uv": [102, 155]},
						{"origin": [-9, -1.5, 25], "size": [18, 4, 1], "uv": [168, 134]},
						{"origin": [-1, 5.5, 43], "size": [2, 1, 2], "uv": [0, 25]},
						{"origin": [-2, 5.5, 45], "size": [4, 1, 1], "uv": [40, 83]},
						{"origin": [-2, 5.5, 48], "size": [4, 1, 1], "uv": [30, 83]},
						{"origin": [1, 5.5, 46], "size": [1, 1, 2], "uv": [10, 3]},
						{"origin": [-2, 5.5, 46], "size": [1, 1, 2], "uv": [10, 0]},
						{"origin": [-1, 5.5, 45], "size": [1, 1, 4], "pivot": [0, 6, 47], "rotation": [-90, 0, 90], "uv": [64, 79]},
						{"origin": [-1, 5.5, 44], "size": [4, 1, 1], "pivot": [0, 6, 47], "rotation": [-90, 0, 90], "uv": [20, 83]},
						{"origin": [2, 5.5, 45], "size": [1, 1, 4], "pivot": [0, 6, 47], "rotation": [-90, 0, 90], "uv": [72, 16]},
						{"origin": [-1, 5.5, 49], "size": [4, 1, 1], "pivot": [0, 6, 47], "rotation": [-90, 0, 90], "uv": [10, 83]},
						{"origin": [-1, 3.5, 43], "size": [2, 1, 2], "uv": [0, 22]},
						{"origin": [-2, 3.5, 45], "size": [4, 1, 1], "uv": [0, 83]},
						{"origin": [-2, 3.5, 48], "size": [4, 1, 1], "uv": [52, 45]},
						{"origin": [1, 3.5, 46], "size": [1, 1, 2], "uv": [0, 3]},
						{"origin": [-2, 3.5, 46], "size": [1, 1, 2], "uv": [0, 0]},
						{"origin": [-4.5, 1.5, 36], "size": [9, 4, 8], "uv": [168, 122]},
						{"origin": [-7.5, 0.5, 36], "size": [15, 2, 4], "uv": [165, 175]}
					]
				},
				{
					"name": "wheels2",
					"parent": "train",
					"pivot": [0.00174, 0.07489, -22],
					"cubes": [
						{"origin": [-8.50781, 1.36696, -23.12868], "size": [2, 2, 3], "pivot": [-7.50781, 0.11696, -21.62868], "rotation": [-90, 0, 0], "uv": [87, 192]},
						{"origin": [-8.25781, -2.26172, -24], "size": [1.5, 4, 4], "uv": [112, 132]},
						{"origin": [-8.48437, 1.62952, -23.23744], "size": [2, 2, 3], "pivot": [-7.48437, 0.37952, -21.73744], "rotation": [-45, 0, 0], "uv": [97, 192]},
						{"origin": [-8.50781, 1.73828, -23.5], "size": [2, 2, 3], "uv": [107, 192]},
						{"origin": [-8.48437, -2.87048, -23.76256], "size": [2, 2, 3], "pivot": [-7.48437, 0.37952, -22.26256], "rotation": [-135, 0, 0], "uv": [161, 191]},
						{"origin": [-8.50781, -3.13304, -23.87132], "size": [2, 2, 3], "pivot": [-7.50781, 0.11696, -22.37132], "rotation": [-90, 0, 0], "uv": [171, 191]},
						{"origin": [-8.48437, -3.3956, -23.76256], "size": [2, 2, 3], "pivot": [-7.48437, -0.1456, -22.26256], "rotation": [-45, 0, 0], "uv": [181, 191]},
						{"origin": [-8.50781, -3.50436, -23.5], "size": [2, 2, 3], "uv": [67, 192]},
						{"origin": [-8.48437, 1.1044, -23.23744], "size": [2, 2, 3], "pivot": [-7.48437, -0.1456, -21.73744], "rotation": [-135, 0, 0], "uv": [77, 192]},
						{"origin": [6.48438, -2.87048, -23.76256], "size": [2, 2, 3], "pivot": [7.48438, 0.37952, -22.26256], "rotation": [-135, 0, 0], "uv": [194, 122]},
						{"origin": [6.51172, 1.73828, -23.5], "size": [2, 2, 3], "uv": [124, 194]},
						{"origin": [6.75781, -2.26172, -24], "size": [1.5, 4, 4], "uv": [118, 136]},
						{"origin": [6.51172, 1.36696, -23.12868], "size": [2, 2, 3], "pivot": [7.51172, 0.11696, -21.62868], "rotation": [-90, 0, 0], "uv": [193, 27]},
						{"origin": [6.48438, 1.62952, -23.23744], "size": [2, 2, 3], "pivot": [7.48438, 0.37952, -21.73744], "rotation": [-45, 0, 0], "uv": [117, 192]},
						{"origin": [6.48438, 1.1044, -23.23744], "size": [2, 2, 3], "pivot": [7.48438, -0.1456, -21.73744], "rotation": [-135, 0, 0], "uv": [193, 32]},
						{"origin": [6.51172, -3.50436, -23.5], "size": [2, 2, 3], "uv": [193, 63]},
						{"origin": [6.48438, -3.3956, -23.76256], "size": [2, 2, 3], "pivot": [7.48438, -0.1456, -22.26256], "rotation": [-45, 0, 0], "uv": [188, 193]},
						{"origin": [6.51172, -3.13304, -23.87132], "size": [2, 2, 3], "pivot": [7.51172, 0.11696, -22.37132], "rotation": [-90, 0, 0], "uv": [194, 13]}
					]
				},
				{
					"name": "wheels3",
					"parent": "train",
					"pivot": [0.00174, 0.07489, -12],
					"cubes": [
						{"origin": [-8.50781, 1.73828, -13.5], "size": [2, 2, 3], "uv": [10, 190]},
						{"origin": [-8.50781, 1.73828, -13.5], "size": [2, 2, 3], "pivot": [0.00195, 0.11696, -12], "rotation": [-90, 0, 0], "uv": [30, 190]},
						{"origin": [-8.48437, 1.73828, -13.5], "size": [2, 2, 3], "pivot": [0.02149, 0.11696, -12], "rotation": [-45, 0, 0], "uv": [20, 190]},
						{"origin": [-8.48437, -3.50436, -13.5], "size": [2, 2, 3], "pivot": [0.02149, 0.11696, -12], "rotation": [-135, 0, 0], "uv": [151, 191]},
						{"origin": [-8.50781, -3.50436, -13.5], "size": [2, 2, 3], "pivot": [0.00195, 0.11696, -12], "rotation": [-90, 0, 0], "uv": [190, 188]},
						{"origin": [-8.25781, -2.26172, -14], "size": [1.5, 4, 4], "uv": [102, 132]},
						{"origin": [-8.48437, -3.50436, -13.5], "size": [2, 2, 3], "pivot": [0.02149, 0.11696, -12], "rotation": [-45, 0, 0], "uv": [60, 190]},
						{"origin": [-8.50781, -3.50436, -13.5], "size": [2, 2, 3], "uv": [50, 190]},
						{"origin": [-8.48437, 1.73828, -13.5], "size": [2, 2, 3], "pivot": [0.02149, 0.11696, -12], "rotation": [-135, 0, 0], "uv": [40, 190]},
						{"origin": [6.48438, -3.50436, -13.5], "size": [2, 2, 3], "pivot": [-0.02148, 0.11696, -12], "rotation": [-135, 0, 0], "uv": [117, 187]},
						{"origin": [6.51172, 1.73828, -13.5], "size": [2, 2, 3], "uv": [107, 187]},
						{"origin": [6.48438, 1.73828, -13.5], "size": [2, 2, 3], "pivot": [-0.02148, 0.11696, -12], "rotation": [-45, 0, 0], "uv": [0, 190]},
						{"origin": [6.51172, 1.73828, -13.5], "size": [2, 2, 3], "pivot": [0.00195, 0.11696, -12], "rotation": [-90, 0, 0], "uv": [189, 181]},
						{"origin": [6.48438, 1.73828, -13.5], "size": [2, 2, 3], "pivot": [-0.02148, 0.11696, -12], "rotation": [-135, 0, 0], "uv": [144, 189]},
						{"origin": [6.51172, -3.50436, -13.5], "size": [2, 2, 3], "uv": [134, 189]},
						{"origin": [6.48438, -3.50436, -13.5], "size": [2, 2, 3], "pivot": [-0.02148, 0.11696, -12], "rotation": [-45, 0, 0], "uv": [124, 189]},
						{"origin": [6.51172, -3.50436, -13.5], "size": [2, 2, 3], "pivot": [0.00195, 0.11696, -12], "rotation": [-90, 0, 0], "uv": [187, 148]},
						{"origin": [6.75781, -2.26172, -14], "size": [1.5, 4, 4], "uv": [62, 132]}
					]
				},
				{
					"name": "wheels4",
					"parent": "train",
					"pivot": [0.00174, 0.07489, 12],
					"cubes": [
						{"origin": [6.75781, -2.26172, 10], "size": [1.5, 4, 4], "uv": [52, 132]},
						{"origin": [6.51172, -3.13304, 10.12868], "size": [2, 2, 3], "pivot": [7.51172, 0.11696, 11.62868], "rotation": [-90, 0, 0], "uv": [97, 187]},
						{"origin": [6.51172, 1.73828, 10.5], "size": [2, 2, 3], "uv": [87, 187]},
						{"origin": [6.48438, -2.87048, 10.23744], "size": [2, 2, 3], "pivot": [7.48438, 0.37952, 11.73744], "rotation": [-135, 0, 0], "uv": [77, 187]},
						{"origin": [6.48438, 1.62952, 10.76256], "size": [2, 2, 3], "pivot": [7.48438, 0.37952, 12.26256], "rotation": [-45, 0, 0], "uv": [163, 186]},
						{"origin": [6.51172, 1.36696, 10.87132], "size": [2, 2, 3], "pivot": [7.51172, 0.11696, 12.37132], "rotation": [-90, 0, 0], "uv": [173, 186]},
						{"origin": [6.48438, 1.1044, 10.76256], "size": [2, 2, 3], "pivot": [7.48438, -0.1456, 12.26256], "rotation": [-135, 0, 0], "uv": [183, 186]},
						{"origin": [6.48438, -3.3956, 10.23744], "size": [2, 2, 3], "pivot": [7.48438, -0.1456, 11.73744], "rotation": [-45, 0, 0], "uv": [67, 187]},
						{"origin": [6.51172, -3.50436, 10.5], "size": [2, 2, 3], "uv": [187, 11]},
						{"origin": [-8.48437, 1.62952, 10.76256], "size": [2, 2, 3], "pivot": [-7.48437, 0.37952, 12.26256], "rotation": [-45, 0, 0], "uv": [186, 29]},
						{"origin": [-8.50781, 1.73828, 10.5], "size": [2, 2, 3], "uv": [153, 186]},
						{"origin": [-8.48437, -2.87048, 10.23744], "size": [2, 2, 3], "pivot": [-7.48437, 0.37952, 11.73744], "rotation": [-135, 0, 0], "uv": [10, 185]},
						{"origin": [-8.50781, -3.13304, 10.12868], "size": [2, 2, 3], "pivot": [-7.50781, 0.11696, 11.62868], "rotation": [-90, 0, 0], "uv": [20, 185]},
						{"origin": [-8.25781, -2.26172, 10], "size": [1.5, 4, 4], "uv": [131, 39]},
						{"origin": [-8.48437, -3.3956, 10.23744], "size": [2, 2, 3], "pivot": [-7.48437, -0.1456, 11.73744], "rotation": [-45, 0, 0], "uv": [30, 185]},
						{"origin": [-8.50781, -3.50436, 10.5], "size": [2, 2, 3], "uv": [40, 185]},
						{"origin": [-8.48437, 1.1044, 10.76256], "size": [2, 2, 3], "pivot": [-7.48437, -0.1456, 12.26256], "rotation": [-135, 0, 0], "uv": [50, 185]},
						{"origin": [-8.50781, 1.36696, 10.87132], "size": [2, 2, 3], "pivot": [-7.50781, 0.11696, 12.37132], "rotation": [-90, 0, 0], "uv": [60, 185]}
					]
				},
				{
					"name": "wheels5",
					"parent": "train",
					"pivot": [0.00174, 0.07489, 22],
					"cubes": [
						{"origin": [-8.50781, 1.73828, 20.5], "size": [2, 2, 3], "pivot": [0.00195, 0.11696, 22], "rotation": [-90, 0, 0], "uv": [109, 182]},
						{"origin": [-8.50781, 1.73828, 20.5], "size": [2, 2, 3], "uv": [89, 182]},
						{"origin": [-8.48437, 1.73828, 20.5], "size": [2, 2, 3], "pivot": [0.02149, 0.11696, 22], "rotation": [-45, 0, 0], "uv": [99, 182]},
						{"origin": [-8.48437, -3.50436, 20.5], "size": [2, 2, 3], "pivot": [0.02149, 0.11696, 22], "rotation": [-135, 0, 0], "uv": [0, 185]},
						{"origin": [-8.50781, -3.50436, 20.5], "size": [2, 2, 3], "pivot": [0.00195, 0.11696, 22], "rotation": [-90, 0, 0], "uv": [146, 184]},
						{"origin": [-8.48437, -3.50436, 20.5], "size": [2, 2, 3], "pivot": [0.02149, 0.11696, 22], "rotation": [-45, 0, 0], "uv": [136, 184]},
						{"origin": [-8.50781, -3.50436, 20.5], "size": [2, 2, 3], "uv": [126, 184]},
						{"origin": [-8.48437, 1.73828, 20.5], "size": [2, 2, 3], "pivot": [0.02149, 0.11696, 22], "rotation": [-135, 0, 0], "uv": [119, 182]},
						{"origin": [-8.25781, -2.26172, 20], "size": [1.5, 4, 4], "uv": [129, 61]},
						{"origin": [6.48438, -3.50436, 20.5], "size": [2, 2, 3], "pivot": [-0.02148, 0.11696, 22], "rotation": [-135, 0, 0], "uv": [152, 179]},
						{"origin": [6.51172, -3.50436, 20.5], "size": [2, 2, 3], "pivot": [0.00195, 0.11696, 22], "rotation": [-90, 0, 0], "uv": [180, 146]},
						{"origin": [6.51172, 1.73828, 20.5], "size": [2, 2, 3], "uv": [142, 179]},
						{"origin": [6.48438, 1.73828, 20.5], "size": [2, 2, 3], "pivot": [-0.02148, 0.11696, 22], "rotation": [-45, 0, 0], "uv": [79, 182]},
						{"origin": [6.75781, -2.26172, 20], "size": [1.5, 4, 4], "uv": [118, 128]},
						{"origin": [6.51172, 1.73828, 20.5], "size": [2, 2, 3], "pivot": [0.00195, 0.11696, 22], "rotation": [-90, 0, 0], "uv": [69, 182]},
						{"origin": [6.48438, 1.73828, 20.5], "size": [2, 2, 3], "pivot": [-0.02148, 0.11696, 22], "rotation": [-135, 0, 0], "uv": [179, 181]},
						{"origin": [6.51172, -3.50436, 20.5], "size": [2, 2, 3], "uv": [169, 181]},
						{"origin": [6.48438, -3.50436, 20.5], "size": [2, 2, 3], "pivot": [-0.02148, 0.11696, 22], "rotation": [-45, 0, 0], "uv": [159, 181]}
					]
				},
				{
					"name": "wheels6",
					"parent": "train",
					"pivot": [0.00174, 0.07489, 32],
					"cubes": [
						{"origin": [6.51172, -3.50436, 30.5], "size": [2, 2, 3], "pivot": [0.00195, 0.11696, 32], "rotation": [-90, 0, 0], "uv": [179, 27]},
						{"origin": [6.48438, -3.50436, 30.5], "size": [2, 2, 3], "pivot": [-0.02148, 0.11696, 32], "rotation": [-135, 0, 0], "uv": [179, 32]},
						{"origin": [6.51172, 1.73828, 30.5], "size": [2, 2, 3], "uv": [132, 179]},
						{"origin": [6.75781, -2.26172, 30], "size": [1.5, 4, 4], "uv": [112, 124]},
						{"origin": [6.48438, 1.73828, 30.5], "size": [2, 2, 3], "pivot": [-0.02148, 0.11696, 32], "rotation": [-45, 0, 0], "uv": [85, 177]},
						{"origin": [6.51172, 1.73828, 30.5], "size": [2, 2, 3], "pivot": [0.00195, 0.11696, 32], "rotation": [-90, 0, 0], "uv": [95, 177]},
						{"origin": [6.51172, -3.50436, 30.5], "size": [2, 2, 3], "uv": [115, 177]},
						{"origin": [6.48438, 1.73828, 30.5], "size": [2, 2, 3], "pivot": [-0.02148, 0.11696, 32], "rotation": [-135, 0, 0], "uv": [105, 177]},
						{"origin": [6.48438, -3.50436, 30.5], "size": [2, 2, 3], "pivot": [-0.02148, 0.11696, 32], "rotation": [-45, 0, 0], "uv": [125, 177]},
						{"origin": [-8.50781, 1.73828, 30.5], "size": [2, 2, 3], "uv": [75, 177]},
						{"origin": [-8.48437, -3.50436, 30.5], "size": [2, 2, 3], "pivot": [0.02149, 0.11696, 32], "rotation": [-135, 0, 0], "uv": [7, 172]},
						{"origin": [-8.50781, -3.50436, 30.5], "size": [2, 2, 3], "pivot": [0.00195, 0.11696, 32], "rotation": [-90, 0, 0], "uv": [135, 172]},
						{"origin": [-8.48437, -3.50436, 30.5], "size": [2, 2, 3], "pivot": [0.02149, 0.11696, 32], "rotation": [-45, 0, 0], "uv": [0, 175]},
						{"origin": [-8.25781, -2.26172, 30], "size": [1.5, 4, 4], "uv": [102, 124]},
						{"origin": [-8.50781, -3.50436, 30.5], "size": [2, 2, 3], "uv": [7, 177]},
						{"origin": [-8.48437, 1.73828, 30.5], "size": [2, 2, 3], "pivot": [0.02149, 0.11696, 32], "rotation": [-135, 0, 0], "uv": [177, 11]},
						{"origin": [-8.50781, 1.73828, 30.5], "size": [2, 2, 3], "pivot": [0.00195, 0.11696, 32], "rotation": [-90, 0, 0], "uv": [55, 177]},
						{"origin": [-8.48437, 1.73828, 30.5], "size": [2, 2, 3], "pivot": [0.02149, 0.11696, 32], "rotation": [-45, 0, 0], "uv": [65, 177]}
					]
				},
				{
					"name": "wheels1",
					"parent": "train",
					"pivot": [0.00174, 0.07489, -32],
					"cubes": [
						{"origin": [6.51172, 1.73828, -33.5], "size": [2, 2, 3], "uv": [49, 145]},
						{"origin": [6.48438, 1.73828, -33.5], "size": [2, 2, 3], "pivot": [-0.02148, 0.11696, -32], "rotation": [-45, 0, 0], "uv": [0, 165]},
						{"origin": [6.51172, 1.73828, -33.5], "size": [2, 2, 3], "pivot": [0.00195, 0.11696, -32], "rotation": [-90, 0, 0], "uv": [158, 48]},
						{"origin": [6.48438, 1.73828, -33.5], "size": [2, 2, 3], "pivot": [-0.02148, 0.11696, -32], "rotation": [-135, 0, 0], "uv": [151, 57]},
						{"origin": [6.51172, -3.50436, -33.5], "size": [2, 2, 3], "uv": [151, 46]},
						{"origin": [6.75781, -2.26172, -34], "size": [1.5, 4, 4], "uv": [123, 57]},
						{"origin": [6.48438, -3.50436, -33.5], "size": [2, 2, 3], "pivot": [-0.02148, 0.11696, -32], "rotation": [-45, 0, 0], "uv": [62, 150]},
						{"origin": [6.51172, -3.50436, -33.5], "size": [2, 2, 3], "pivot": [0.00195, 0.11696, -32], "rotation": [-90, 0, 0], "uv": [52, 150]},
						{"origin": [6.48438, -3.50436, -33.5], "size": [2, 2, 3], "pivot": [-0.02148, 0.11696, -32], "rotation": [-135, 0, 0], "uv": [59, 145]},
						{"origin": [-8.48437, 1.73828, -33.5], "size": [2, 2, 3], "pivot": [0.02149, 0.11696, -32], "rotation": [-45, 0, 0], "uv": [41, 165]},
						{"origin": [-8.50781, 1.73828, -33.5], "size": [2, 2, 3], "uv": [19, 165]},
						{"origin": [-8.48437, -3.50436, -33.5], "size": [2, 2, 3], "pivot": [0.02149, 0.11696, -32], "rotation": [-135, 0, 0], "uv": [41, 170]},
						{"origin": [-8.50781, -3.50436, -33.5], "size": [2, 2, 3], "pivot": [0.00195, 0.11696, -32], "rotation": [-90, 0, 0], "uv": [19, 170]},
						{"origin": [-8.50781, -3.50436, -33.5], "size": [2, 2, 3], "uv": [164, 167]},
						{"origin": [-8.48437, -3.50436, -33.5], "size": [2, 2, 3], "pivot": [0.02149, 0.11696, -32], "rotation": [-45, 0, 0], "uv": [0, 170]},
						{"origin": [-8.48437, 1.73828, -33.5], "size": [2, 2, 3], "pivot": [0.02149, 0.11696, -32], "rotation": [-135, 0, 0], "uv": [7, 167]},
						{"origin": [-8.50781, 1.73828, -33.5], "size": [2, 2, 3], "pivot": [0.00195, 0.11696, -32], "rotation": [-90, 0, 0], "uv": [157, 165]},
						{"origin": [-8.25781, -2.26172, -34], "size": [1.5, 4, 4], "uv": [123, 65]}
					]
				},
				{
					"name": "train_main",
					"parent": "train",
					"pivot": [0.43, -3.3975, -0.42],
					"cubes": [
						{"origin": [-9.5, 5.5, -42], "size": [19, 1, 85], "uv": [0, 0]},
						{"origin": [-9.5, 6.5, -42], "size": [19, 9, 9], "uv": [123, 19]},
						{"origin": [-2.5, 11.5, -43], "size": [5, 5, 10], "uv": [52, 37]},
						{
							"origin": [-10.5, 6.5, -11],
							"size": [21, 19, 22],
							"uv": {
								"north": {"uv": [84, 237], "uv_size": [21, 19]},
								"east": {"uv": [62, 237], "uv_size": [22, 19]},
								"south": {"uv": [127, 237], "uv_size": [21, 19]},
								"west": {"uv": [105, 237], "uv_size": [22, 19]},
								"up": {"uv": [84, 215], "uv_size": [21, 22]},
								"down": {"uv": [105, 237], "uv_size": [21, -22]}
							}
						},
						{"origin": [-10.5, 6.5, -15], "size": [21, 19, 4], "uv": [206, 171]},
						{"origin": [-9.5, 6.5, 40], "size": [19, 19, 3], "uv": [212, 4]},
						{"origin": [-10.5, 6.5, -33], "size": [21, 10, 1], "uv": [17, 59]},
						{"origin": [8.5, 6.5, -32], "size": [2, 10, 9], "uv": [0, 34]},
						{"origin": [9.5, 16.5, -33], "size": [1, 8, 1], "uv": [24, 0]},
						{"origin": [-1.5, 16.5, -33], "size": [3, 8, 1], "uv": [34, 0]},
						{"origin": [-10.5, 16.5, -33], "size": [1, 8, 1], "uv": [20, 0]},
						{"origin": [-10.5, 24.5, -33], "size": [21, 1, 18], "uv": [121, 196]},
						{"origin": [8.5, 20.5, -24], "size": [4, 4, 1], "uv": [62, 140]},
						{"origin": [8.5, 16.5, -24], "size": [2, 4, 1], "uv": [28, 4], "mirror": true},
						{"origin": [-8.5, 25.5, -26], "size": [17, 2, 5], "uv": [168, 93]},
						{"origin": [3.5, 25.5, -7], "size": [5, 2, 18], "uv": [123, 57]},
						{"origin": [-8.5, 25.5, -7], "size": [5, 2, 18], "uv": [123, 37]},
						{"origin": [-3.5, 25.5, -1], "size": [7, 2, 6], "uv": [102, 116]},
						{"origin": [-2.5, 25.5, 10], "size": [5, 2, 6], "uv": [60, 8]},
						{"origin": [-2.5, 25.5, 21], "size": [5, 2, 6], "uv": [60, 0]},
						{"origin": [-2.5, 25.5, 16], "size": [5, 1, 5], "uv": [0, 16]},
						{"origin": [3.5, 25.5, 27], "size": [5, 2, 12], "uv": [135, 165]},
						{"origin": [-3.5, 25.5, 33], "size": [7, 2, 6], "uv": [102, 102]},
						{"origin": [-8.5, 25.5, 27], "size": [5, 2, 12], "uv": [19, 165]},
						{"origin": [-9.5, 6.5, 28], "size": [19, 19, 12], "uv": [0, 225]},
						{"origin": [9.5, 6.5, 30], "size": [1, 2, 8], "uv": [67, 27]},
						{"origin": [9.5, 12.5, 30], "size": [1, 2, 8], "uv": [57, 25]},
						{"origin": [9.5, 8.5, 30], "size": [1, 4, 2], "uv": [67, 27]},
						{"origin": [9.5, 8.5, 36], "size": [1, 4, 2], "uv": [77, 29]},
						{"origin": [-10.5, 12.5, 30], "size": [1, 2, 8], "uv": [57, 25], "mirror": true},
						{"origin": [-10.5, 8.5, 30], "size": [1, 4, 2], "uv": [67, 27], "mirror": true},
						{"origin": [-10.5, 6.5, 30], "size": [1, 2, 8], "uv": [67, 27], "mirror": true},
						{"origin": [-10.5, 8.5, 36], "size": [1, 4, 2], "uv": [77, 29], "mirror": true},
						{"origin": [-9.5, 9.5, 11], "size": [19, 16, 17], "uv": [149, 223]},
						{"origin": [9.5, 6.5, 11], "size": [1, 3, 17], "uv": [36, 165]},
						{"origin": [9.5, 20.5, 11], "size": [1, 5, 17], "uv": [220, 116]},
						{"origin": [-10.5, 6.5, 11], "size": [1, 3, 17], "uv": [157, 155]},
						{"origin": [-10.5, 20.5, 11], "size": [1, 5, 17], "uv": [220, 116], "mirror": true},
						{"origin": [-10.5, 6.5, -32], "size": [2, 10, 9], "uv": [0, 34], "mirror": true},
						{"origin": [-12.5, 20.5, -24], "size": [4, 4, 1], "uv": [62, 140], "mirror": true},
						{"origin": [-10.5, 16.5, -24], "size": [2, 4, 1], "uv": [28, 4]},
						{"origin": [-9.5, 24.5, -34], "size": [8, 1, 1], "uv": [0, 53]},
						{"origin": [1.5, 24.5, -34], "size": [8, 1, 1], "uv": [0, 53], "mirror": true},
						{"origin": [2.5, 5.5, 43], "size": [1, 24, 1], "uv": [62, 86]},
						{"origin": [-3.5, 5.5, 43], "size": [1, 24, 1], "uv": [67, 100], "mirror": true},
						{"origin": [2.5, 28.5, 38], "size": [1, 1, 5], "uv": [50, 86]},
						{"origin": [-3.5, 28.5, 38], "size": [1, 1, 5], "uv": [0, 86]},
						{"origin": [2.5, 27.5, 38], "size": [1, 1, 1], "uv": [60, 20]},
						{"origin": [-3.5, 27.5, 38], "size": [1, 1, 1], "uv": [0, 40]},
						{"origin": [-2.5, 21.5, 43], "size": [5, 1, 1], "uv": [72, 45]},
						{"origin": [-2.5, 17.5, 43], "size": [5, 1, 1], "uv": [72, 43]},
						{"origin": [-2.5, 13.5, 43], "size": [5, 1, 1], "uv": [70, 67]},
						{"origin": [-2.5, 9.5, 43], "size": [5, 1, 1], "uv": [70, 67]},
						{"origin": [2.5, 7.5, -43], "size": [1, 4, 1], "uv": [72, 37]},
						{"origin": [-3.5, 7.5, -43], "size": [1, 4, 1], "uv": [70, 52]},
						{"origin": [-1, 93.75, -37], "size": [2, 2, 4], "pivot": [0, 27.5, -35.75], "rotation": [-90, 0, 0], "uv": [123, 6]},
						{"origin": [-1, 94.75, -37], "size": [2, 2, 1], "inflate": 0.3, "pivot": [0, 28.5, -35.75], "rotation": [-90, 0, 0], "uv": [0, 37]},
						{"origin": [9.5, 6.5, 28], "size": [1, 19, 2], "uv": [34, 204]},
						{"origin": [9.5, 6.5, 38], "size": [1, 19, 5], "uv": [40, 201]},
						{"origin": [9.5, 23.5, 30], "size": [1, 2, 8], "uv": [32, 17]},
						{"origin": [-10.5, 23.5, 30], "size": [1, 2, 8], "uv": [32, 17], "mirror": true},
						{"origin": [-10.5, 6.5, 38], "size": [1, 19, 5], "uv": [40, 201], "mirror": true},
						{"origin": [-10.5, 6.5, 28], "size": [1, 19, 2], "uv": [34, 204], "mirror": true},
						{"origin": [-9.5, 2.5, -42], "size": [19, 3, 6], "uv": [136, 146]},
						{"origin": [9.5, 3.5, -41], "size": [1, 1, 4], "uv": [130, 49]},
						{"origin": [9.5, 0.5, -41], "size": [1, 1, 4], "uv": [129, 69]},
						{"origin": [-9.5, -2.5, -42], "size": [19, 3, 6], "uv": [151, 37]},
						{"origin": [2.5, 0.5, -42], "size": [7, 2, 6], "uv": [102, 86]},
						{"origin": [-1, 0.5, -44], "size": [2, 2, 1], "inflate": 0.3, "uv": [0, 37]},
						{"origin": [-1, 0.5, -44], "size": [2, 2, 4], "uv": [123, 6]},
						{"origin": [-2.5, 3.5, -43], "size": [5, 1, 1], "uv": [50, 79]},
						{"origin": [-2.5, 5.5, -43], "size": [5, 1, 1], "uv": [0, 80]},
						{"origin": [-10.5, 0.5, -41], "size": [1, 1, 4], "uv": [0, 225]},
						{
							"origin": [-7.5, -1.25, -36],
							"size": [15, 7, 72],
							"uv": {
								"north": {"uv": [72, 158], "uv_size": [15, 7]},
								"east": {"uv": [0, 158], "uv_size": [72, 7]},
								"south": {"uv": [159, 158], "uv_size": [15, 7]},
								"west": {"uv": [87, 158], "uv_size": [72, 7]},
								"down": {"uv": [87, 158], "uv_size": [15, -72]}
							}
						},
						{"origin": [-9.5, 0.5, -42], "size": [7, 2, 6], "uv": [102, 94]}
					]
				},
				{
					"name": "grate",
					"parent": "train_main",
					"pivot": [0, -12.5, 4],
					"cubes": [
						{
							"origin": [9.8, 19.5, 11],
							"size": [0.4, 1, 17],
							"uv": {
								"north": {"uv": [0, 195], "uv_size": [1, 1]},
								"east": {"uv": [0, 195], "uv_size": [17, 1]},
								"south": {"uv": [16, 195], "uv_size": [1, 1]},
								"west": {"uv": [0, 195], "uv_size": [17, 1]},
								"up": {"uv": [17, 195], "uv_size": [-17, 1]},
								"down": {"uv": [17, 196], "uv_size": [-17, -1]}
							}
						},
						{
							"origin": [9.8, 17.5, 12],
							"size": [0.4, 1, 15],
							"uv": {
								"north": {"uv": [0, 197], "uv_size": [1, 1]},
								"east": {"uv": [1, 197], "uv_size": [15, 1]},
								"south": {"uv": [16, 197], "uv_size": [1, 1]},
								"west": {"uv": [1, 197], "uv_size": [15, 1]},
								"up": {"uv": [16, 197], "uv_size": [-15, 1]},
								"down": {"uv": [16, 198], "uv_size": [-15, -1]}
							}
						},
						{
							"origin": [9.8, 15.5, 12],
							"size": [0.4, 1, 15],
							"uv": {
								"north": {"uv": [0, 199], "uv_size": [1, 1]},
								"east": {"uv": [1, 199], "uv_size": [15, 1]},
								"south": {"uv": [16, 199], "uv_size": [1, 1]},
								"west": {"uv": [1, 199], "uv_size": [15, 1]},
								"up": {"uv": [16, 199], "uv_size": [-15, 1]},
								"down": {"uv": [16, 200], "uv_size": [-15, -1]}
							}
						},
						{
							"origin": [9.8, 13.5, 12],
							"size": [0.4, 1, 15],
							"uv": {
								"north": {"uv": [0, 201], "uv_size": [1, 1]},
								"east": {"uv": [1, 201], "uv_size": [15, 1]},
								"south": {"uv": [16, 201], "uv_size": [1, 1]},
								"west": {"uv": [1, 201], "uv_size": [15, 1]},
								"up": {"uv": [16, 201], "uv_size": [-15, 1]},
								"down": {"uv": [16, 202], "uv_size": [-15, -1]}
							}
						},
						{
							"origin": [9.8, 11.5, 12],
							"size": [0.4, 1, 15],
							"uv": {
								"north": {"uv": [0, 203], "uv_size": [1, 1]},
								"east": {"uv": [1, 203], "uv_size": [15, 1]},
								"south": {"uv": [16, 203], "uv_size": [1, 1]},
								"west": {"uv": [1, 203], "uv_size": [15, 1], "uv_rotation": 180},
								"up": {"uv": [16, 203], "uv_size": [-15, 1]},
								"down": {"uv": [16, 204], "uv_size": [-15, -1]}
							}
						},
						{
							"origin": [9.8, 9.5, 11],
							"size": [0.4, 1, 17],
							"uv": {
								"north": {"uv": [0, 205], "uv_size": [1, 1]},
								"east": {"uv": [0, 205], "uv_size": [17, 1]},
								"south": {"uv": [16, 205], "uv_size": [1, 1]},
								"west": {"uv": [0, 205], "uv_size": [17, 1]},
								"up": {"uv": [17, 205], "uv_size": [-17, 1]},
								"down": {"uv": [17, 206], "uv_size": [-17, -1]}
							}
						},
						{
							"origin": [9.8, 10.5, 11],
							"size": [0.4, 9, 1],
							"uv": {
								"north": {"uv": [0, 196], "uv_size": [1, 9]},
								"east": {"uv": [0, 196], "uv_size": [1, 9]},
								"south": {"uv": [0, 196], "uv_size": [1, 9]},
								"west": {"uv": [0, 196], "uv_size": [1, 9]},
								"up": {"uv": [1, 197], "uv_size": [-1, -1]},
								"down": {"uv": [1, 205], "uv_size": [-1, -1]}
							}
						},
						{
							"origin": [9.8, 10.5, 27],
							"size": [0.4, 9, 1],
							"uv": {
								"north": {"uv": [16, 196], "uv_size": [1, 9]},
								"east": {"uv": [16, 196], "uv_size": [1, 9]},
								"south": {"uv": [16, 196], "uv_size": [1, 9]},
								"west": {"uv": [16, 196], "uv_size": [1, 9]},
								"up": {"uv": [17, 197], "uv_size": [-1, -1]},
								"down": {"uv": [17, 205], "uv_size": [-1, -1]}
							}
						},
						{
							"origin": [9.8, 18.5, 15],
							"size": [0.4, 1, 1],
							"uv": {
								"north": {"uv": [4, 196], "uv_size": [1, 1]},
								"east": {"uv": [4, 196], "uv_size": [1, 1]},
								"south": {"uv": [4, 196], "uv_size": [1, 1]},
								"west": {"uv": [4, 196], "uv_size": [1, 1]},
								"up": {"uv": [5, 197], "uv_size": [-1, -1]},
								"down": {"uv": [5, 197], "uv_size": [-1, -1]}
							}
						},
						{
							"origin": [9.8, 18.5, 19],
							"size": [0.4, 1, 1],
							"uv": {
								"north": {"uv": [8, 196], "uv_size": [1, 1]},
								"east": {"uv": [8, 196], "uv_size": [1, 1]},
								"south": {"uv": [8, 196], "uv_size": [1, 1]},
								"west": {"uv": [8, 196], "uv_size": [1, 1]},
								"up": {"uv": [9, 197], "uv_size": [-1, -1]},
								"down": {"uv": [9, 197], "uv_size": [-1, -1]}
							}
						},
						{
							"origin": [9.8, 18.5, 23],
							"size": [0.4, 1, 1],
							"uv": {
								"north": {"uv": [12, 196], "uv_size": [1, 1]},
								"east": {"uv": [12, 196], "uv_size": [1, 1]},
								"south": {"uv": [12, 196], "uv_size": [1, 1]},
								"west": {"uv": [12, 196], "uv_size": [1, 1]},
								"up": {"uv": [13, 197], "uv_size": [-1, -1]},
								"down": {"uv": [13, 197], "uv_size": [-1, -1]}
							}
						},
						{
							"origin": [9.8, 16.5, 15],
							"size": [0.4, 1, 1],
							"uv": {
								"north": {"uv": [4, 198], "uv_size": [1, 1]},
								"east": {"uv": [4, 198], "uv_size": [1, 1]},
								"south": {"uv": [4, 198], "uv_size": [1, 1]},
								"west": {"uv": [4, 198], "uv_size": [1, 1]},
								"up": {"uv": [5, 199], "uv_size": [-1, -1]},
								"down": {"uv": [5, 199], "uv_size": [-1, -1]}
							}
						},
						{
							"origin": [9.8, 16.5, 19],
							"size": [0.4, 1, 1],
							"uv": {
								"north": {"uv": [8, 198], "uv_size": [1, 1]},
								"east": {"uv": [8, 198], "uv_size": [1, 1]},
								"south": {"uv": [8, 198], "uv_size": [1, 1]},
								"west": {"uv": [8, 198], "uv_size": [1, 1]},
								"up": {"uv": [9, 199], "uv_size": [-1, -1]},
								"down": {"uv": [9, 199], "uv_size": [-1, -1]}
							}
						},
						{
							"origin": [9.8, 16.5, 23],
							"size": [0.4, 1, 1],
							"uv": {
								"north": {"uv": [12, 198], "uv_size": [1, 1]},
								"east": {"uv": [12, 198], "uv_size": [1, 1]},
								"south": {"uv": [12, 198], "uv_size": [1, 1]},
								"west": {"uv": [12, 198], "uv_size": [1, 1]},
								"up": {"uv": [13, 199], "uv_size": [-1, -1]},
								"down": {"uv": [13, 199], "uv_size": [-1, -1]}
							}
						},
						{
							"origin": [9.8, 14.5, 15],
							"size": [0.4, 1, 1],
							"uv": {
								"north": {"uv": [4, 200], "uv_size": [1, 1]},
								"east": {"uv": [4, 200], "uv_size": [1, 1]},
								"south": {"uv": [4, 200], "uv_size": [1, 1]},
								"west": {"uv": [4, 200], "uv_size": [1, 1]},
								"up": {"uv": [5, 201], "uv_size": [-1, -1]},
								"down": {"uv": [5, 201], "uv_size": [-1, -1]}
							}
						},
						{
							"origin": [9.8, 14.5, 19],
							"size": [0.4, 1, 1],
							"uv": {
								"north": {"uv": [8, 200], "uv_size": [1, 1]},
								"east": {"uv": [8, 200], "uv_size": [1, 1]},
								"south": {"uv": [8, 200], "uv_size": [1, 1]},
								"west": {"uv": [8, 200], "uv_size": [1, 1]},
								"up": {"uv": [9, 201], "uv_size": [-1, -1]},
								"down": {"uv": [9, 201], "uv_size": [-1, -1]}
							}
						},
						{
							"origin": [9.8, 14.5, 23],
							"size": [0.4, 1, 1],
							"uv": {
								"north": {"uv": [12, 200], "uv_size": [1, 1]},
								"east": {"uv": [12, 200], "uv_size": [1, 1]},
								"south": {"uv": [12, 200], "uv_size": [1, 1]},
								"west": {"uv": [12, 200], "uv_size": [1, 1]},
								"up": {"uv": [13, 201], "uv_size": [-1, -1]},
								"down": {"uv": [13, 201], "uv_size": [-1, -1]}
							}
						},
						{
							"origin": [9.8, 12.5, 15],
							"size": [0.4, 1, 1],
							"uv": {
								"north": {"uv": [4, 202], "uv_size": [1, 1]},
								"east": {"uv": [4, 202], "uv_size": [1, 1]},
								"south": {"uv": [4, 202], "uv_size": [1, 1]},
								"west": {"uv": [4, 202], "uv_size": [1, 1]},
								"up": {"uv": [5, 203], "uv_size": [-1, -1]},
								"down": {"uv": [5, 203], "uv_size": [-1, -1]}
							}
						},
						{
							"origin": [9.8, 12.5, 19],
							"size": [0.4, 1, 1],
							"uv": {
								"north": {"uv": [8, 202], "uv_size": [1, 1]},
								"east": {"uv": [8, 202], "uv_size": [1, 1]},
								"south": {"uv": [8, 202], "uv_size": [1, 1]},
								"west": {"uv": [8, 202], "uv_size": [1, 1]},
								"up": {"uv": [9, 203], "uv_size": [-1, -1]},
								"down": {"uv": [9, 203], "uv_size": [-1, -1]}
							}
						},
						{
							"origin": [9.8, 12.5, 23],
							"size": [0.4, 1, 1],
							"uv": {
								"north": {"uv": [12, 202], "uv_size": [1, 1]},
								"east": {"uv": [12, 202], "uv_size": [1, 1]},
								"south": {"uv": [12, 202], "uv_size": [1, 1]},
								"west": {"uv": [12, 202], "uv_size": [1, 1]},
								"up": {"uv": [13, 203], "uv_size": [-1, -1]},
								"down": {"uv": [13, 203], "uv_size": [-1, -1]}
							}
						},
						{
							"origin": [9.8, 10.5, 15],
							"size": [0.4, 1, 1],
							"uv": {
								"north": {"uv": [4, 204], "uv_size": [1, 1]},
								"east": {"uv": [4, 204], "uv_size": [1, 1]},
								"south": {"uv": [4, 204], "uv_size": [1, 1]},
								"west": {"uv": [4, 204], "uv_size": [1, 1]},
								"up": {"uv": [5, 205], "uv_size": [-1, -1]},
								"down": {"uv": [5, 205], "uv_size": [-1, -1]}
							}
						},
						{
							"origin": [9.8, 10.5, 19],
							"size": [0.4, 1, 1],
							"uv": {
								"north": {"uv": [8, 204], "uv_size": [1, 1]},
								"east": {"uv": [8, 204], "uv_size": [1, 1]},
								"south": {"uv": [8, 204], "uv_size": [1, 1]},
								"west": {"uv": [8, 204], "uv_size": [1, 1]},
								"up": {"uv": [9, 205], "uv_size": [-1, -1]},
								"down": {"uv": [9, 205], "uv_size": [-1, -1]}
							}
						},
						{
							"origin": [9.8, 10.5, 23],
							"size": [0.4, 1, 1],
							"uv": {
								"north": {"uv": [12, 204], "uv_size": [1, 1]},
								"east": {"uv": [12, 204], "uv_size": [1, 1]},
								"south": {"uv": [12, 204], "uv_size": [1, 1]},
								"west": {"uv": [12, 204], "uv_size": [1, 1]},
								"up": {"uv": [13, 205], "uv_size": [-1, -1]},
								"down": {"uv": [13, 205], "uv_size": [-1, -1]}
							}
						},
						{
							"origin": [9.8, 18.5, 15],
							"size": [0.4, 1, 1],
							"uv": {
								"north": {"uv": [4, 196], "uv_size": [1, 1]},
								"east": {"uv": [4, 196], "uv_size": [1, 1]},
								"south": {"uv": [4, 196], "uv_size": [1, 1]},
								"west": {"uv": [4, 196], "uv_size": [1, 1]},
								"up": {"uv": [5, 197], "uv_size": [-1, -1]},
								"down": {"uv": [5, 197], "uv_size": [-1, -1]}
							}
						}
					]
				},
				{
					"name": "grate2",
					"parent": "train_main",
					"pivot": [-20, -12.5, 4],
					"cubes": [
						{
							"origin": [-10.2, 19.5, 11],
							"size": [0.4, 1, 17],
							"uv": {
								"north": {"uv": [0, 195], "uv_size": [1, 1]},
								"east": {"uv": [0, 195], "uv_size": [17, 1]},
								"south": {"uv": [16, 195], "uv_size": [1, 1]},
								"west": {"uv": [0, 195], "uv_size": [17, 1]},
								"up": {"uv": [17, 195], "uv_size": [-17, 1]},
								"down": {"uv": [17, 196], "uv_size": [-17, -1]}
							}
						},
						{
							"origin": [-10.2, 17.5, 12],
							"size": [0.4, 1, 15],
							"uv": {
								"north": {"uv": [0, 197], "uv_size": [1, 1]},
								"east": {"uv": [1, 197], "uv_size": [15, 1]},
								"south": {"uv": [16, 197], "uv_size": [1, 1]},
								"west": {"uv": [1, 197], "uv_size": [15, 1]},
								"up": {"uv": [16, 197], "uv_size": [-15, 1]},
								"down": {"uv": [16, 198], "uv_size": [-15, -1]}
							}
						},
						{
							"origin": [-10.2, 15.5, 12],
							"size": [0.4, 1, 15],
							"uv": {
								"north": {"uv": [0, 199], "uv_size": [1, 1]},
								"east": {"uv": [1, 199], "uv_size": [15, 1]},
								"south": {"uv": [16, 199], "uv_size": [1, 1]},
								"west": {"uv": [1, 199], "uv_size": [15, 1]},
								"up": {"uv": [16, 199], "uv_size": [-15, 1]},
								"down": {"uv": [16, 200], "uv_size": [-15, -1]}
							}
						},
						{
							"origin": [-10.2, 13.5, 12],
							"size": [0.4, 1, 15],
							"uv": {
								"north": {"uv": [0, 201], "uv_size": [1, 1]},
								"east": {"uv": [1, 201], "uv_size": [15, 1]},
								"south": {"uv": [16, 201], "uv_size": [1, 1]},
								"west": {"uv": [1, 201], "uv_size": [15, 1]},
								"up": {"uv": [16, 201], "uv_size": [-15, 1]},
								"down": {"uv": [16, 202], "uv_size": [-15, -1]}
							}
						},
						{
							"origin": [-10.2, 11.5, 12],
							"size": [0.4, 1, 15],
							"uv": {
								"north": {"uv": [0, 203], "uv_size": [1, 1]},
								"east": {"uv": [1, 203], "uv_size": [15, 1]},
								"south": {"uv": [16, 203], "uv_size": [1, 1]},
								"west": {"uv": [1, 203], "uv_size": [15, 1], "uv_rotation": 180},
								"up": {"uv": [16, 203], "uv_size": [-15, 1]},
								"down": {"uv": [16, 204], "uv_size": [-15, -1]}
							}
						},
						{
							"origin": [-10.2, 9.5, 11],
							"size": [0.4, 1, 17],
							"uv": {
								"north": {"uv": [0, 205], "uv_size": [1, 1]},
								"east": {"uv": [0, 205], "uv_size": [17, 1]},
								"south": {"uv": [16, 205], "uv_size": [1, 1]},
								"west": {"uv": [0, 205], "uv_size": [17, 1]},
								"up": {"uv": [17, 205], "uv_size": [-17, 1]},
								"down": {"uv": [17, 206], "uv_size": [-17, -1]}
							}
						},
						{
							"origin": [-10.2, 10.5, 11],
							"size": [0.4, 9, 1],
							"uv": {
								"north": {"uv": [0, 196], "uv_size": [1, 9]},
								"east": {"uv": [0, 196], "uv_size": [1, 9]},
								"south": {"uv": [0, 196], "uv_size": [1, 9]},
								"west": {"uv": [0, 196], "uv_size": [1, 9]},
								"up": {"uv": [1, 197], "uv_size": [-1, -1]},
								"down": {"uv": [1, 205], "uv_size": [-1, -1]}
							}
						},
						{
							"origin": [-10.2, 10.5, 27],
							"size": [0.4, 9, 1],
							"uv": {
								"north": {"uv": [16, 196], "uv_size": [1, 9]},
								"east": {"uv": [16, 196], "uv_size": [1, 9]},
								"south": {"uv": [16, 196], "uv_size": [1, 9]},
								"west": {"uv": [16, 196], "uv_size": [1, 9]},
								"up": {"uv": [17, 197], "uv_size": [-1, -1]},
								"down": {"uv": [17, 205], "uv_size": [-1, -1]}
							}
						},
						{
							"origin": [-10.2, 18.5, 15],
							"size": [0.4, 1, 1],
							"uv": {
								"north": {"uv": [4, 196], "uv_size": [1, 1]},
								"east": {"uv": [4, 196], "uv_size": [1, 1]},
								"south": {"uv": [4, 196], "uv_size": [1, 1]},
								"west": {"uv": [4, 196], "uv_size": [1, 1]},
								"up": {"uv": [5, 197], "uv_size": [-1, -1]},
								"down": {"uv": [5, 197], "uv_size": [-1, -1]}
							}
						},
						{
							"origin": [-10.2, 18.5, 19],
							"size": [0.4, 1, 1],
							"uv": {
								"north": {"uv": [8, 196], "uv_size": [1, 1]},
								"east": {"uv": [8, 196], "uv_size": [1, 1]},
								"south": {"uv": [8, 196], "uv_size": [1, 1]},
								"west": {"uv": [8, 196], "uv_size": [1, 1]},
								"up": {"uv": [9, 197], "uv_size": [-1, -1]},
								"down": {"uv": [9, 197], "uv_size": [-1, -1]}
							}
						},
						{
							"origin": [-10.2, 18.5, 23],
							"size": [0.4, 1, 1],
							"uv": {
								"north": {"uv": [12, 196], "uv_size": [1, 1]},
								"east": {"uv": [12, 196], "uv_size": [1, 1]},
								"south": {"uv": [12, 196], "uv_size": [1, 1]},
								"west": {"uv": [12, 196], "uv_size": [1, 1]},
								"up": {"uv": [13, 197], "uv_size": [-1, -1]},
								"down": {"uv": [13, 197], "uv_size": [-1, -1]}
							}
						},
						{
							"origin": [-10.2, 16.5, 15],
							"size": [0.4, 1, 1],
							"uv": {
								"north": {"uv": [4, 198], "uv_size": [1, 1]},
								"east": {"uv": [4, 198], "uv_size": [1, 1]},
								"south": {"uv": [4, 198], "uv_size": [1, 1]},
								"west": {"uv": [4, 198], "uv_size": [1, 1]},
								"up": {"uv": [5, 199], "uv_size": [-1, -1]},
								"down": {"uv": [5, 199], "uv_size": [-1, -1]}
							}
						},
						{
							"origin": [-10.2, 16.5, 19],
							"size": [0.4, 1, 1],
							"uv": {
								"north": {"uv": [8, 198], "uv_size": [1, 1]},
								"east": {"uv": [8, 198], "uv_size": [1, 1]},
								"south": {"uv": [8, 198], "uv_size": [1, 1]},
								"west": {"uv": [8, 198], "uv_size": [1, 1]},
								"up": {"uv": [9, 199], "uv_size": [-1, -1]},
								"down": {"uv": [9, 199], "uv_size": [-1, -1]}
							}
						},
						{
							"origin": [-10.2, 16.5, 23],
							"size": [0.4, 1, 1],
							"uv": {
								"north": {"uv": [12, 198], "uv_size": [1, 1]},
								"east": {"uv": [12, 198], "uv_size": [1, 1]},
								"south": {"uv": [12, 198], "uv_size": [1, 1]},
								"west": {"uv": [12, 198], "uv_size": [1, 1]},
								"up": {"uv": [13, 199], "uv_size": [-1, -1]},
								"down": {"uv": [13, 199], "uv_size": [-1, -1]}
							}
						},
						{
							"origin": [-10.2, 14.5, 15],
							"size": [0.4, 1, 1],
							"uv": {
								"north": {"uv": [4, 200], "uv_size": [1, 1]},
								"east": {"uv": [4, 200], "uv_size": [1, 1]},
								"south": {"uv": [4, 200], "uv_size": [1, 1]},
								"west": {"uv": [4, 200], "uv_size": [1, 1]},
								"up": {"uv": [5, 201], "uv_size": [-1, -1]},
								"down": {"uv": [5, 201], "uv_size": [-1, -1]}
							}
						},
						{
							"origin": [-10.2, 14.5, 19],
							"size": [0.4, 1, 1],
							"uv": {
								"north": {"uv": [8, 200], "uv_size": [1, 1]},
								"east": {"uv": [8, 200], "uv_size": [1, 1]},
								"south": {"uv": [8, 200], "uv_size": [1, 1]},
								"west": {"uv": [8, 200], "uv_size": [1, 1]},
								"up": {"uv": [9, 201], "uv_size": [-1, -1]},
								"down": {"uv": [9, 201], "uv_size": [-1, -1]}
							}
						},
						{
							"origin": [-10.2, 14.5, 23],
							"size": [0.4, 1, 1],
							"uv": {
								"north": {"uv": [12, 200], "uv_size": [1, 1]},
								"east": {"uv": [12, 200], "uv_size": [1, 1]},
								"south": {"uv": [12, 200], "uv_size": [1, 1]},
								"west": {"uv": [12, 200], "uv_size": [1, 1]},
								"up": {"uv": [13, 201], "uv_size": [-1, -1]},
								"down": {"uv": [13, 201], "uv_size": [-1, -1]}
							}
						},
						{
							"origin": [-10.2, 12.5, 15],
							"size": [0.4, 1, 1],
							"uv": {
								"north": {"uv": [4, 202], "uv_size": [1, 1]},
								"east": {"uv": [4, 202], "uv_size": [1, 1]},
								"south": {"uv": [4, 202], "uv_size": [1, 1]},
								"west": {"uv": [4, 202], "uv_size": [1, 1]},
								"up": {"uv": [5, 203], "uv_size": [-1, -1]},
								"down": {"uv": [5, 203], "uv_size": [-1, -1]}
							}
						},
						{
							"origin": [-10.2, 12.5, 19],
							"size": [0.4, 1, 1],
							"uv": {
								"north": {"uv": [8, 202], "uv_size": [1, 1]},
								"east": {"uv": [8, 202], "uv_size": [1, 1]},
								"south": {"uv": [8, 202], "uv_size": [1, 1]},
								"west": {"uv": [8, 202], "uv_size": [1, 1]},
								"up": {"uv": [9, 203], "uv_size": [-1, -1]},
								"down": {"uv": [9, 203], "uv_size": [-1, -1]}
							}
						},
						{
							"origin": [-10.2, 12.5, 23],
							"size": [0.4, 1, 1],
							"uv": {
								"north": {"uv": [12, 202], "uv_size": [1, 1]},
								"east": {"uv": [12, 202], "uv_size": [1, 1]},
								"south": {"uv": [12, 202], "uv_size": [1, 1]},
								"west": {"uv": [12, 202], "uv_size": [1, 1]},
								"up": {"uv": [13, 203], "uv_size": [-1, -1]},
								"down": {"uv": [13, 203], "uv_size": [-1, -1]}
							}
						},
						{
							"origin": [-10.2, 10.5, 15],
							"size": [0.4, 1, 1],
							"uv": {
								"north": {"uv": [4, 204], "uv_size": [1, 1]},
								"east": {"uv": [4, 204], "uv_size": [1, 1]},
								"south": {"uv": [4, 204], "uv_size": [1, 1]},
								"west": {"uv": [4, 204], "uv_size": [1, 1]},
								"up": {"uv": [5, 205], "uv_size": [-1, -1]},
								"down": {"uv": [5, 205], "uv_size": [-1, -1]}
							}
						},
						{
							"origin": [-10.2, 10.5, 19],
							"size": [0.4, 1, 1],
							"uv": {
								"north": {"uv": [8, 204], "uv_size": [1, 1]},
								"east": {"uv": [8, 204], "uv_size": [1, 1]},
								"south": {"uv": [8, 204], "uv_size": [1, 1]},
								"west": {"uv": [8, 204], "uv_size": [1, 1]},
								"up": {"uv": [9, 205], "uv_size": [-1, -1]},
								"down": {"uv": [9, 205], "uv_size": [-1, -1]}
							}
						},
						{
							"origin": [-10.2, 10.5, 23],
							"size": [0.4, 1, 1],
							"uv": {
								"north": {"uv": [12, 204], "uv_size": [1, 1]},
								"east": {"uv": [12, 204], "uv_size": [1, 1]},
								"south": {"uv": [12, 204], "uv_size": [1, 1]},
								"west": {"uv": [12, 204], "uv_size": [1, 1]},
								"up": {"uv": [13, 205], "uv_size": [-1, -1]},
								"down": {"uv": [13, 205], "uv_size": [-1, -1]}
							}
						},
						{
							"origin": [-10.2, 18.5, 15],
							"size": [0.4, 1, 1],
							"uv": {
								"north": {"uv": [4, 196], "uv_size": [1, 1]},
								"east": {"uv": [4, 196], "uv_size": [1, 1]},
								"south": {"uv": [4, 196], "uv_size": [1, 1]},
								"west": {"uv": [4, 196], "uv_size": [1, 1]},
								"up": {"uv": [5, 197], "uv_size": [-1, -1]},
								"down": {"uv": [5, 197], "uv_size": [-1, -1]}
							}
						}
					]
				},
				{
					"name": "window5",
					"parent": "train_main",
					"pivot": [18, -3.5, 0],
					"cubes": [
						{
							"origin": [-9.5, 16.5, -32.5],
							"size": [1, 8, 0.5],
							"uv": {
								"north": {"uv": [16, 9], "uv_size": [1, 8]},
								"east": {"uv": [16, 9], "uv_size": [1, 8]},
								"south": {"uv": [16, 9], "uv_size": [1, 8]},
								"west": {"uv": [16, 9], "uv_size": [1, 8]},
								"up": {"uv": [16, 10], "uv_size": [1, -1]},
								"down": {"uv": [16, 17], "uv_size": [1, -1]}
							}
						},
						{
							"origin": [-2.5, 16.5, -32.5],
							"size": [1, 8, 0.5],
							"uv": {
								"north": {"uv": [23, 9], "uv_size": [1, 8]},
								"east": {"uv": [23, 9], "uv_size": [1, 8]},
								"south": {"uv": [23, 9], "uv_size": [1, 8]},
								"west": {"uv": [23, 9], "uv_size": [1, 8]},
								"up": {"uv": [23, 10], "uv_size": [1, -1]},
								"down": {"uv": [23, 17], "uv_size": [1, -1]}
							}
						},
						{
							"origin": [-8.5, 23.5, -32.5],
							"size": [6, 1, 0.5],
							"uv": {
								"north": {"uv": [17, 9], "uv_size": [6, 1]},
								"east": {"uv": [22, 9], "uv_size": [1, 1]},
								"south": {"uv": [17, 9], "uv_size": [6, 1]},
								"west": {"uv": [17, 9], "uv_size": [1, 1]},
								"up": {"uv": [17, 10], "uv_size": [6, -1]},
								"down": {"uv": [17, 10], "uv_size": [6, -1]}
							}
						},
						{
							"origin": [2.5, 23.5, -32.5],
							"size": [6, 1, 0.5],
							"uv": {
								"north": {"uv": [28, 9], "uv_size": [6, 1]},
								"east": {"uv": [33, 9], "uv_size": [1, 1]},
								"south": {"uv": [28, 9], "uv_size": [6, 1]},
								"west": {"uv": [28, 9], "uv_size": [1, 1]},
								"up": {"uv": [28, 10], "uv_size": [6, -1]},
								"down": {"uv": [28, 10], "uv_size": [6, -1]}
							}
						},
						{
							"origin": [-8.5, 16.5, -32.5],
							"size": [6, 1, 0.5],
							"uv": {
								"north": {"uv": [17, 16], "uv_size": [6, 1]},
								"east": {"uv": [22, 16], "uv_size": [1, 1]},
								"south": {"uv": [17, 16], "uv_size": [6, 1]},
								"west": {"uv": [17, 16], "uv_size": [1, 1]},
								"up": {"uv": [17, 17], "uv_size": [6, -1]},
								"down": {"uv": [17, 17], "uv_size": [6, -1]}
							}
						},
						{
							"origin": [2.5, 16.5, -32.5],
							"size": [6, 1, 0.5],
							"uv": {
								"north": {"uv": [28, 16], "uv_size": [6, 1]},
								"east": {"uv": [33, 16], "uv_size": [1, 1]},
								"south": {"uv": [28, 16], "uv_size": [6, 1]},
								"west": {"uv": [28, 16], "uv_size": [1, 1]},
								"up": {"uv": [28, 17], "uv_size": [6, -1]},
								"down": {"uv": [28, 17], "uv_size": [6, -1]}
							}
						},
						{
							"origin": [1.5, 16.5, -32.5],
							"size": [1, 8, 0.5],
							"uv": {
								"north": {"uv": [27, 9], "uv_size": [1, 8]},
								"east": {"uv": [27, 9], "uv_size": [1, 8]},
								"south": {"uv": [27, 9], "uv_size": [1, 8]},
								"west": {"uv": [27, 9], "uv_size": [1, 8]},
								"up": {"uv": [27, 10], "uv_size": [1, -1]},
								"down": {"uv": [27, 17], "uv_size": [1, -1]}
							}
						},
						{
							"origin": [8.5, 16.5, -32.5],
							"size": [1, 8, 0.5],
							"uv": {
								"north": {"uv": [34, 9], "uv_size": [1, 8]},
								"east": {"uv": [34, 9], "uv_size": [1, 8]},
								"south": {"uv": [34, 9], "uv_size": [1, 8]},
								"west": {"uv": [34, 9], "uv_size": [1, 8]},
								"up": {"uv": [34, 10], "uv_size": [1, -1]},
								"down": {"uv": [34, 17], "uv_size": [1, -1]}
							}
						}
					]
				},
				{
					"name": "window3",
					"parent": "train_main",
					"pivot": [8.5, 18.5, -19.5],
					"cubes": [
						{
							"origin": [10, 16.5, -20.5],
							"size": [1, 8, 0.5],
							"pivot": [8.5, 20.5, -20.5],
							"rotation": [0, 90, 0],
							"uv": {
								"north": {"uv": [17, 30], "uv_size": [-1, 8]},
								"east": {"uv": [16, 30], "uv_size": [1, 8]},
								"south": {"uv": [17, 30], "uv_size": [-1, 8]},
								"west": {"uv": [16, 38], "uv_size": [1, -8]},
								"up": {"uv": [17, 31], "uv_size": [-1, -1]},
								"down": {"uv": [17, 38], "uv_size": [-1, -1]}
							}
						},
						{
							"origin": [5, 23.5, -19.5],
							"size": [6, 1, 0.5],
							"pivot": [8.5, 20.5, -19.5],
							"rotation": [0, 90, 0],
							"uv": {
								"north": {"uv": [24, 30], "uv_size": [-1, 1]},
								"east": {"uv": [16, 30], "uv_size": [8, 1]},
								"south": {"uv": [17, 30], "uv_size": [-1, 1]},
								"west": {"uv": [16, 31], "uv_size": [8, -1]},
								"up": {"uv": [24, 31], "uv_size": [-8, -1]},
								"down": {"uv": [24, 31], "uv_size": [-8, -1]}
							}
						},
						{
							"origin": [10, 16.5, -13.5],
							"size": [1, 8, 0.5],
							"pivot": [8.5, 20.5, -13.5],
							"rotation": [0, 90, 0],
							"uv": {
								"north": {"uv": [24, 30], "uv_size": [-1, 8]},
								"east": {"uv": [23, 30], "uv_size": [1, 8]},
								"south": {"uv": [24, 30], "uv_size": [-1, 8]},
								"west": {"uv": [23, 38], "uv_size": [1, -8]},
								"up": {"uv": [24, 31], "uv_size": [-1, -1]},
								"down": {"uv": [24, 38], "uv_size": [-1, -1]}
							}
						},
						{
							"origin": [5, 16.5, -19.5],
							"size": [6, 1, 0.5],
							"pivot": [8.5, 13.5, -19.5],
							"rotation": [0, 90, 0],
							"uv": {
								"north": {"uv": [24, 37], "uv_size": [-1, 1]},
								"east": {"uv": [16, 37], "uv_size": [8, 1]},
								"south": {"uv": [17, 37], "uv_size": [-1, 1]},
								"west": {"uv": [16, 38], "uv_size": [8, -1]},
								"up": {"uv": [24, 38], "uv_size": [-8, -1]},
								"down": {"uv": [24, 38], "uv_size": [-8, -1]}
							}
						}
					]
				},
				{
					"name": "window4",
					"parent": "train_main",
					"pivot": [9.5, 18.5, -28.5],
					"cubes": [
						{
							"origin": [11, 16.5, -29.5],
							"size": [1, 8, 0.5],
							"pivot": [9.5, 20.5, -29.5],
							"rotation": [0, 90, 0],
							"uv": {
								"north": {"uv": [17, 22], "uv_size": [-1, 8]},
								"east": {"uv": [16, 22], "uv_size": [1, 8]},
								"south": {"uv": [17, 22], "uv_size": [-1, 8]},
								"west": {"uv": [16, 30], "uv_size": [1, -8]},
								"up": {"uv": [17, 23], "uv_size": [-1, -1]},
								"down": {"uv": [17, 30], "uv_size": [-1, -1]}
							}
						},
						{
							"origin": [6, 23.5, -28.5],
							"size": [6, 1, 0.5],
							"pivot": [9.5, 20.5, -28.5],
							"rotation": [0, 90, 0],
							"uv": {
								"north": {"uv": [24, 22], "uv_size": [-1, 1]},
								"east": {"uv": [16, 22], "uv_size": [8, 1]},
								"south": {"uv": [17, 22], "uv_size": [-1, 1]},
								"west": {"uv": [16, 23], "uv_size": [8, -1]},
								"up": {"uv": [24, 23], "uv_size": [-8, -1]},
								"down": {"uv": [24, 23], "uv_size": [-8, -1]}
							}
						},
						{
							"origin": [11, 16.5, -22.5],
							"size": [1, 8, 0.5],
							"pivot": [9.5, 20.5, -22.5],
							"rotation": [0, 90, 0],
							"uv": {
								"north": {"uv": [24, 22], "uv_size": [-1, 8]},
								"east": {"uv": [23, 22], "uv_size": [1, 8]},
								"south": {"uv": [24, 22], "uv_size": [-1, 8]},
								"west": {"uv": [23, 30], "uv_size": [1, -8]},
								"up": {"uv": [24, 23], "uv_size": [-1, -1]},
								"down": {"uv": [24, 30], "uv_size": [-1, -1]}
							}
						},
						{
							"origin": [6, 16.5, -28.5],
							"size": [6, 1, 0.5],
							"pivot": [9.5, 13.5, -28.5],
							"rotation": [0, 90, 0],
							"uv": {
								"north": {"uv": [24, 29], "uv_size": [-1, 1]},
								"east": {"uv": [16, 29], "uv_size": [8, 1]},
								"south": {"uv": [17, 29], "uv_size": [-1, 1]},
								"west": {"uv": [16, 30], "uv_size": [8, -1]},
								"up": {"uv": [24, 30], "uv_size": [-8, -1]},
								"down": {"uv": [24, 30], "uv_size": [-8, -1]}
							}
						}
					]
				},
				{
					"name": "window",
					"parent": "train_main",
					"pivot": [-10, 18.5, -28.5],
					"cubes": [
						{
							"origin": [-8.5, 11.5, -32],
							"size": [9, 4, 4],
							"uv": {
								"north": {"uv": [14, 74], "uv_size": [9, 4]},
								"east": {"uv": [10, 74], "uv_size": [4, 4]},
								"south": {"uv": [43, 74], "uv_size": [9, 4]},
								"west": {"uv": [28, 74], "uv_size": [4, 4]},
								"up": {"uv": [14, 70], "uv_size": [9, 4]},
								"down": {"uv": [23, 74], "uv_size": [9, -4]}
							}
						},
						{
							"origin": [4.5, 11.5, -32],
							"size": [4, 4, 4],
							"uv": {
								"north": {"uv": [27, 74], "uv_size": [4, 4]},
								"east": {"uv": [27, 74], "uv_size": [4, 4]},
								"south": {"uv": [35, 74], "uv_size": [4, 4]},
								"west": {"uv": [31, 74], "uv_size": [4, 4]},
								"up": {"uv": [27, 70], "uv_size": [4, 4]},
								"down": {"uv": [31, 74], "uv_size": [4, -4]}
							}
						},
						{"origin": [0.5, 11.5, -32], "size": [4, 4, 1], "uv": [22, 73]},
						{
							"origin": [-8.5, 17.5, -32.5],
							"size": [6, 6, 0],
							"uv": {
								"north": {"uv": [17, 10], "uv_size": [6, 6]}
							}
						},
						{
							"origin": [2.5, 17.5, -32.5],
							"size": [6, 6, 0],
							"uv": {
								"north": {"uv": [17, 10], "uv_size": [6, 6]}
							}
						},
						{
							"origin": [-12.5, 17.5, -28.5],
							"size": [6, 6, 0],
							"pivot": [-9, 19.5, -28.5],
							"rotation": [0, 90, 0],
							"uv": {
								"north": {"uv": [17, 10], "uv_size": [6, 6]}
							}
						},
						{
							"origin": [6.5, 17.5, -28.5],
							"size": [6, 6, 0],
							"pivot": [10, 19.5, -28.5],
							"rotation": [0, 90, 0],
							"uv": {
								"north": {"uv": [17, 10], "uv_size": [6, 6]}
							}
						},
						{
							"origin": [-12.5, 17.5, -19.5],
							"size": [6, 6, 0],
							"pivot": [-9, 19.5, -19.5],
							"rotation": [0, 90, 0],
							"uv": {
								"north": {"uv": [17, 10], "uv_size": [6, 6]}
							}
						},
						{
							"origin": [5.5, 17.5, -19.5],
							"size": [6, 6, 0],
							"pivot": [9, 19.5, -19.5],
							"rotation": [0, 90, 0],
							"uv": {
								"north": {"uv": [17, 10], "uv_size": [6, 6]}
							}
						},
						{
							"origin": [-6.5, 7.5, -16],
							"size": [7, 7, 1],
							"uv": {
								"north": {"uv": [249, 27], "uv_size": [7, 7]},
								"east": {"uv": [248, 27], "uv_size": [1, 7]},
								"south": {"uv": [249, 27], "uv_size": [7, 7]},
								"west": {"uv": [248, 27], "uv_size": [1, 7]},
								"up": {"uv": [249, 26], "uv_size": [7, 1]},
								"down": {"uv": [249, 27], "uv_size": [7, -1]}
							}
						},
						{
							"origin": [-6.5, 6.5, -23],
							"size": [7, 1, 7],
							"uv": {
								"north": {"uv": [249, 26], "uv_size": [7, 1]},
								"east": {"uv": [249, 26], "uv_size": [7, 1]},
								"south": {"uv": [249, 26], "uv_size": [7, 1]},
								"west": {"uv": [249, 26], "uv_size": [7, 1]},
								"up": {"uv": [249, 27], "uv_size": [7, 7]},
								"down": {"uv": [249, 34], "uv_size": [7, -7]}
							}
						},
						{"origin": [0.8, 24, -25.3], "size": [1, 1, 1], "uv": [6, 75]},
						{"origin": [5.8, 24, -22.3], "size": [1, 1, 1], "uv": [5, 76]}
					]
				},
				{
					"name": "dial_case",
					"parent": "window",
					"pivot": [3, 12, -29],
					"rotation": [-32, 0, 0],
					"cubes": [
						{"origin": [0.5, 9.94805, -32.52992], "size": [4, 4, 4], "uv": [19, 70]},
						{
							"origin": [0.5, 14.14805, -30.12992],
							"size": [4, 0, 1],
							"uv": {
								"down": {"uv": [23, 74], "uv_size": [4, -1]}
							}
						},
						{
							"origin": [-1.5, 10.3, -29.5],
							"size": [8, 3, 2],
							"uv": {
								"north": {"uv": [20, 75], "uv_size": [8, 3]},
								"east": {"uv": [18, 75], "uv_size": [2, 3]},
								"south": {"uv": [28, 75], "uv_size": [8, 3]},
								"west": {"uv": [28, 75], "uv_size": [2, 3]},
								"up": {"uv": [20, 73], "uv_size": [8, 2]},
								"down": {"uv": [28, 75], "uv_size": [8, -2]}
							}
						}
					]
				},
				{
					"name": "dial",
					"parent": "dial_case",
					"pivot": [2.5, 14.04805, -25.12992],
					"rotation": [0, -15, 0],
					"cubes": [
						{
							"origin": [2.25, 14.04805, -31.12992],
							"size": [0.5, 0, 1.5],
							"uv": {
								"up": {"uv": [14, 67], "uv_size": [1, 3]}
							}
						}
					]
				},
				{
					"name": "bell",
					"parent": "train_main",
					"pivot": [0, 2.5, 0],
					"cubes": [
						{"origin": [6, 23.5, -22], "size": [0.5, 3, 0.5], "uv": [15, 74]},
						{"origin": [5.8, 22.5, -22.3], "size": [1, 1, 1], "uv": [8, 71]}
					]
				},
				{
					"name": "whistle",
					"parent": "train_main",
					"pivot": [0, 11.5, 4],
					"cubes": [
						{"origin": [1, 23.5, -25], "size": [0.5, 3, 0.5], "uv": [15, 74]},
						{"origin": [0.8, 22.5, -25.3], "size": [1, 1, 1], "uv": [10, 64]}
					]
				},
				{
					"name": "lights",
					"parent": "train_main",
					"pivot": [0, 2.5, 0],
					"cubes": [
						{
							"origin": [5.5, 15.5, -30],
							"size": [1, 1, 2],
							"uv": {
								"north": {"uv": [12, 77], "uv_size": [1, 1]},
								"east": {"uv": [10, 77], "uv_size": [2, 1]},
								"south": {"uv": [11, 75], "uv_size": [1, 1]},
								"west": {"uv": [11, 76], "uv_size": [2, 1]},
								"up": {"uv": [12, 75], "uv_size": [1, 2]},
								"down": {"uv": [13, 77], "uv_size": [1, -2]}
							}
						}
					]
				},
				{
					"name": "speed",
					"parent": "train_main",
					"pivot": [-5, 15.55, -29.5],
					"rotation": [-45, 0, 0],
					"cubes": [
						{"origin": [-5.5, 14.3, -30], "size": [1, 4, 1], "uv": [30, 73]}
					]
				},
				{
					"name": "window2",
					"parent": "train_main",
					"pivot": [-9, 13.5, -19.5],
					"cubes": [
						{
							"origin": [-7.5, 16.5, -20.5],
							"size": [1, 8, 0.5],
							"pivot": [-9, 20.5, -20.5],
							"rotation": [0, 90, 0],
							"uv": {
								"north": {"uv": [24, 30], "uv_size": [-1, 8]},
								"east": {"uv": [23, 30], "uv_size": [1, 8]},
								"south": {"uv": [24, 30], "uv_size": [-1, 8]},
								"west": {"uv": [23, 38], "uv_size": [1, -8]},
								"up": {"uv": [24, 31], "uv_size": [-1, -1]},
								"down": {"uv": [24, 38], "uv_size": [-1, -1]}
							}
						},
						{
							"origin": [-12.5, 16.5, -28.5],
							"size": [6, 1, 0.5],
							"pivot": [-9, 13.5, -28.5],
							"rotation": [0, 90, 0],
							"uv": {
								"north": {"uv": [24, 37], "uv_size": [-1, 1]},
								"east": {"uv": [16, 37], "uv_size": [8, 1]},
								"south": {"uv": [17, 37], "uv_size": [-1, 1]},
								"west": {"uv": [16, 38], "uv_size": [8, -1]},
								"up": {"uv": [24, 38], "uv_size": [-8, -1]},
								"down": {"uv": [24, 38], "uv_size": [-8, -1]}
							}
						},
						{
							"origin": [-7.5, 16.5, -22.5],
							"size": [1, 8, 0.5],
							"pivot": [-9, 20.5, -22.5],
							"rotation": [0, 90, 0],
							"uv": {
								"north": {"uv": [24, 30], "uv_size": [-1, 8]},
								"east": {"uv": [23, 30], "uv_size": [1, 8]},
								"south": {"uv": [24, 30], "uv_size": [-1, 8]},
								"west": {"uv": [16, 38], "uv_size": [1, -8]},
								"up": {"uv": [24, 31], "uv_size": [-1, -1]},
								"down": {"uv": [24, 38], "uv_size": [-1, -1]}
							}
						},
						{
							"origin": [-12.5, 23.5, -28.5],
							"size": [6, 1, 0.5],
							"pivot": [-9, 20.5, -28.5],
							"rotation": [0, 90, 0],
							"uv": {
								"north": {"uv": [24, 30], "uv_size": [-1, 1]},
								"east": {"uv": [16, 30], "uv_size": [8, 1]},
								"south": {"uv": [17, 30], "uv_size": [-1, 1]},
								"west": {"uv": [16, 31], "uv_size": [8, -1]},
								"up": {"uv": [24, 31], "uv_size": [-8, -1]},
								"down": {"uv": [24, 31], "uv_size": [-8, -1]}
							}
						},
						{
							"origin": [-7.5, 16.5, -29.5],
							"size": [1, 8, 0.5],
							"pivot": [-9, 20.5, -29.5],
							"rotation": [0, 90, 0],
							"uv": {
								"north": {"uv": [24, 30], "uv_size": [-1, 8]},
								"east": {"uv": [23, 30], "uv_size": [1, 8]},
								"south": {"uv": [24, 30], "uv_size": [-1, 8]},
								"west": {"uv": [23, 38], "uv_size": [1, -8]},
								"up": {"uv": [24, 31], "uv_size": [-1, -1]},
								"down": {"uv": [24, 38], "uv_size": [-1, -1]}
							}
						},
						{
							"origin": [-12.5, 23.5, -19.5],
							"size": [6, 1, 0.5],
							"pivot": [-9, 20.5, -19.5],
							"rotation": [0, 90, 0],
							"uv": {
								"north": {"uv": [24, 30], "uv_size": [-1, 1]},
								"east": {"uv": [16, 30], "uv_size": [8, 1]},
								"south": {"uv": [17, 30], "uv_size": [-1, 1]},
								"west": {"uv": [16, 31], "uv_size": [8, -1]},
								"up": {"uv": [24, 31], "uv_size": [-8, -1]},
								"down": {"uv": [24, 31], "uv_size": [-8, -1]}
							}
						},
						{
							"origin": [-7.5, 16.5, -13.5],
							"size": [1, 8, 0.5],
							"pivot": [-9, 20.5, -13.5],
							"rotation": [0, 90, 0],
							"uv": {
								"north": {"uv": [24, 30], "uv_size": [-1, 8]},
								"east": {"uv": [23, 30], "uv_size": [1, 8]},
								"south": {"uv": [24, 30], "uv_size": [-1, 8]},
								"west": {"uv": [16, 38], "uv_size": [1, -8]},
								"up": {"uv": [24, 31], "uv_size": [-1, -1]},
								"down": {"uv": [24, 38], "uv_size": [-1, -1]}
							}
						},
						{
							"origin": [-12.5, 16.5, -19.5],
							"size": [6, 1, 0.5],
							"pivot": [-9, 13.5, -19.5],
							"rotation": [0, 90, 0],
							"uv": {
								"north": {"uv": [24, 37], "uv_size": [-1, 1]},
								"east": {"uv": [16, 37], "uv_size": [8, 1]},
								"south": {"uv": [17, 37], "uv_size": [-1, 1]},
								"west": {"uv": [16, 38], "uv_size": [8, -1]},
								"up": {"uv": [24, 38], "uv_size": [-8, -1]},
								"down": {"uv": [24, 38], "uv_size": [-8, -1]}
							}
						}
					]
				},
				{
					"name": "door_left",
					"parent": "train_main",
					"pivot": [9.66667, 12.33333, -15],
					"cubes": [
						{"origin": [8.5, 6.5, -23], "size": [1, 10, 8], "uv": [52, 206]},
						{"origin": [9.5, 12.5, -23], "size": [1, 2, 8], "uv": [57, 25]},
						{"origin": [9.5, 8.5, -23], "size": [1, 4, 2], "uv": [67, 27]},
						{"origin": [9.5, 6.5, -23], "size": [1, 2, 8], "uv": [67, 27]},
						{"origin": [9.5, 8.5, -17], "size": [1, 4, 2], "uv": [77, 29]}
					]
				},
				{
					"name": "door_right",
					"parent": "train_main",
					"pivot": [-9.66667, 12.33333, -15],
					"cubes": [
						{"origin": [-9.5, 6.5, -23], "size": [1, 10, 8], "uv": [52, 206], "mirror": true},
						{"origin": [-10.5, 12.5, -23], "size": [1, 2, 8], "uv": [57, 25], "mirror": true},
						{"origin": [-10.5, 8.5, -17], "size": [1, 4, 2], "uv": [77, 29], "mirror": true},
						{"origin": [-10.5, 6.5, -23], "size": [1, 2, 8], "uv": [67, 27], "mirror": true},
						{"origin": [-10.5, 8.5, -23], "size": [1, 4, 2], "uv": [67, 27], "mirror": true}
					]
				},
				{
					"name": "stair_right",
					"parent": "train_main",
					"pivot": [-10, 5, 55.5]
				},
				{
					"name": "light",
					"parent": "train_main",
					"pivot": [-0.07, 13.8525, -42.995],
					"cubes": [
						{"origin": [-1.495, 12.5025, -43.02], "size": [3, 3, 1], "uv": [0, 9]}
					]
				}
			]
		}
	]
}