{
    "format_version": "1.8.0",
    "minecraft:attachable": {
        "description": {
            "identifier": "lifeboat_ta:metal_train_whistle",
            "materials": {
                "default": "entity_alphatest"
            },
            "textures": {
                "default": "textures/lifeboat/TA/entity/whistles/metal_train_whistle"
            },
            "geometry": {
                "default": "geometry.metal_train_whistle"
            },
            "render_controllers": ["controller.render.default"]
        }
    }
}