{
  "format_version":"1.8.0",
  "render_controllers": {
    "controller.render.lb_ta_liquid_type": {
      "arrays": {
        "textures": {
          "Array.liquids": 
          [ 
            "Texture.empty", 
            "Texture.water",
            "Texture.lava",
            "Texture.milk"
          ]
        }
      },
      "geometry": "Geometry.default",      
      "materials": [ 
        { "*": "Material.alphatest" } 
      ],
      "textures": [ 
        "Array.liquids[query.property('lifeboat_ta:liquid_type')]"
      ]
    },
    "controller.render.lb_ta_emptiness_level": {
      "arrays": {
        "textures": {
          "Array.emptiness_level": 
          [ "Texture.empty",
            "Texture.lvl1", 
            "Texture.lvl2",
            "Texture.lvl3",
            "Texture.lvl4",
            "Texture.lvl5",
            "Texture.lvl6",
            "Texture.lvl7",
            "Texture.lvl8",
            "Texture.lvl9",
            "Texture.lvl10",
            "Texture.lvl11",
            "Texture.lvl12"
          ]
        }
      },
      "geometry": "Geometry.default",      
      "materials": [ 
        { "*": "Material.alphatest" } 
      ],
      "textures": [ "Array.emptiness_level[query.property('lifeboat_ta:liquid_level')]" ]
    },
    "controller.render.lb_ta_base": {
      "textures":  ["Texture.default"],
      "geometry": "Geometry.default",
      "materials": [
        {"*": "Material.default"},
        {"tanklevel": "Material.alphatest"}
      ]
    }
  }
}