{
  "format_version": "1.8.0",
  "render_controllers": {
    "controller.render.lb_ta_book": {
      "arrays": {
        "textures": {
          "Array.skins": [
            "Texture.text0",
            "Texture.text1",
            "Texture.text2",
            "Texture.text3",
            "Texture.text4",
            "Texture.text5",
            "Texture.text6",
            "Texture.text7",
            "Texture.text8",
            "Texture.text9",
      			"Texture.text10",
      			"Texture.text11",
      			"Texture.text12",
      			"Texture.text13",
      			"Texture.text14",
      			"Texture.text15",
      			"Texture.text16",
      			"Texture.text17",
      			"Texture.text18",
      			"Texture.text19",
      			"Texture.text20",
      			"Texture.text21",
      			"Texture.text22",
      			"Texture.text23",
      			"Texture.text24",
      			"Texture.text25",
      			"Texture.text26",
      			"Texture.text27",
      			"Texture.text28",
      			"Texture.text29",
      			"Texture.text30",
      			"Texture.text31",
      			"Texture.text32",
      			"Texture.text33",
      			"Texture.text34"
          ]
        }
      },
      "geometry": "Geometry.default",
      "materials": [{ "*": "Material.default" }],
      "textures": ["Array.skins[query.variant]"]
    }
  }
}
