{
    "format_version": "1.8.0",
    "render_controllers": {
        "controller.render.lb_ta_crossing_arm": {
            "arrays": {
                "textures": {
                    "Array.lights": [
                        "Texture.default",
                        "Texture.light1",
                        "Texture.light2"
                    ]
                },
                "materials": {
                    "Array.materials": [
                        "Material.default",
                        "Material.lights"
                    ]
                }
            },
            "geometry": "Geometry.default",
            "materials": [
                {"*": "Array.materials[!query.property('lifeboat_ta:arm_down') ? 0 : 1]"}
            ],
            "textures": ["Array.lights[!(query.property('lifeboat_ta:arm_down') && query.has_target) ? 0 : query.skin_id]"]
        }
    }
}