{
  "format_version": "1.8.0",
  "render_controllers": {
    "controller.render.display_front": {
      "geometry": "geometry.display_front",
      "materials": [
        {
          "*": "Material.default"
        }
      ],
      "textures": [
        "Texture.display"
      ]
    },
    "controller.render.display_back": {
      "geometry": "geometry.display_back",
      "materials": [
        {
          "*": "Material.default"
        }
      ],
      "textures": [
        "Texture.display"
      ]
    }
  }
}