{
    "format_version":"1.8.0",
    "render_controllers": {
        "controller.render.lb_ta_log_trainvagon": {
            "arrays": {
                "geometries": {
                  "Array.geos": 
                  [ 
                  "Geometry.default", 
                  "Geometry.log1", 
                  "Geometry.log2", 
                  "Geometry.log3", 
                  "Geometry.log4"
                    ] 
                },
                "textures": {
                    "Array.skins": 
                    [ 
                      "Texture.color_0", 
                      "Texture.color_1",
                      "Texture.color_2", 
                      "Texture.color_3",
                      "Texture.color_4",
                      "Texture.color_5",
                      "Texture.color_6",
                      "Texture.color_7",
                      "Texture.color_8",
                      "Texture.color_9",
                      "Texture.color_10",
                      "Texture.color_11"
                    ]
                  }
            },
            "geometry": "Array.geos[query.property('lifeboat_ta:has_log')]",            
            "materials": [ { "*": "Material.default" }],
            "textures": [ "Array.skins[query.skin_id]" ]
        }
    }
}