{
    "format_version": "1.8.0",
    "render_controllers": {
        "controller.render.lb_ta_upgtel_base": {
            "textures":  ["Texture.default"],
            "geometry": "Geometry.default",
            "materials": [
                {"*": "Material.default"},
                {"light": "Material.light"},
                {"window": "Material.window"},
                {"lights": "Material.window"},
                {"speed": "Material.window"},
                {"dial": "Material.window"},
                {"dial_case": "Material.dial"},
                {"bell": "Material.window"},
                {"whistle": "Material.window"}
            ]
        },
        "controller.render.lb_ta_upgtel_aem_7": {
            "textures":  ["Texture.default"],
            "geometry": "Geometry.default",
            "materials": [
                {"*": "Material.default"},
                {"light": "Material.light"},
                {"window": "Material.window"},
                {"lights": "Material.window"},
                {"speed": "Material.window"},
                {"screen": "Material.window"},
                {"dial": "Material.window"},
                {"dial2": "Material.window"},
                {"dial_case": "Material.window"},
                {"dial_case2": "Material.window"},
                {"bell": "Material.window"},
                {"whistle": "Material.window"}
            ]
        },
        "controller.render.lb_ta_upgtel_steam": {
            "textures":  ["Texture.default"],
            "geometry": "Geometry.default",
            "materials": [
                {"*": "Material.default"},
                {"light": "Material.light"},
                {"window": "Material.window"},
                {"lights": "Material.window"},
                {"speed": "Material.window"},
                {"dial": "Material.window"},
                {"dial_case": "Material.dial"},
                {"the_dial_itself": "Material.dial"},
                {"bell": "Material.window"},
                {"whistle": "Material.window"}
            ]
        },
        "controller.render.lb_ta_upgtel_cab": {
            "textures":  ["Texture.default"],
            "geometry": "Geometry.default",
            "materials": [
                {"*": "Material.default"},
                {"light": "Material.light"},
                {"window": "Material.window"},
                {"lights": "Material.window"},
                {"speed": "Material.window"},
                {"bell": "Material.window"},
                {"whistle": "Material.window"}
            ]
        },
        "controller.render.lb_ta_upgtel_light": {
            "textures": [ "Texture.light"
            ],
            "geometry": "Geometry.default",
            "materials": [               
                {"*": "(query.property('lifeboat_ta:light_on')) ? Material.light : Material.window"}
            ]
        },
        "controller.render.lb_ta_metro_base": {
            "textures":  ["Texture.default"],
            "geometry": "Geometry.default",
            "materials": [
                {"*": "Material.default"},
                {"light": "Material.light"},
                {"window": "Material.window"},
                {"lights": "Material.window"},
                {"speed": "Material.window"},
                {"bell": "Material.window"},
                {"dial": "Material.window"},
                {"dial_case": "Material.window"},
                {"whistle": "Material.window"},
                {"door_win1": "Material.window"},
                {"door_win2": "Material.window"},
                {"door_win3": "Material.window"},
                {"door_win4": "Material.window"}
            ]
        },
        "controller.render.lb_ta_subway_base": {
            "textures":  ["Texture.default"],
            "geometry": "Geometry.default",
            "materials": [
                {"*": "Material.default"},
                {"light": "Material.light"},
                {"window": "Material.window"},
                {"lights": "Material.window"},
                {"speed": "Material.window"},
                {"bell": "Material.window"},
                {"dial": "Material.window"},
                {"dial_case": "Material.window"},
                {"whistle": "Material.window"},
                {"door_win1": "Material.window"},
                {"door_win2": "Material.window"},
                {"door_win3": "Material.window"},
                {"door_win4": "Material.window"},
                {"door_win5": "Material.window"},
                {"door_win6": "Material.window"},
                {"door_win7": "Material.window"},
                {"door_win8": "Material.window"}
            ]
        },
        "controller.render.lb_ta_subway_car": {
            "textures":  ["Texture.default"],
            "geometry": "Geometry.default",
            "materials": [
                {"*": "Material.default"},
                {"window": "Material.window"},
                {"lever": "Material.window"},
                {"lever2": "Material.window"},
                {"door_win1": "Material.window"},
                {"door_win2": "Material.window"},
                {"door_win3": "Material.window"},
                {"door_win4": "Material.window"},
                {"door_win5": "Material.window"},
                {"door_win6": "Material.window"},
                {"door_win7": "Material.window"},
                {"door_win8": "Material.window"}
            ]
        }
    }
}