{
	"format_version": "1.10.0",
	"particle_effect": {
		"description": {
			"identifier": "lb_ta:furnace_flame",
			"basic_render_parameters": {
				"material": "particles_blend",
				"texture": "textures/particle/particles"
			}
		},
		"components": {
			"minecraft:emitter_local_space": {
				"position": true,
				"rotation": false
			},
			"minecraft:emitter_rate_instant": {
				"num_particles": "math.random(3, 9)"
			},
			"minecraft:emitter_lifetime_once": {
				"active_time": 0.1
			},
			"minecraft:emitter_shape_box": {
				"half_dimensions": [0.1, 0.1, 0],
				"direction": ["math.random(-0.5, 0.5)", "math.random(-1, 1)  ", "math.random(-0.5, 0)"]
			},
			"minecraft:particle_lifetime_expression": {
				"max_lifetime": "Math.random(0.6, 1.3)"
			},
			"minecraft:particle_initial_speed": "math.random(0.1, 0.3)",
			"minecraft:particle_motion_dynamic": {
				"linear_acceleration": ["math.random(-1,1)", 2, "math.random(-1,0)"]
			},
			"minecraft:particle_appearance_billboard": {
				"size": ["(0.025 + variable.particle_random_1*0.025) - (0.025 * variable.particle_age)", "(0.025 + variable.particle_random_1*0.025) - (0.025 * variable.particle_age)"],
				"facing_camera_mode": "lookat_xyz",
				"uv": {
					"texture_width": 128,
					"texture_height": 128,
					"uv": [0, 24],
					"uv_size": [8, 8]
				}
			},
			"minecraft:particle_appearance_tinting": {
				"color": [1, 1, 1, "Math.clamp(1 + -Math.pow( (variable.particle_age + query.frame_alpha) / variable.particle_lifetime, 1), 0, 1)"]
			}
		}
	}
}