{
	"format_version": "1.10.0",
	"particle_effect": {
		"description": {
			"identifier": "lb_ta:locomotive_steam_chimney",
			"basic_render_parameters": {
				"material": "particles_blend",
				"texture": "textures/particle/campfire_smoke"
			}
		},
		"components": {
			"minecraft:emitter_local_space": {
				"position": false,
				"rotation": false,
				"velocity": true
			},
			"minecraft:emitter_initialization": {
				"creation_expression": "v.color_range = 0.08;v.white_start = 0.6;v.white_rate = 5;"
			},
			"minecraft:emitter_rate_steady": {
				"spawn_rate": "math.pow(query.ground_speed/3,3)",
				"max_particles": 1000
			},
			"minecraft:emitter_lifetime_once": {
				"active_time": 1.1
			},
			"minecraft:emitter_shape_point": {
				"direction": ["math.random(0.1,-0.1)", "math.random(3,6)", "math.random(0.1,-0.1)"]
			},
			"minecraft:particle_lifetime_expression": {
				"max_lifetime": "4.9 + math.random(0,0.1)"
			},
			"minecraft:particle_initial_speed": "math.random(5,7)",
			"minecraft:particle_motion_dynamic": {
				"linear_acceleration": [0, 1, 0],
				"linear_drag_coefficient": 2
			},
			"minecraft:particle_appearance_billboard": {
				"size": ["0.5 + variable.particle_age", "0.5 + variable.particle_age * 0.8"],
				"facing_camera_mode": "rotate_xyz",
				"uv": {
					"texture_width": 1,
					"texture_height": 12,
					"flipbook": {
						"base_UV": [0, 0],
						"size_UV": [1, 1],
						"step_UV": [0, 1],
						"max_frame": "math.round(v.particle_random_4 * 4) + 10",
						"stretch_to_lifetime": true
					}
				}
			},
			"minecraft:particle_motion_collision": {
				"enabled": 1,
				"collision_drag": 1,
				"collision_radius": 0.2
			},
			"minecraft:particle_appearance_lighting": {},
			"minecraft:particle_appearance_tinting": {
				"color": ["math.min((v.particle_random_1 * v.color_range) + (v.white_start-v.color_range) + (v.particle_age / v.white_rate),1)", "math.min((v.particle_random_1 * v.color_range) + (v.white_start-v.color_range) + (v.particle_age / v.white_rate),1)", "math.min((v.particle_random_1 * v.color_range) + (v.white_start-v.color_range) + (v.particle_age / v.white_rate),1)", "Math.clamp(1 + -Math.pow( (variable.particle_age + query.frame_alpha) / variable.particle_lifetime, 1), 0, 1)"]
			}
		}
	}
}