{
	"format_version": "1.10.0",
	"particle_effect": {
		"description": {
			"identifier": "lb_ta:steam_release",
			"basic_render_parameters": {
				"material": "particles_blend",
				"texture": "textures/particle/particles"
			}
		},
		"components": {
			"minecraft:emitter_initialization": {
				"creation_expression": "v.color_range = 0.12;v.steam_rate = 0;v.steam_scale_factor = 0;",
				// steam_scale_factor used like this so that it won't complain about 'q.property has no actor' when going out of render distance
				"per_update_expression": "v.steam_scale_factor = v.steam_scale_factor == 0 ? q.property('lb_ta:steam_scale_factor') : v.steam_scale_factor;variable.steam_rate = Math.max((25.6/(query.ground_speed + 2.3)) - 1.5, 0) * (1/v.steam_scale_factor);"
			},
			"minecraft:emitter_rate_steady": {
				"spawn_rate": "variable.steam_rate * 50",
				"max_particles": 1000
			},
			"minecraft:emitter_lifetime_once": {
				"active_time": 1.1
			},
			"minecraft:emitter_shape_point": {
				"direction": ["Math.random(-1,1) * 0.1", 1, "Math.random(-1,1) * 0.1"]
			},
			"minecraft:particle_lifetime_expression": {
				"max_lifetime": "Math.random(0.5,1)"
			},
			"minecraft:particle_initial_speed": "math.random(3,4)",
			"minecraft:particle_motion_dynamic": {
				"linear_acceleration": [0, 0.5, 0],
				"linear_drag_coefficient": 2
			},
			"minecraft:particle_appearance_billboard": {
				"size": [0.1, 0.1],
				"facing_camera_mode": "rotate_xyz",
				"uv": {
					"texture_width": 16,
					"texture_height": 16,
					"flipbook": {
						"base_UV": [3, 0],
						"size_UV": [1, 1],
						"step_UV": [1, 0],
						"max_frame": 5,
						"stretch_to_lifetime": true
					}
				}
			},
			"minecraft:particle_motion_collision": {
				"collision_radius": 0.05
			},
			"minecraft:particle_appearance_lighting": {},
			"minecraft:particle_appearance_tinting": {
				"color": ["(v.particle_random_1 * v.color_range) + (1 - v.color_range)", "(v.particle_random_1 * v.color_range) + (1 - v.color_range)", 1, "Math.clamp(1 + -Math.pow( (variable.particle_age + query.frame_alpha) / variable.particle_lifetime, 1), 0, 1)"]
			}
		}
	}
}