{
	"format_version": "1.10.0",
	"particle_effect": {
		"description": {
			"identifier": "lb_ta:steam_whistle",
			"basic_render_parameters": {
				"material": "particles_blend",
				"texture": "textures/particle/particles"
			}
		},
		"components": {
			"minecraft:emitter_initialization": {
				"creation_expression": "v.color_range = 0.12;",
				"per_update_expression": "variable.max_speed = math.min(variable.emitter_age * 20,4);"
			},
			"minecraft:emitter_rate_steady": {
				"spawn_rate": 600,
				"max_particles": 10000
			},
			"minecraft:emitter_lifetime_expression": {
				"activation_expression": 1,
				"expiration_expression": "variable.emitter_age >= query.property('lifeboat_ta:whistle_length')"
			},
			"minecraft:emitter_shape_disc": {
				"radius": 0.1,
				"direction": ["Math.random(-1,1)", "math.min(variable.emitter_age * 3 + 0.5, 6)", "Math.random(-1,1)"]
			},
			"minecraft:particle_lifetime_expression": {
				"max_lifetime": "Math.random(0.5,1) + (variable.emitter_age * 0.2)"
			},
			"minecraft:particle_initial_speed": "Math.random(Math.max(variable.max_speed - 1, 2), variable.max_speed)",
			"minecraft:particle_motion_dynamic": {
				"linear_acceleration": [0, 0.5, 0],
				"linear_drag_coefficient": 2
			},
			"minecraft:particle_appearance_billboard": {
				"size": [0.1, 0.1],
				"facing_camera_mode": "rotate_xyz",
				"uv": {
					"texture_width": 16,
					"texture_height": 16,
					"flipbook": {
						"base_UV": [1, 0],
						"size_UV": [1, 1],
						"step_UV": [1, 0],
						"max_frame": 7,
						"stretch_to_lifetime": true
					}
				}
			},
			"minecraft:particle_motion_collision": {
				"collision_radius": 0.05
			},
			"minecraft:particle_appearance_lighting": {},
			"minecraft:particle_appearance_tinting": {
				"color": ["(v.particle_random_1 * v.color_range) + (1 - v.color_range)", "(v.particle_random_1 * v.color_range) + (1 - v.color_range)", 1, "Math.clamp(1 + -Math.pow( (variable.particle_age + query.frame_alpha) / variable.particle_lifetime, 1), 0, 1)"]
			}
		}
	}
}