{
	"format_version": "1.12.0",
	"minecraft:geometry": [
		{
			"description": {
				"identifier": "geometry.metal_train_whistle",
				"texture_width": 16,
				"texture_height": 16,
				"visible_bounds_width": 2,
				"visible_bounds_height": 2.5,
				"visible_bounds_offset": [0, 0.75, 0]
			},
			"bones": [
				{
					"name": "root",
					"pivot": [0, 0, 0]
				},
				{
					"name": "waist",
					"parent": "root",
					"pivot": [0, 12, 0]
				},
				{
					"name": "body",
					"parent": "waist",
					"pivot": [0, 24, 0]
				},
				{
					"name": "rightArm",
					"parent": "body",
					"pivot": [-5, 22, 0]
				},
				{
					"name": "whistle",
					"parent": "rightArm",
					"pivot": [-5.99929, 10.61379, -0.2899],
					"rotation": [90, 0, 0],
					"cubes": [
						{"origin": [-7.01, 12.01005, -0.45255], "size": [2.025, 1.4425, 1.4425], "pivot": [-6, 13, 0], "rotation": [-45, 0, 0], "uv": [8, 0], "mirror": true},
						{"origin": [-7, 11.6, -1], "size": [2, 1, 2], "inflate": 0.02, "uv": [0, 7], "mirror": true},
						{"origin": [-6.5, 13.6565, -0.42929], "size": [1, 1, 1], "pivot": [-6, 14.1565, 0.07071], "rotation": [-45, 0, 0], "uv": [8, 4], "mirror": true},
						{"origin": [-6.5, 11.6, -1], "size": [1, 1, 0], "uv": [8, 6], "mirror": true},
						{"origin": [-7, 6.6, -1], "size": [2, 5, 2], "inflate": 0.02, "uv": [0, 0], "mirror": true},
						{"origin": [-7.01, 6.01005, -0.45255], "size": [2.025, 1.4425, 1.4425], "pivot": [-6, 7, 0], "rotation": [-45, 0, 0], "uv": [8, 2], "mirror": true},
						{"origin": [-6.5, 6.6, -1.1], "size": [1, 2, 0], "uv": [8, 7], "mirror": true}
					]
				}
			]
		}
	]
}