{
	"format_version": "1.12.0",
	"minecraft:geometry": [
		{
			"description": {
				"identifier": "geometry.wooden_train_whistle",
				"texture_width": 16,
				"texture_height": 16,
				"visible_bounds_width": 2,
				"visible_bounds_height": 2.5,
				"visible_bounds_offset": [0, 0.75, 0]
			},
			"bones": [
				{
					"name": "root",
					"pivot": [0, 0, 0]
				},
				{
					"name": "waist",
					"parent": "root",
					"pivot": [0, 12, 0]
				},
				{
					"name": "body",
					"parent": "waist",
					"pivot": [0, 24, 0]
				},
				{
					"name": "rightArm",
					"parent": "body",
					"pivot": [-5, 22, 0]
				},
				{
					"name": "whistle",
					"parent": "rightArm",
					"pivot": [-5.99937, 11.5175, -2],
					"rotation": [90, 0, 0],
					"cubes": [
						{"origin": [-7, 12, -3], "size": [2, 2, 2], "inflate": 0.02, "uv": [0, 8], "mirror": true},
						{"origin": [-7.01, 10.41005, -2.98995], "size": [2.025, 1.4425, 1.4425], "pivot": [-6, 11.4, -2], "rotation": [45, 0, 0], "uv": [8, 0], "mirror": true},
						{"origin": [-7, 5, -3], "size": [2, 6, 2], "inflate": 0.02, "uv": [0, 0], "mirror": true},
						{"origin": [-6.5, 14.05, -2.5], "size": [1, 0, 1], "uv": [8, 2], "mirror": true}
					]
				}
			]
		}
	]
}