{
  "format_version": "1.16.0",
  "minecraft:entity": {
    "description": {
      "identifier": "lifeboat_ta:right",
      "is_spawnable": false,
      "is_summonable": true,
      "is_experimental": false,
      "scripts": {
        "animate": ["activ_ability", "lifeboat_ta_book","shrink"]
      },
      "animations": {
        "activ_ability": "controller.animation.lifeboat_ta_right",
        "shrink":"controller.animation.lifeboat_ta_despawn_book",
        "lifeboat_ta_book": "animation.lifeboat_ta.book"
      }
    },
    "component_groups": {
      "right_on": {
        "minecraft:variant": {
          "value": 0
        }
      },
      "button_1": {
        "minecraft:variant": {
          "value": 1
        },
        "minecraft:timer": {
          "time": 0.1,
          "looping": false,
          "time_down_event": {
            "event": "right_on",
            "target": "self"
          }
        }
      },
      "shrink": {
        "minecraft:mark_variant": {
          "value": 1
        }
      },
      "destroy": {
        "minecraft:explode": {
          "fuse_length": -0.5,
          "fuse_lit": true,
          "power": 0,
          "causes_fire": false,
          "destroy_affected_by_griefing": false
        }
      }
    },
    "components": {
      "minecraft:fire_immune": {
      },
      "minecraft:interact": {
        "interactions": [
          {
            "on_interact": {
              "filters": {
                "all_of": [
                  { "test": "is_family", "subject": "other", "value": "player" }
                ]
              },
              "event": "button_1",
              "target": "self"
            }
          }
        ]
      },
      
      "minecraft:damage_sensor": {
        "triggers": {
          "deals_damage": false,
          "on_damage": {
            "filters": {
              "all_of": [
                {
                  "test": "has_damage",
                  "value": "attack"
                }
              ]
            },
            "event": "shrink",
            "target": "self"
          }
        }
      },
      "minecraft:type_family": {
        "family": ["right"]
      },
      "minecraft:balloonable": {},
      "minecraft:breathable": {
        "suffocateTime": 0,
        "totalSupply": 15
      },
      "minecraft:collision_box": {
        "height": 1.0,
        "width": 0.8
      },

      "minecraft:health": {
        "value": {
          "range_max": 3,
          "range_min": 3
        }
      }
    },
    "events": {
      "minecraft:entity_spawned": {
        "add": {
          "component_groups": ["right_on"]
        }
      },
      "button_1": {
        "remove": {
          "component_groups": ["right_on"]
        },
        "add": {
          "component_groups": ["button_1"]
        }
      },
      "right_on": {
        "remove": {
          "component_groups": ["button_1"]
        },
        "add": {
          "component_groups": ["right_on"]
        }
      },
      "shrink":{
        "add": {
          "component_groups": ["shrink"]
        }
      },
      "destroy": {
        "remove": {
          "component_groups": []
        },
        "add": {
          "component_groups": ["destroy"]
        }
      }
    }
  }
}
