{
  "format_version": "1.10.0",
  "animation_controllers": {
    
    "controller.animation.lifeboat_ta_right": {
      "states": {
        "default": {
          "transitions": [
            {
              "button": "query.variant == 1"
            }
          ]
        },

        "button": {
          "on_entry": [
            
            "/playanimation @e[type=lifeboat_ta:book,r=1.5] page_forward"
          ],
          "animations": ["lifeboat_ta_book"],
          "transitions": [
            {
              "default": "query.any_animation_finished"
            }
          ],
          "on_exit": ["/event entity @e[type=lifeboat_ta:book,r=1.5] right"]
        }
        }
      },
      "controller.animation.lifeboat_ta_mark": {
        "states": {
          "default": {
            "transitions": [
              {
                "button": "query.variant == 1"
              }
            ]
          },
  
          "button": {
            "on_entry": [
              
              "/playanimation @e[type=lifeboat_ta:book,r=1.5] page_forward"
            ],
            "animations": ["lifeboat_ta_book"],
            "transitions": [
              {
                "default": "query.any_animation_finished"
              }
            ],
            "on_exit": ["/event entity @e[type=lifeboat_ta:book,r=1.5] mark"]
          }
          }
        },
        "controller.animation.lifeboat_ta_mark2": {
          "states": {
            "default": {
              "transitions": [
                {
                  "button": "query.variant == 1"
                }
              ]
            },
    
            "button": {
              "on_entry": [
                "/playanimation @e[type=lifeboat_ta:book,r=1.5] page_back"
              ],
              "animations": ["lifeboat_ta_book"],
              "transitions": [
                {
                  "default": "query.any_animation_finished"
                }
              ],
              "on_exit": ["/event entity @e[type=lifeboat_ta:book,r=1.5] mark2"]
            }
          }
          
        },
        "controller.animation.lifeboat_ta_mark3": {
          "states": {
            "default": {
              "transitions": [
                {
                  "button": "query.variant == 1"
                }
              ]
            },
    
            "button": {
              "on_entry": [
                "/playanimation @e[type=lifeboat_ta:book,r=1.5] page_forward"
              ],
              "animations": ["lifeboat_ta_book"],
              "transitions": [
                {
                  "default": "query.any_animation_finished"
                }
              ],
              "on_exit": ["/event entity @e[type=lifeboat_ta:book,r=1.5] mark3"]
            }
          }
          
        },
    "controller.animation.lifeboat_ta_left": {
      "states": {
        "default": {
          "transitions": [
            {
              "button": "query.variant == 1"
            }
          ]
        },

        "button": {
          "on_entry": [
            "/playanimation @e[type=lifeboat_ta:book,r=1.5] page_back"
          ],
          "animations": ["lifeboat_ta_book"],
          "transitions": [
            {
              "default": "query.any_animation_finished"
            }
          ],
          "on_exit": ["/event entity @e[type=lifeboat_ta:book,r=1.5] left"]
        }
      }
      
    },
    "controller.animation.lifeboat_ta_despawn_book": {
      "states": {
        "default": {
          "transitions": [
            {
              "speak": "query.mark_variant == 1"
            }
          ]
        },
        "speak": {
          "on_entry": [
            "/playanimation @e[type=lifeboat_ta:book,r=1.5] despawn",
            "/event entity @e [type=lifeboat_ta:book,r=1.5] drop_egg_0",
            "/event entity @e[type=lifeboat_ta:left,r=1.5] destroy",
            "/event entity @e[type=lifeboat_ta:right,r=1.5] destroy",
			      "/event entity @e[type=lifeboat_ta:mark,r=1.5] destroy",
            "/event entity @e[type=lifeboat_ta:mark2,r=1.5] destroy",
            "/event entity @e[type=lifeboat_ta:mark3,r=1.5] destroy"
          ],
          "transitions": [
            {
              "default": "query.mark_variant == 0"
            }
          ]
        }
      }
    }
  }
}
