{
    "format_version": "1.21.60",
    "minecraft:item": {
        "description": {
            "identifier": "lifeboat_ta:conductor_pants",
            "menu_category": {
                "category": "equipment",
                "group": "minecraft:itemGroup.name.leggings"
            }
        },
        "components": {
            "minecraft:icon": "lb.conductor_pants",
            "minecraft:max_stack_size": 1,
            "minecraft:enchantable": {
                "value": 10,
                "slot": "armor_legs"
            },
            "minecraft:repairable": {
                "repair_items": [
                    {
                        "items": ["minecraft:black_wool"],
                        "repair_amount": "context.other->q.remaining_durability + 0.05 * context.other->q.max_durability"
                    }
                ]
            },
            "minecraft:wearable": {
                "slot": "slot.armor.legs",
                "protection": 2
            },
            "minecraft:durability": {
                "max_durability": 75
            }
        }
    }
}